season,week,contestant_row,celebrity_name,ballroom_partner,placement,results,judge_total_S,judge_share_Q,fan_share_P,fan_votes_V,composite_C
1,1,2,John O'Hurley,Charlotte Jorgensen,2,2nd Place,6.666666666666667,0.18348623853211007,0.238095238095238,2380952.3809523806,0.4215814766273481
1,1,4,Rachel Hunter,Jonathan Roberts,4,Eliminated Week 4,6.666666666666667,0.18348623853211007,0.238095238095238,2380952.3809523806,0.4215814766273481
1,1,1,Joey McIntyre,Ashly DelGrosso,3,3rd Place,6.666666666666667,0.18348623853211007,0.238095238095238,2380952.3809523806,0.4215814766273481
1,1,0,Evander Holyfield,Edyta Sliwinska,5,Eliminated Week 3,6.0,0.16513761467889906,0.119047619047619,1190476.1904761903,0.28418523372651805
1,1,5,Trista Sutter,Louis van Amstel,6,Eliminated Week 2,6.0,0.16513761467889906,0.119047619047619,1190476.1904761903,0.28418523372651805
1,1,3,Kelly Monaco,Alec Mazo,1,1st Place,4.333333333333333,0.11926605504587154,0.0476190476190476,476190.47619047615,0.16688510266491913
1,2,0,Evander Holyfield,Edyta Sliwinska,5,Eliminated Week 3,4.666666666666667,0.11570247933884298,0.2857142857142857,2857142.857142857,0.4014167650531287
1,2,3,Kelly Monaco,Alec Mazo,1,1st Place,5.666666666666667,0.14049586776859505,0.238095238095238,2380952.3809523806,0.37859110586383304
1,2,1,Joey McIntyre,Ashly DelGrosso,3,3rd Place,7.0,0.17355371900826444,0.1904761904761904,1904761.9047619049,0.36402990948445485
1,2,4,Rachel Hunter,Jonathan Roberts,4,Eliminated Week 4,8.0,0.1983471074380165,0.1428571428571428,1428571.4285714284,0.34120425029515933
1,2,2,John O'Hurley,Charlotte Jorgensen,2,2nd Place,8.666666666666666,0.21487603305785122,0.0952380952380952,952380.9523809524,0.3101141282959464
1,2,5,Trista Sutter,Louis van Amstel,6,Eliminated Week 2,6.333333333333333,0.15702479338842973,0.0476190476190476,476190.47619047615,0.20464384100747735
1,3,3,Kelly Monaco,Alec Mazo,1,1st Place,7.0,0.1981132075471698,0.3333333333333333,3333333.333333333,0.5314465408805031
1,3,1,Joey McIntyre,Ashly DelGrosso,3,3rd Place,7.333333333333333,0.20754716981132074,0.2666666666666666,2666666.6666666665,0.4742138364779873
1,3,2,John O'Hurley,Charlotte Jorgensen,2,2nd Place,8.0,0.22641509433962262,0.2,2000000.0,0.42641509433962266
1,3,4,Rachel Hunter,Jonathan Roberts,4,Eliminated Week 4,8.666666666666666,0.2452830188679245,0.1333333333333333,1333333.3333333333,0.3786163522012578
1,3,0,Evander Holyfield,Edyta Sliwinska,5,Eliminated Week 3,4.333333333333333,0.12264150943396225,0.0666666666666666,666666.6666666666,0.18930817610062883
1,4,1,Joey McIntyre,Ashly DelGrosso,3,3rd Place,6.666666666666667,0.21739130434782608,0.4,4000000.0,0.6173913043478261
1,4,2,John O'Hurley,Charlotte Jorgensen,2,2nd Place,7.0,0.22826086956521738,0.3,3000000.0,0.5282608695652173
1,4,3,Kelly Monaco,Alec Mazo,1,1st Place,8.666666666666666,0.2826086956521739,0.2,2000000.0,0.4826086956521739
1,4,4,Rachel Hunter,Jonathan Roberts,4,Eliminated Week 4,8.333333333333334,0.2717391304347826,0.1,1000000.0,0.37173913043478257
1,5,3,Kelly Monaco,Alec Mazo,1,1st Place,7.833333333333333,0.3219178082191781,0.5,5000000.0,0.821917808219178
1,5,2,John O'Hurley,Charlotte Jorgensen,2,2nd Place,9.0,0.36986301369863017,0.3333333333333333,3333333.333333333,0.7031963470319635
1,5,1,Joey McIntyre,Ashly DelGrosso,3,3rd Place,7.5,0.3082191780821918,0.1666666666666666,1666666.6666666665,0.4748858447488584
1,6,3,Kelly Monaco,Alec Mazo,1,1st Place,9.166666666666666,0.5045871559633028,0.6666666666666666,6666666.666666666,1.1712538226299696
1,6,2,John O'Hurley,Charlotte Jorgensen,2,2nd Place,9.0,0.49541284403669733,0.3333333333333333,3333333.333333333,0.8287461773700306
2,1,1,George Hamilton,Edyta Sliwinska,5,Eliminated Week 6,6.0,0.09230769230769231,0.1636363636363636,1636363.6363636365,0.2559440559440559
2,1,6,Master P,Ashly DelGrosso,7,Eliminated Week 4,4.0,0.06153846153846154,0.1818181818181818,1818181.818181818,0.24335664335664334
2,1,5,Lisa Rinna,Louis van Amstel,4,Eliminated Week 7,6.333333333333333,0.09743589743589744,0.1454545454545454,1454545.4545454546,0.24289044289044281
2,1,9,Tia Carrere,Maksim Chmerkoskiy,6,Eliminated Week 5,6.666666666666667,0.10256410256410257,0.1272727272727272,1272727.2727272727,0.2298368298368298
2,1,3,Jerry Rice,Anna Trebunskaya,2,2nd Place,7.0,0.1076923076923077,0.109090909090909,1090909.0909090908,0.21678321678321671
2,1,7,Stacy Keibler,Tony Dovolani,3,3rd Place,7.333333333333333,0.11282051282051282,0.0909090909090909,909090.9090909092,0.20372960372960372
2,1,8,Tatum O'Neal,Nick Kosovich,9,Eliminated Week 2,7.666666666666667,0.11794871794871796,0.0727272727272727,727272.7272727273,0.19067599067599067
2,1,2,Giselle Fernandez,Jonathan Roberts,8,Eliminated Week 3,7.666666666666667,0.11794871794871796,0.0545454545454545,545454.5454545454,0.17249417249417245
2,1,0,Drew Lachey,Cheryl Burke,1,1st Place,8.0,0.12307692307692308,0.0363636363636363,363636.3636363637,0.15944055944055938
2,1,4,Kenny Mayne,Andrea Hale,10,Eliminated Week 1,4.333333333333333,0.06666666666666667,0.0181818181818181,181818.18181818185,0.08484848484848477
2,2,6,Master P,Ashly DelGrosso,7,Eliminated Week 4,5.333333333333333,0.07999999999999999,0.2,2000000.0,0.28
2,2,5,Lisa Rinna,Louis van Amstel,4,Eliminated Week 7,6.666666666666667,0.09999999999999999,0.1777777777777777,1777777.7777777778,0.2777777777777777
2,2,9,Tia Carrere,Maksim Chmerkoskiy,6,Eliminated Week 5,7.333333333333333,0.10999999999999999,0.1555555555555555,1555555.5555555555,0.2655555555555555
2,2,1,George Hamilton,Edyta Sliwinska,5,Eliminated Week 6,7.333333333333333,0.10999999999999999,0.1333333333333333,1333333.3333333333,0.2433333333333333
2,2,3,Jerry Rice,Anna Trebunskaya,2,2nd Place,7.666666666666667,0.11499999999999999,0.1111111111111111,1111111.111111111,0.2261111111111111
2,2,2,Giselle Fernandez,Jonathan Roberts,8,Eliminated Week 3,8.0,0.12,0.0888888888888888,888888.8888888889,0.2088888888888888
2,2,0,Drew Lachey,Cheryl Burke,1,1st Place,9.0,0.13499999999999998,0.0666666666666666,666666.6666666666,0.20166666666666658
2,2,7,Stacy Keibler,Tony Dovolani,3,3rd Place,9.666666666666666,0.145,0.0444444444444444,444444.4444444445,0.1894444444444444
2,2,8,Tatum O'Neal,Nick Kosovich,9,Eliminated Week 2,5.666666666666667,0.08499999999999999,0.0222222222222222,222222.22222222225,0.10722222222222219
2,3,6,Master P,Ashly DelGrosso,7,Eliminated Week 4,4.666666666666667,0.07692307692307693,0.2222222222222222,2222222.222222222,0.29914529914529914
2,3,3,Jerry Rice,Anna Trebunskaya,2,2nd Place,6.333333333333333,0.1043956043956044,0.1944444444444444,1944444.4444444445,0.2988400488400488
2,3,1,George Hamilton,Edyta Sliwinska,5,Eliminated Week 6,7.333333333333333,0.12087912087912088,0.1666666666666666,1666666.6666666665,0.28754578754578747
2,3,5,Lisa Rinna,Louis van Amstel,4,Eliminated Week 7,8.333333333333334,0.13736263736263737,0.1388888888888889,1388888.888888889,0.27625152625152627
2,3,9,Tia Carrere,Maksim Chmerkoskiy,6,Eliminated Week 5,8.666666666666666,0.14285714285714285,0.1111111111111111,1111111.111111111,0.25396825396825395
2,3,7,Stacy Keibler,Tony Dovolani,3,3rd Place,9.0,0.14835164835164835,0.0833333333333333,833333.3333333333,0.23168498168498164
2,3,0,Drew Lachey,Cheryl Burke,1,1st Place,9.0,0.14835164835164835,0.0555555555555555,555555.5555555555,0.20390720390720385
2,3,2,Giselle Fernandez,Jonathan Roberts,8,Eliminated Week 3,7.333333333333333,0.12087912087912088,0.0277777777777777,277777.7777777777,0.14865689865689857
2,4,1,George Hamilton,Edyta Sliwinska,5,Eliminated Week 6,7.0,0.1329113924050633,0.25,2500000.0,0.38291139240506333
2,4,3,Jerry Rice,Anna Trebunskaya,2,2nd Place,8.0,0.1518987341772152,0.2142857142857142,2142857.1428571427,0.3661844484629294
2,4,9,Tia Carrere,Maksim Chmerkoskiy,6,Eliminated Week 5,8.333333333333334,0.15822784810126583,0.1785714285714285,1785714.2857142857,0.3367992766726943
2,4,5,Lisa Rinna,Louis van Amstel,4,Eliminated Week 7,8.666666666666666,0.16455696202531644,0.1428571428571428,1428571.4285714284,0.30741410488245924
2,4,7,Stacy Keibler,Tony Dovolani,3,3rd Place,8.666666666666666,0.16455696202531644,0.1071428571428571,1071428.5714285714,0.27169981916817354
2,4,0,Drew Lachey,Cheryl Burke,1,1st Place,9.333333333333334,0.17721518987341775,0.0714285714285714,714285.7142857142,0.24864376130198915
2,4,6,Master P,Ashly DelGrosso,7,Eliminated Week 4,2.6666666666666665,0.05063291139240506,0.0357142857142857,357142.8571428571,0.08634719710669075
2,5,3,Jerry Rice,Anna Trebunskaya,2,2nd Place,7.666666666666667,0.152317880794702,0.2857142857142857,2857142.857142857,0.4380321665089877
2,5,1,George Hamilton,Edyta Sliwinska,5,Eliminated Week 6,8.0,0.15894039735099336,0.238095238095238,2380952.3809523806,0.3970356354462313
2,5,5,Lisa Rinna,Louis van Amstel,4,Eliminated Week 7,8.333333333333334,0.16556291390728478,0.1904761904761904,1904761.9047619049,0.3560391043834752
2,5,0,Drew Lachey,Cheryl Burke,1,1st Place,9.0,0.17880794701986755,0.1428571428571428,1428571.4285714284,0.32166508987701037
2,5,7,Stacy Keibler,Tony Dovolani,3,3rd Place,10.0,0.1986754966887417,0.0952380952380952,952380.9523809524,0.2939135919268369
2,5,9,Tia Carrere,Maksim Chmerkoskiy,6,Eliminated Week 5,7.333333333333333,0.1456953642384106,0.0476190476190476,476190.47619047615,0.19331441185745818
2,6,3,Jerry Rice,Anna Trebunskaya,2,2nd Place,7.666666666666667,0.17293233082706766,0.3333333333333333,3333333.333333333,0.506265664160401
2,6,5,Lisa Rinna,Louis van Amstel,4,Eliminated Week 7,9.0,0.20300751879699247,0.2666666666666666,2666666.6666666665,0.4696741854636591
2,6,7,Stacy Keibler,Tony Dovolani,3,3rd Place,10.0,0.22556390977443608,0.2,2000000.0,0.4255639097744361
2,6,0,Drew Lachey,Cheryl Burke,1,1st Place,10.0,0.22556390977443608,0.1333333333333333,1333333.3333333333,0.3588972431077694
2,6,1,George Hamilton,Edyta Sliwinska,5,Eliminated Week 6,7.666666666666667,0.17293233082706766,0.0666666666666666,666666.6666666666,0.23959899749373426
2,7,3,Jerry Rice,Anna Trebunskaya,2,2nd Place,6.833333333333333,0.20098039215686272,0.4,4000000.0,0.6009803921568627
2,7,7,Stacy Keibler,Tony Dovolani,3,3rd Place,9.166666666666666,0.2696078431372549,0.3,3000000.0,0.5696078431372549
2,7,0,Drew Lachey,Cheryl Burke,1,1st Place,9.166666666666666,0.2696078431372549,0.2,2000000.0,0.4696078431372549
2,7,5,Lisa Rinna,Louis van Amstel,4,Eliminated Week 7,8.833333333333334,0.25980392156862747,0.1,1000000.0,0.3598039215686275
2,8,0,Drew Lachey,Cheryl Burke,1,1st Place,9.6666,0.3438729131809768,0.5,5000000.0,0.8438729131809768
2,8,7,Stacy Keibler,Tony Dovolani,3,3rd Place,9.5555,0.339920718960216,0.3333333333333333,3333333.333333333,0.6732540522935493
2,8,3,Jerry Rice,Anna Trebunskaya,2,2nd Place,8.888866666666667,0.3162063678588072,0.1666666666666666,1666666.6666666665,0.4828730345254738
3,1,4,Mario Lopez,Karina Smirnoff,2,2nd Place,8.666666666666666,0.12264150943396225,0.1,1000000.0,0.22264150943396227
3,1,0,Emmitt Smith,Cheryl Burke,1,1st Place,8.0,0.11320754716981131,0.1,1000000.0,0.21320754716981133
3,1,9,Vivica A. Fox,Nick Kosovich,8,Eliminated Week 4,7.333333333333333,0.10377358490566037,0.1,1000000.0,0.2037735849056604
3,1,10,Willa Ford,Maksim Chmerkoskiy,7,Eliminated Week 5,7.333333333333333,0.10377358490566037,0.1,1000000.0,0.2037735849056604
3,1,3,Joey Lawrence,Edyta Sliwinska,3,3rd Place,7.0,0.0990566037735849,0.1,1000000.0,0.19905660377358492
3,1,5,Monique Coleman,Louis van Amstel,4,Eliminated Week 8,6.333333333333333,0.08962264150943396,0.1,1000000.0,0.18962264150943398
3,1,7,Shanna Moakler,Jesse DeSoto,10,Eliminated Week 2,6.0,0.08490566037735849,0.1,1000000.0,0.1849056603773585
3,1,1,Harry Hamlin,Ashly DelGrosso,9,Eliminated Week 3,5.666666666666667,0.08018867924528301,0.1,1000000.0,0.18018867924528303
3,1,2,Jerry Springer,Kym Johnson,5,Eliminated Week 7,5.333333333333333,0.07547169811320754,0.1,1000000.0,0.17547169811320756
3,1,6,Sara Evans,Tony Dovolani,6,Withdrew,5.0,0.07075471698113207,0.1,1000000.0,0.1707547169811321
3,1,8,Tucker Carlson,Elena Grinenko,11,Eliminated Week 1,4.0,0.056603773584905655,0.0,0.0,0.056603773584905655
3,2,3,Joey Lawrence,Edyta Sliwinska,3,3rd Place,9.666666666666666,0.12608695652173912,0.1082125603864734,1082125.6038647343,0.23429951690821252
3,2,5,Monique Coleman,Louis van Amstel,4,Eliminated Week 8,8.666666666666666,0.11304347826086955,0.1082125603864734,1082125.6038647343,0.22125603864734295
3,2,9,Vivica A. Fox,Nick Kosovich,8,Eliminated Week 4,8.0,0.10434782608695652,0.1082125603864734,1082125.6038647343,0.2125603864734299
3,2,0,Emmitt Smith,Cheryl Burke,1,1st Place,8.0,0.10434782608695652,0.1082125603864734,1082125.6038647343,0.2125603864734299
3,2,10,Willa Ford,Maksim Chmerkoskiy,7,Eliminated Week 5,7.666666666666667,0.09999999999999999,0.1082125603864734,1082125.6038647343,0.2082125603864734
3,2,2,Jerry Springer,Kym Johnson,5,Eliminated Week 7,6.333333333333333,0.08260869565217391,0.121256038647343,1212560.38647343,0.2038647342995169
3,2,1,Harry Hamlin,Ashly DelGrosso,9,Eliminated Week 3,7.0,0.09130434782608696,0.1125603864734299,1125603.8647342997,0.20386473429951685
3,2,4,Mario Lopez,Karina Smirnoff,2,2nd Place,7.0,0.09130434782608696,0.1125603864734299,1125603.8647342997,0.20386473429951685
3,2,6,Sara Evans,Tony Dovolani,6,Withdrew,7.0,0.09130434782608696,0.1125603864734299,1125603.8647342997,0.20386473429951685
3,2,7,Shanna Moakler,Jesse DeSoto,10,Eliminated Week 2,7.333333333333333,0.09565217391304347,0.0,0.0,0.09565217391304347
3,3,9,Vivica A. Fox,Nick Kosovich,8,Eliminated Week 4,9.0,0.13043478260869565,0.1225845410628019,1225845.4106280194,0.25301932367149754
3,3,5,Monique Coleman,Louis van Amstel,4,Eliminated Week 8,9.0,0.13043478260869565,0.1225845410628019,1225845.4106280194,0.25301932367149754
3,3,6,Sara Evans,Tony Dovolani,6,Withdrew,8.333333333333334,0.12077294685990339,0.1225845410628019,1225845.4106280194,0.24335748792270528
3,3,3,Joey Lawrence,Edyta Sliwinska,3,3rd Place,7.333333333333333,0.10628019323671498,0.1225845410628019,1225845.4106280194,0.22886473429951687
3,3,4,Mario Lopez,Karina Smirnoff,2,2nd Place,7.333333333333333,0.10628019323671498,0.1225845410628019,1225845.4106280194,0.22886473429951687
3,3,0,Emmitt Smith,Cheryl Burke,1,1st Place,6.333333333333333,0.09178743961352656,0.1370772946859903,1370772.9468599034,0.22886473429951687
3,3,10,Willa Ford,Maksim Chmerkoskiy,7,Eliminated Week 5,7.333333333333333,0.10628019323671498,0.1225845410628019,1225845.4106280194,0.22886473429951687
3,3,2,Jerry Springer,Kym Johnson,5,Eliminated Week 7,7.0,0.10144927536231885,0.127415458937198,1274154.5893719809,0.22886473429951684
3,3,1,Harry Hamlin,Ashly DelGrosso,9,Eliminated Week 3,7.333333333333333,0.10628019323671498,0.0,0.0,0.10628019323671498
3,4,4,Mario Lopez,Karina Smirnoff,2,2nd Place,9.666666666666666,0.14646464646464646,0.1385281385281385,1385281.3852813854,0.28499278499278496
3,4,10,Willa Ford,Maksim Chmerkoskiy,7,Eliminated Week 5,9.333333333333334,0.14141414141414144,0.1385281385281385,1385281.3852813854,0.27994227994227994
3,4,3,Joey Lawrence,Edyta Sliwinska,3,3rd Place,9.0,0.13636363636363635,0.1385281385281385,1385281.3852813854,0.27489177489177485
3,4,5,Monique Coleman,Louis van Amstel,4,Eliminated Week 8,8.0,0.12121212121212122,0.1385281385281385,1385281.3852813854,0.2597402597402597
3,4,0,Emmitt Smith,Cheryl Burke,1,1st Place,8.0,0.12121212121212122,0.1385281385281385,1385281.3852813854,0.2597402597402597
3,4,6,Sara Evans,Tony Dovolani,6,Withdrew,6.666666666666667,0.10101010101010101,0.1587301587301587,1587301.5873015872,0.2597402597402597
3,4,2,Jerry Springer,Kym Johnson,5,Eliminated Week 7,7.333333333333333,0.1111111111111111,0.1486291486291486,1486291.4862914863,0.2597402597402597
3,4,9,Vivica A. Fox,Nick Kosovich,8,Eliminated Week 4,8.0,0.12121212121212122,0.0,0.0,0.12121212121212122
3,5,3,Joey Lawrence,Edyta Sliwinska,3,3rd Place,8.333333333333334,0.13812154696132597,0.175524861878453,1755248.6187845303,0.313646408839779
3,5,2,Jerry Springer,Kym Johnson,5,Eliminated Week 7,8.0,0.13259668508287292,0.1810497237569061,1810497.2375690609,0.313646408839779
3,5,5,Monique Coleman,Louis van Amstel,4,Eliminated Week 8,9.0,0.14917127071823205,0.1644751381215469,1644751.3812154697,0.31364640883977896
3,5,4,Mario Lopez,Karina Smirnoff,2,2nd Place,9.0,0.14917127071823205,0.1644751381215469,1644751.3812154697,0.31364640883977896
3,5,0,Emmitt Smith,Cheryl Burke,1,1st Place,9.0,0.14917127071823205,0.1644751381215469,1644751.3812154697,0.31364640883977896
3,5,10,Willa Ford,Maksim Chmerkoskiy,7,Eliminated Week 5,9.0,0.14917127071823205,0.15,1500000.0000000002,0.299171270718232
3,5,6,Sara Evans,Tony Dovolani,6,Withdrew,8.0,0.13259668508287292,0.0,0.0,0.13259668508287292
3,6,4,Mario Lopez,Karina Smirnoff,2,2nd Place,9.333333333333334,0.23728813559322035,0.2372881355932203,2372881.355932204,0.47457627118644063
3,6,0,Emmitt Smith,Cheryl Burke,1,1st Place,8.333333333333334,0.211864406779661,0.211864406779661,2118644.0677966103,0.423728813559322
3,6,3,Joey Lawrence,Edyta Sliwinska,3,3rd Place,8.0,0.20338983050847456,0.2033898305084745,2033898.3050847456,0.40677966101694907
3,6,5,Monique Coleman,Louis van Amstel,4,Eliminated Week 8,7.666666666666667,0.19491525423728814,0.1949152542372881,1949152.5423728812,0.38983050847457623
3,6,2,Jerry Springer,Kym Johnson,5,Eliminated Week 7,6.0,0.15254237288135591,0.1525423728813559,1525423.728813559,0.30508474576271183
3,7,3,Joey Lawrence,Edyta Sliwinska,3,3rd Place,9.5,0.2111111111111111,0.24275,2427500.0,0.4538611111111111
3,7,0,Emmitt Smith,Cheryl Burke,1,1st Place,9.5,0.2111111111111111,0.24275,2427500.0,0.4538611111111111
3,7,4,Mario Lopez,Karina Smirnoff,2,2nd Place,9.333333333333334,0.20740740740740743,0.24275,2427500.0,0.4501574074074074
3,7,5,Monique Coleman,Louis van Amstel,4,Eliminated Week 8,9.0,0.2,0.24275,2427500.0,0.44275
3,7,2,Jerry Springer,Kym Johnson,5,Eliminated Week 7,7.666666666666667,0.17037037037037037,0.029,290000.0,0.19937037037037036
3,8,4,Mario Lopez,Karina Smirnoff,2,2nd Place,9.5,0.26146788990825687,0.332,3320000.0,0.5934678899082568
3,8,3,Joey Lawrence,Edyta Sliwinska,3,3rd Place,9.0,0.2477064220183486,0.332,3320000.0,0.5797064220183487
3,8,0,Emmitt Smith,Cheryl Burke,1,1st Place,9.0,0.2477064220183486,0.332,3320000.0,0.5797064220183487
3,8,5,Monique Coleman,Louis van Amstel,4,Eliminated Week 8,8.833333333333334,0.24311926605504589,0.004,40000.0,0.2471192660550459
3,9,4,Mario Lopez,Karina Smirnoff,2,2nd Place,9.833333333333334,0.33333333333333337,0.3334999999999999,3334999.9999999995,0.6668333333333333
3,9,0,Emmitt Smith,Cheryl Burke,1,1st Place,9.833333333333334,0.33333333333333337,0.3334999999999999,3334999.9999999995,0.6668333333333333
3,9,3,Joey Lawrence,Edyta Sliwinska,3,3rd Place,9.833333333333334,0.33333333333333337,0.333,3330000.0,0.6663333333333334
3,10,4,Mario Lopez,Karina Smirnoff,2,2nd Place,9.888866666666669,0.5,0.5,5000000.0,1.0
3,10,0,Emmitt Smith,Cheryl Burke,1,1st Place,9.888866666666669,0.5,0.5,5000000.0,1.0
4,1,5,Joey Fatone,Kym Johnson,2,2nd Place,8.0,0.11650485436893203,0.116504854368932,1165048.5436893206,0.23300970873786403
4,1,7,Laila Ali,Maksim Chmerkoskiy,3,3rd Place,7.666666666666667,0.1116504854368932,0.1116504854368932,1116504.8543689323,0.2233009708737864
4,1,4,Ian Ziering,Cheryl Burke,4,Eliminated Week 9,7.0,0.10194174757281553,0.1019417475728155,1019417.4757281556,0.20388349514563103
4,1,0,Apolo Anton Ohno,Julianne Hough,1,1st Place,7.0,0.10194174757281553,0.1019417475728155,1019417.4757281556,0.20388349514563103
4,1,10,Shandi Finnessey,Brian Fortuna,10,Eliminated Week 3,6.333333333333333,0.09223300970873785,0.0922330097087378,922330.0970873788,0.18446601941747565
4,1,9,Paulina Porizkova,Alec Mazo,11,Eliminated Week 2,6.333333333333333,0.09223300970873785,0.0922330097087378,922330.0970873788,0.18446601941747565
4,1,3,Heather Mills,Jonathan Roberts,7,Eliminated Week 6,6.0,0.08737864077669902,0.087378640776699,873786.4077669905,0.17475728155339804
4,1,6,John Ratzenberger,Edyta Sliwinska,6,Eliminated Week 7,5.666666666666667,0.0825242718446602,0.0825242718446602,825242.7184466021,0.1650485436893204
4,1,2,Clyde Drexler,Elena Grinenko,8,Eliminated Week 5,5.333333333333333,0.07766990291262135,0.0776699029126213,776699.0291262136,0.15533980582524265
4,1,8,Leeza Gibbons,Tony Dovolani,9,Eliminated Week 4,5.0,0.07281553398058252,0.0728155339805825,728155.3398058254,0.14563106796116504
4,1,1,Billy Ray Cyrus,Karina Smirnoff,5,Eliminated Week 8,4.333333333333333,0.06310679611650484,0.0631067961165048,631067.9611650485,0.12621359223300965
4,2,7,Laila Ali,Maksim Chmerkoskiy,3,3rd Place,9.0,0.11020408163265308,0.0983673469387755,983673.4693877551,0.20857142857142857
4,2,0,Apolo Anton Ohno,Julianne Hough,1,1st Place,8.666666666666666,0.10612244897959185,0.0983673469387755,983673.4693877551,0.20448979591836736
4,2,3,Heather Mills,Jonathan Roberts,7,Eliminated Week 6,8.0,0.0979591836734694,0.0983673469387755,983673.4693877551,0.1963265306122449
4,2,5,Joey Fatone,Kym Johnson,2,2nd Place,8.0,0.0979591836734694,0.0983673469387755,983673.4693877551,0.1963265306122449
4,2,4,Ian Ziering,Cheryl Burke,4,Eliminated Week 9,7.333333333333333,0.08979591836734695,0.0983673469387755,983673.4693877551,0.18816326530612243
4,2,6,John Ratzenberger,Edyta Sliwinska,6,Eliminated Week 7,7.0,0.08571428571428573,0.0983673469387755,983673.4693877551,0.1840816326530612
4,2,10,Shandi Finnessey,Brian Fortuna,10,Eliminated Week 3,6.666666666666667,0.0816326530612245,0.1024489795918367,1024489.7959183676,0.1840816326530612
4,2,1,Billy Ray Cyrus,Karina Smirnoff,5,Eliminated Week 8,7.0,0.08571428571428573,0.0983673469387755,983673.4693877551,0.1840816326530612
4,2,8,Leeza Gibbons,Tony Dovolani,9,Eliminated Week 4,7.0,0.08571428571428573,0.0983673469387755,983673.4693877551,0.1840816326530612
4,2,2,Clyde Drexler,Elena Grinenko,8,Eliminated Week 5,6.0,0.07346938775510205,0.1106122448979591,1106122.448979592,0.18408163265306116
4,2,9,Paulina Porizkova,Alec Mazo,11,Eliminated Week 2,7.0,0.08571428571428573,0.0,0.0,0.08571428571428573
4,3,4,Ian Ziering,Cheryl Burke,4,Eliminated Week 9,8.0,0.11009174311926605,0.1080530071355759,1080530.0713557594,0.21814475025484195
4,3,3,Heather Mills,Jonathan Roberts,7,Eliminated Week 6,8.0,0.11009174311926605,0.1080530071355759,1080530.0713557594,0.21814475025484195
4,3,5,Joey Fatone,Kym Johnson,2,2nd Place,8.0,0.11009174311926605,0.1080530071355759,1080530.0713557594,0.21814475025484195
4,3,8,Leeza Gibbons,Tony Dovolani,9,Eliminated Week 4,8.0,0.11009174311926605,0.1080530071355759,1080530.0713557594,0.21814475025484195
4,3,0,Apolo Anton Ohno,Julianne Hough,1,1st Place,7.666666666666667,0.1055045871559633,0.1080530071355759,1080530.0713557594,0.2135575942915392
4,3,2,Clyde Drexler,Elena Grinenko,8,Eliminated Week 5,5.333333333333333,0.07339449541284403,0.1309887869520897,1309887.869520897,0.20438328236493375
4,3,7,Laila Ali,Maksim Chmerkoskiy,3,3rd Place,7.0,0.09633027522935779,0.1080530071355759,1080530.0713557594,0.2043832823649337
4,3,1,Billy Ray Cyrus,Karina Smirnoff,5,Eliminated Week 8,7.0,0.09633027522935779,0.1080530071355759,1080530.0713557594,0.2043832823649337
4,3,6,John Ratzenberger,Edyta Sliwinska,6,Eliminated Week 7,6.666666666666667,0.09174311926605504,0.1126401630988786,1126401.630988787,0.20438328236493364
4,3,10,Shandi Finnessey,Brian Fortuna,10,Eliminated Week 3,7.0,0.09633027522935779,0.0,0.0,0.09633027522935779
4,4,5,Joey Fatone,Kym Johnson,2,2nd Place,9.333333333333334,0.1473684210526316,0.1243421052631578,1243421.0526315789,0.2717105263157894
4,4,0,Apolo Anton Ohno,Julianne Hough,1,1st Place,8.666666666666666,0.13684210526315788,0.1243421052631578,1243421.0526315789,0.2611842105263157
4,4,4,Ian Ziering,Cheryl Burke,4,Eliminated Week 9,8.0,0.12631578947368421,0.1243421052631578,1243421.0526315789,0.250657894736842
4,4,3,Heather Mills,Jonathan Roberts,7,Eliminated Week 6,7.666666666666667,0.12105263157894737,0.1243421052631578,1243421.0526315789,0.24539473684210517
4,4,7,Laila Ali,Maksim Chmerkoskiy,3,3rd Place,7.0,0.11052631578947368,0.1243421052631578,1243421.0526315789,0.23486842105263148
4,4,1,Billy Ray Cyrus,Karina Smirnoff,5,Eliminated Week 8,7.0,0.11052631578947368,0.1243421052631578,1243421.0526315789,0.23486842105263148
4,4,2,Clyde Drexler,Elena Grinenko,8,Eliminated Week 5,5.0,0.07894736842105263,0.1296052631578947,1296052.6315789472,0.20855263157894732
4,4,6,John Ratzenberger,Edyta Sliwinska,6,Eliminated Week 7,5.333333333333333,0.08421052631578947,0.1243421052631578,1243421.0526315789,0.20855263157894727
4,4,8,Leeza Gibbons,Tony Dovolani,9,Eliminated Week 4,5.333333333333333,0.08421052631578947,0.0,0.0,0.08421052631578947
4,5,0,Apolo Anton Ohno,Julianne Hough,1,1st Place,10.0,0.17045454545454544,0.1397142857142857,1397142.857142857,0.31016883116883115
4,5,7,Laila Ali,Maksim Chmerkoskiy,3,3rd Place,9.333333333333334,0.1590909090909091,0.1397142857142857,1397142.857142857,0.2988051948051948
4,5,5,Joey Fatone,Kym Johnson,2,2nd Place,8.333333333333334,0.14204545454545453,0.1397142857142857,1397142.857142857,0.28175974025974027
4,5,4,Ian Ziering,Cheryl Burke,4,Eliminated Week 9,8.0,0.13636363636363635,0.1397142857142857,1397142.857142857,0.27607792207792203
4,5,3,Heather Mills,Jonathan Roberts,7,Eliminated Week 6,7.0,0.11931818181818181,0.1397142857142857,1397142.857142857,0.2590324675324675
4,5,6,John Ratzenberger,Edyta Sliwinska,6,Eliminated Week 7,6.0,0.10227272727272727,0.1397142857142857,1397142.857142857,0.24198701298701297
4,5,1,Billy Ray Cyrus,Karina Smirnoff,5,Eliminated Week 8,5.666666666666667,0.09659090909090909,0.1397142857142857,1397142.857142857,0.2363051948051948
4,5,2,Clyde Drexler,Elena Grinenko,8,Eliminated Week 5,4.333333333333333,0.07386363636363635,0.022,220000.0,0.09586363636363635
4,6,7,Laila Ali,Maksim Chmerkoskiy,3,3rd Place,9.333333333333334,0.16470588235294117,0.1607843137254902,1607843.1372549022,0.3254901960784314
4,6,0,Apolo Anton Ohno,Julianne Hough,1,1st Place,9.333333333333334,0.16470588235294117,0.1607843137254902,1607843.1372549022,0.3254901960784314
4,6,5,Joey Fatone,Kym Johnson,2,2nd Place,9.0,0.1588235294117647,0.1607843137254902,1607843.1372549022,0.3196078431372549
4,6,4,Ian Ziering,Cheryl Burke,4,Eliminated Week 9,8.0,0.1411764705882353,0.1607843137254902,1607843.1372549022,0.3019607843137255
4,6,6,John Ratzenberger,Edyta Sliwinska,6,Eliminated Week 7,6.333333333333333,0.11176470588235293,0.1843137254901961,1843137.254901961,0.296078431372549
4,6,1,Billy Ray Cyrus,Karina Smirnoff,5,Eliminated Week 8,7.0,0.12352941176470587,0.1725490196078431,1725490.1960784316,0.29607843137254897
4,6,3,Heather Mills,Jonathan Roberts,7,Eliminated Week 6,7.666666666666667,0.13529411764705881,0.0,0.0,0.13529411764705881
4,7,7,Laila Ali,Maksim Chmerkoskiy,3,3rd Place,9.833333333333334,0.19093851132686085,0.1954692556634304,1954692.556634304,0.3864077669902912
4,7,5,Joey Fatone,Kym Johnson,2,2nd Place,9.833333333333334,0.19093851132686085,0.1954692556634304,1954692.556634304,0.3864077669902912
4,7,4,Ian Ziering,Cheryl Burke,4,Eliminated Week 9,9.0,0.17475728155339806,0.1954692556634304,1954692.556634304,0.37022653721682847
4,7,0,Apolo Anton Ohno,Julianne Hough,1,1st Place,9.0,0.17475728155339806,0.1954692556634304,1954692.556634304,0.37022653721682847
4,7,1,Billy Ray Cyrus,Karina Smirnoff,5,Eliminated Week 8,6.333333333333333,0.12297734627831715,0.2181229773462783,2181229.773462783,0.34110032362459547
4,7,6,John Ratzenberger,Edyta Sliwinska,6,Eliminated Week 7,7.5,0.14563106796116504,0.0,0.0,0.14563106796116504
4,8,0,Apolo Anton Ohno,Julianne Hough,1,1st Place,9.666666666666666,0.2310756972111554,0.24125,2412500.0,0.47232569721115536
4,8,5,Joey Fatone,Kym Johnson,2,2nd Place,9.166666666666666,0.21912350597609562,0.24125,2412500.0,0.4603735059760956
4,8,7,Laila Ali,Maksim Chmerkoskiy,3,3rd Place,8.833333333333334,0.2111553784860558,0.24125,2412500.0,0.4524053784860558
4,8,4,Ian Ziering,Cheryl Burke,4,Eliminated Week 9,7.833333333333333,0.18725099601593628,0.24125,2412500.0,0.4285009960159363
4,8,1,Billy Ray Cyrus,Karina Smirnoff,5,Eliminated Week 8,6.333333333333333,0.15139442231075698,0.035,350000.00000000006,0.18639442231075698
4,9,7,Laila Ali,Maksim Chmerkoskiy,3,3rd Place,10.0,0.25316455696202533,0.2925935302390998,2925935.302390998,0.5457580872011252
4,9,0,Apolo Anton Ohno,Julianne Hough,1,1st Place,9.833333333333334,0.2489451476793249,0.2968129395218002,2968129.3952180026,0.5457580872011252
4,9,5,Joey Fatone,Kym Johnson,2,2nd Place,10.0,0.25316455696202533,0.2925935302390998,2925935.302390998,0.5457580872011252
4,9,4,Ian Ziering,Cheryl Burke,4,Eliminated Week 9,9.666666666666666,0.24472573839662445,0.118,1180000.0,0.3627257383966245
4,10,0,Apolo Anton Ohno,Julianne Hough,1,1st Place,9.777733333333334,0.3397685007685367,0.3397685007685367,3397685.007685367,0.6795370015370734
4,10,5,Joey Fatone,Kym Johnson,2,2nd Place,9.5555,0.33204606818489824,0.3320460681848982,3320460.6818489823,0.6640921363697965
4,10,7,Laila Ali,Maksim Chmerkoskiy,3,3rd Place,9.444400000000002,0.32818543104656517,0.3281854310465651,3281854.310465652,0.6563708620931303
5,1,10,Sabrina Bryan,Mark Ballas,7,Eliminated Week 6,8.666666666666666,0.10116731517509726,0.0908181818181818,908181.818181818,0.19198549699327905
5,1,3,Helio Castroneves,Julianne Hough,1,1st Place,8.333333333333334,0.09727626459143969,0.0908181818181818,908181.818181818,0.18809444640962147
5,1,4,Jane Seymour,Tony Dovolani,6,Eliminated Week 7,8.0,0.0933852140077821,0.0908181818181818,908181.818181818,0.1842033958259639
5,1,9,Mel B,Maksim Chmerkoskiy,2,2nd Place,8.0,0.0933852140077821,0.0908181818181818,908181.818181818,0.1842033958259639
5,1,1,Cameron Mathison,Edyta Sliwinska,5,Eliminated Week 8,7.0,0.08171206225680934,0.0908181818181818,908181.818181818,0.17253024407499112
5,1,5,Jennie Garth,Derek Hough,4,Eliminated Week 9,7.0,0.08171206225680934,0.0908181818181818,908181.818181818,0.17253024407499112
5,1,0,Albert Reed,Anna Trebunskaya,11,Eliminated Week 2,7.0,0.08171206225680934,0.0908181818181818,908181.818181818,0.17253024407499112
5,1,7,Marie Osmond,Jonathan Roberts,3,3rd Place,7.0,0.08171206225680934,0.0908181818181818,908181.818181818,0.17253024407499112
5,1,8,Mark Cuban,Kym Johnson,8,Eliminated Week 5,7.0,0.08171206225680934,0.0908181818181818,908181.818181818,0.17253024407499112
5,1,11,Wayne Newton,Cheryl Burke,10,Eliminated Week 3,6.333333333333333,0.07392996108949415,0.0908181818181818,908181.818181818,0.16474814290767595
5,1,2,Floyd Mayweather Jr. ,Karina Smirnoff,9,Eliminated Week 4,6.0,0.07003891050583658,0.0908181818181818,908181.818181818,0.16085709232401837
5,1,6,Josie Maran,Alec Mazo,12,Eliminated Week 1,5.333333333333333,0.062256809338521395,0.001,10000.0,0.06325680933852139
5,2,3,Helio Castroneves,Julianne Hough,1,1st Place,9.0,0.11344537815126052,0.0962184873949579,962184.87394958,0.2096638655462184
5,2,10,Sabrina Bryan,Mark Ballas,7,Eliminated Week 6,8.666666666666666,0.1092436974789916,0.0962184873949579,962184.87394958,0.20546218487394952
5,2,7,Marie Osmond,Jonathan Roberts,3,3rd Place,8.0,0.10084033613445378,0.0962184873949579,962184.87394958,0.19705882352941168
5,2,9,Mel B,Maksim Chmerkoskiy,2,2nd Place,7.666666666666667,0.09663865546218488,0.0962184873949579,962184.87394958,0.19285714285714278
5,2,8,Mark Cuban,Kym Johnson,8,Eliminated Week 5,6.0,0.07563025210084034,0.1088235294117647,1088235.294117647,0.18445378151260505
5,2,11,Wayne Newton,Cheryl Burke,10,Eliminated Week 3,5.0,0.06302521008403361,0.1214285714285714,1214285.7142857143,0.184453781512605
5,2,1,Cameron Mathison,Edyta Sliwinska,5,Eliminated Week 8,7.0,0.08823529411764706,0.0962184873949579,962184.87394958,0.18445378151260497
5,2,4,Jane Seymour,Tony Dovolani,6,Eliminated Week 7,7.0,0.08823529411764706,0.0962184873949579,962184.87394958,0.18445378151260497
5,2,5,Jennie Garth,Derek Hough,4,Eliminated Week 9,7.0,0.08823529411764706,0.0962184873949579,962184.87394958,0.18445378151260497
5,2,2,Floyd Mayweather Jr. ,Karina Smirnoff,9,Eliminated Week 4,7.0,0.08823529411764706,0.0962184873949579,962184.87394958,0.18445378151260497
5,2,0,Albert Reed,Anna Trebunskaya,11,Eliminated Week 2,7.0,0.08823529411764706,0.0,0.0,0.08823529411764706
5,3,4,Jane Seymour,Tony Dovolani,6,Eliminated Week 7,9.0,0.11297071129707112,0.1102222222222222,1102222.2222222222,0.2231929335192933
5,3,10,Sabrina Bryan,Mark Ballas,7,Eliminated Week 6,9.0,0.11297071129707112,0.1102222222222222,1102222.2222222222,0.2231929335192933
5,3,9,Mel B,Maksim Chmerkoskiy,2,2nd Place,9.0,0.11297071129707112,0.1102222222222222,1102222.2222222222,0.2231929335192933
5,3,5,Jennie Garth,Derek Hough,4,Eliminated Week 9,8.666666666666666,0.10878661087866108,0.1102222222222222,1102222.2222222222,0.21900883310088326
5,3,7,Marie Osmond,Jonathan Roberts,3,3rd Place,8.666666666666666,0.10878661087866108,0.1102222222222222,1102222.2222222222,0.21900883310088326
5,3,3,Helio Castroneves,Julianne Hough,1,1st Place,8.0,0.100418410041841,0.1102222222222222,1102222.2222222222,0.2106406322640632
5,3,1,Cameron Mathison,Edyta Sliwinska,5,Eliminated Week 8,7.666666666666667,0.09623430962343096,0.1102222222222222,1102222.2222222222,0.20645653184565316
5,3,2,Floyd Mayweather Jr. ,Karina Smirnoff,9,Eliminated Week 4,7.0,0.08786610878661087,0.1102222222222222,1102222.2222222222,0.19808833100883305
5,3,8,Mark Cuban,Kym Johnson,8,Eliminated Week 5,6.666666666666667,0.08368200836820083,0.1102222222222222,1102222.2222222222,0.19390423059042303
5,3,11,Wayne Newton,Cheryl Burke,10,Eliminated Week 3,6.0,0.07531380753138076,0.008,80000.0,0.08331380753138076
5,4,10,Sabrina Bryan,Mark Ballas,7,Eliminated Week 6,10.0,0.1282051282051282,0.1244658119658119,1244658.1196581195,0.2526709401709401
5,4,1,Cameron Mathison,Edyta Sliwinska,5,Eliminated Week 8,9.0,0.11538461538461539,0.1244658119658119,1244658.1196581195,0.23985042735042728
5,4,5,Jennie Garth,Derek Hough,4,Eliminated Week 9,9.0,0.11538461538461539,0.1244658119658119,1244658.1196581195,0.23985042735042728
5,4,3,Helio Castroneves,Julianne Hough,1,1st Place,9.0,0.11538461538461539,0.1244658119658119,1244658.1196581195,0.23985042735042728
5,4,4,Jane Seymour,Tony Dovolani,6,Eliminated Week 7,8.666666666666666,0.1111111111111111,0.1244658119658119,1244658.1196581195,0.23557692307692302
5,4,9,Mel B,Maksim Chmerkoskiy,2,2nd Place,8.666666666666666,0.1111111111111111,0.1244658119658119,1244658.1196581195,0.23557692307692302
5,4,7,Marie Osmond,Jonathan Roberts,3,3rd Place,8.666666666666666,0.1111111111111111,0.1244658119658119,1244658.1196581195,0.23557692307692302
5,4,8,Mark Cuban,Kym Johnson,8,Eliminated Week 5,7.333333333333333,0.09401709401709402,0.1287393162393162,1287393.1623931625,0.22275641025641021
5,4,2,Floyd Mayweather Jr. ,Karina Smirnoff,9,Eliminated Week 4,7.666666666666667,0.09829059829059829,0.0,0.0,0.09829059829059829
5,5,9,Mel B,Maksim Chmerkoskiy,2,2nd Place,9.666666666666666,0.1457286432160804,0.1428571428571428,1428571.4285714284,0.28858578607322316
5,5,10,Sabrina Bryan,Mark Ballas,7,Eliminated Week 6,9.333333333333334,0.14070351758793972,0.1428571428571428,1428571.4285714284,0.28356066044508255
5,5,1,Cameron Mathison,Edyta Sliwinska,5,Eliminated Week 8,8.666666666666666,0.1306532663316583,0.1428571428571428,1428571.4285714284,0.2735104091888011
5,5,4,Jane Seymour,Tony Dovolani,6,Eliminated Week 7,8.666666666666666,0.1306532663316583,0.1428571428571428,1428571.4285714284,0.2735104091888011
5,5,5,Jennie Garth,Derek Hough,4,Eliminated Week 9,8.333333333333334,0.1256281407035176,0.1428571428571428,1428571.4285714284,0.26848528356066037
5,5,3,Helio Castroneves,Julianne Hough,1,1st Place,7.666666666666667,0.1155778894472362,0.1428571428571428,1428571.4285714284,0.258435032304379
5,5,7,Marie Osmond,Jonathan Roberts,3,3rd Place,7.0,0.10552763819095479,0.1428571428571428,1428571.4285714284,0.24838478104809758
5,5,8,Mark Cuban,Kym Johnson,8,Eliminated Week 5,7.0,0.10552763819095479,0.0,0.0,0.10552763819095479
5,6,9,Mel B,Maksim Chmerkoskiy,2,2nd Place,10.0,0.16666666666666666,0.162037037037037,1620370.3703703703,0.32870370370370366
5,6,3,Helio Castroneves,Julianne Hough,1,1st Place,9.333333333333334,0.15555555555555556,0.162037037037037,1620370.3703703703,0.31759259259259254
5,6,5,Jennie Garth,Derek Hough,4,Eliminated Week 9,9.0,0.15,0.162037037037037,1620370.3703703703,0.312037037037037
5,6,1,Cameron Mathison,Edyta Sliwinska,5,Eliminated Week 8,8.333333333333334,0.1388888888888889,0.162037037037037,1620370.3703703703,0.30092592592592593
5,6,4,Jane Seymour,Tony Dovolani,6,Eliminated Week 7,7.333333333333333,0.12222222222222222,0.1787037037037037,1787037.037037037,0.30092592592592593
5,6,7,Marie Osmond,Jonathan Roberts,3,3rd Place,7.666666666666667,0.1277777777777778,0.1731481481481481,1731481.481481481,0.30092592592592593
5,6,10,Sabrina Bryan,Mark Ballas,7,Eliminated Week 6,8.333333333333334,0.1388888888888889,0.0,0.0,0.1388888888888889
5,7,9,Mel B,Maksim Chmerkoskiy,2,2nd Place,9.0,0.17307692307692307,0.1994,1994000.0,0.37247692307692304
5,7,5,Jennie Garth,Derek Hough,4,Eliminated Week 9,8.833333333333334,0.16987179487179488,0.1994,1994000.0,0.36927179487179485
5,7,3,Helio Castroneves,Julianne Hough,1,1st Place,8.666666666666666,0.16666666666666666,0.1994,1994000.0,0.36606666666666665
5,7,7,Marie Osmond,Jonathan Roberts,3,3rd Place,8.666666666666666,0.16666666666666666,0.1994,1994000.0,0.36606666666666665
5,7,1,Cameron Mathison,Edyta Sliwinska,5,Eliminated Week 8,8.5,0.16346153846153846,0.1994,1994000.0,0.36286153846153846
5,7,4,Jane Seymour,Tony Dovolani,6,Eliminated Week 7,8.333333333333334,0.16025641025641027,0.003,30000.0,0.16325641025641027
5,8,3,Helio Castroneves,Julianne Hough,1,1st Place,9.5,0.21673003802281368,0.247148288973384,2471482.88973384,0.4638783269961977
5,8,9,Mel B,Maksim Chmerkoskiy,2,2nd Place,9.333333333333334,0.21292775665399238,0.247148288973384,2471482.88973384,0.46007604562737636
5,8,5,Jennie Garth,Derek Hough,4,Eliminated Week 9,8.333333333333334,0.19011406844106465,0.2509505703422053,2509505.7034220533,0.44106463878326996
5,8,7,Marie Osmond,Jonathan Roberts,3,3rd Place,8.166666666666666,0.18631178707224333,0.2547528517110266,2547528.5171102663,0.4410646387832699
5,8,1,Cameron Mathison,Edyta Sliwinska,5,Eliminated Week 8,8.5,0.19391634980988592,0.0,0.0,0.19391634980988592
5,9,3,Helio Castroneves,Julianne Hough,1,1st Place,10.0,0.2564102564102564,0.3304843304843305,3304843.304843305,0.586894586894587
5,9,9,Mel B,Maksim Chmerkoskiy,2,2nd Place,10.0,0.2564102564102564,0.3304843304843305,3304843.304843305,0.586894586894587
5,9,7,Marie Osmond,Jonathan Roberts,3,3rd Place,9.333333333333334,0.23931623931623933,0.339031339031339,3390313.39031339,0.5783475783475783
5,9,5,Jennie Garth,Derek Hough,4,Eliminated Week 9,9.666666666666666,0.24786324786324784,0.0,0.0,0.24786324786324784
5,10,9,Mel B,Maksim Chmerkoskiy,2,2nd Place,9.4444,0.3571422268889026,0.3571422268889025,3571422.268889026,0.7142844537778051
5,10,3,Helio Castroneves,Julianne Hough,1,1st Place,9.3333,0.352940954028016,0.352940954028016,3529409.5402801605,0.705881908056032
5,10,7,Marie Osmond,Jonathan Roberts,3,3rd Place,7.666666666666667,0.28991681908308137,0.2899168190830813,2899168.1908308133,0.5798336381661626
6,1,3,Kristi Yamaguchi,Mark Ballas,1,1st Place,9.0,0.1111111111111111,0.1111111111111111,1111111.111111111,0.2222222222222222
6,1,9,Priscilla Presley,Louis van Amstel,8,Eliminated Week 5,8.0,0.09876543209876543,0.0987654320987654,987654.3209876544,0.19753086419753083
6,1,4,Mario,Karina Smirnoff,5,Eliminated Week 8,8.0,0.09876543209876543,0.0987654320987654,987654.3209876544,0.19753086419753083
6,1,6,Marlee Matlin,Fabian Sanchez,7,Eliminated Week 6,7.333333333333333,0.0905349794238683,0.0905349794238683,905349.7942386832,0.1810699588477366
6,1,2,Jason Taylor,Edyta Sliwinska,2,2nd Place,7.333333333333333,0.0905349794238683,0.0905349794238683,905349.7942386832,0.1810699588477366
6,1,1,Cristian de la Fuente,Cheryl Burke,3,3rd Place,7.0,0.08641975308641975,0.0864197530864197,864197.5308641975,0.17283950617283944
6,1,10,Shannon Elizabeth,Derek Hough,6,Eliminated Week 7,7.0,0.08641975308641975,0.0864197530864197,864197.5308641975,0.17283950617283944
6,1,11,Steve Guttenberg,Anna Trebunskaya,10,Eliminated Week 3,6.0,0.07407407407407407,0.074074074074074,740740.7407407407,0.14814814814814808
6,1,5,Marissa Jaret Winokur,Tony Dovolani,4,Eliminated Week 9,6.0,0.07407407407407407,0.074074074074074,740740.7407407407,0.14814814814814808
6,1,8,Penn Jillette,Kym Johnson,12,Eliminated Week 2,5.333333333333333,0.06584362139917695,0.0658436213991769,658436.2139917695,0.13168724279835387
6,1,7,Monica Seles,Jonathan Roberts,11,Eliminated Week 2,5.0,0.06172839506172839,0.0617283950617283,617283.9506172839,0.1234567901234567
6,1,0,Adam Carolla,Julianne Hough,9,Eliminated Week 4,5.0,0.06172839506172839,0.0617283950617283,617283.9506172839,0.1234567901234567
6,2,2,Jason Taylor,Edyta Sliwinska,2,2nd Place,9.0,0.10505836575875485,0.0996108949416342,996108.9494163424,0.20466926070038904
6,2,3,Kristi Yamaguchi,Mark Ballas,1,1st Place,9.0,0.10505836575875485,0.0996108949416342,996108.9494163424,0.20466926070038904
6,2,4,Mario,Karina Smirnoff,5,Eliminated Week 8,8.666666666666666,0.10116731517509726,0.0996108949416342,996108.9494163424,0.20077821011673147
6,2,6,Marlee Matlin,Fabian Sanchez,7,Eliminated Week 6,8.0,0.0933852140077821,0.0996108949416342,996108.9494163424,0.19299610894941632
6,2,10,Shannon Elizabeth,Derek Hough,6,Eliminated Week 7,8.0,0.0933852140077821,0.0996108949416342,996108.9494163424,0.19299610894941632
6,2,9,Priscilla Presley,Louis van Amstel,8,Eliminated Week 5,7.0,0.08171206225680934,0.0996108949416342,996108.9494163424,0.18132295719844355
6,2,5,Marissa Jaret Winokur,Tony Dovolani,4,Eliminated Week 9,7.0,0.08171206225680934,0.0996108949416342,996108.9494163424,0.18132295719844355
6,2,1,Cristian de la Fuente,Cheryl Burke,3,3rd Place,6.666666666666667,0.07782101167315175,0.0996108949416342,996108.9494163424,0.17743190661478597
6,2,0,Adam Carolla,Julianne Hough,9,Eliminated Week 4,6.333333333333333,0.07392996108949415,0.0996108949416342,996108.9494163424,0.17354085603112834
6,2,11,Steve Guttenberg,Anna Trebunskaya,10,Eliminated Week 3,5.333333333333333,0.062256809338521395,0.1035019455252918,1035019.4552529184,0.1657587548638132
6,2,8,Penn Jillette,Kym Johnson,12,Eliminated Week 2,5.666666666666667,0.06614785992217899,0.0,0.0,0.06614785992217899
6,2,7,Monica Seles,Jonathan Roberts,11,Eliminated Week 2,5.0,0.05836575875486381,0.0,0.0,0.05836575875486381
6,3,3,Kristi Yamaguchi,Mark Ballas,1,1st Place,9.0,0.11842105263157894,0.1101364522417154,1101364.522417154,0.22855750487329435
6,3,9,Priscilla Presley,Louis van Amstel,8,Eliminated Week 5,8.666666666666666,0.11403508771929824,0.1101364522417154,1101364.522417154,0.22417153996101363
6,3,1,Cristian de la Fuente,Cheryl Burke,3,3rd Place,8.333333333333334,0.10964912280701755,0.1101364522417154,1101364.522417154,0.21978557504873295
6,3,10,Shannon Elizabeth,Derek Hough,6,Eliminated Week 7,8.0,0.10526315789473684,0.1101364522417154,1101364.522417154,0.21539961013645223
6,3,2,Jason Taylor,Edyta Sliwinska,2,2nd Place,7.666666666666667,0.10087719298245615,0.1101364522417154,1101364.522417154,0.21101364522417154
6,3,6,Marlee Matlin,Fabian Sanchez,7,Eliminated Week 6,7.0,0.09210526315789473,0.1101364522417154,1101364.522417154,0.2022417153996101
6,3,5,Marissa Jaret Winokur,Tony Dovolani,4,Eliminated Week 9,6.333333333333333,0.08333333333333333,0.1189083820662768,1189083.820662768,0.2022417153996101
6,3,0,Adam Carolla,Julianne Hough,9,Eliminated Week 4,7.0,0.09210526315789473,0.1101364522417154,1101364.522417154,0.2022417153996101
6,3,4,Mario,Karina Smirnoff,5,Eliminated Week 8,7.0,0.09210526315789473,0.1101364522417154,1101364.522417154,0.2022417153996101
6,3,11,Steve Guttenberg,Anna Trebunskaya,10,Eliminated Week 3,7.0,0.09210526315789473,0.0,0.0,0.09210526315789473
6,4,2,Jason Taylor,Edyta Sliwinska,2,2nd Place,9.666666666666666,0.1288888888888889,0.123375,1233750.0,0.2522638888888889
6,4,3,Kristi Yamaguchi,Mark Ballas,1,1st Place,9.666666666666666,0.1288888888888889,0.123375,1233750.0,0.2522638888888889
6,4,10,Shannon Elizabeth,Derek Hough,6,Eliminated Week 7,9.333333333333334,0.12444444444444445,0.123375,1233750.0,0.24781944444444445
6,4,1,Cristian de la Fuente,Cheryl Burke,3,3rd Place,8.666666666666666,0.11555555555555555,0.123375,1233750.0,0.23893055555555553
6,4,6,Marlee Matlin,Fabian Sanchez,7,Eliminated Week 6,8.0,0.10666666666666667,0.123375,1233750.0,0.23004166666666667
6,4,5,Marissa Jaret Winokur,Tony Dovolani,4,Eliminated Week 9,8.0,0.10666666666666667,0.123375,1233750.0,0.23004166666666667
6,4,4,Mario,Karina Smirnoff,5,Eliminated Week 8,8.0,0.10666666666666667,0.123375,1233750.0,0.23004166666666667
6,4,9,Priscilla Presley,Louis van Amstel,8,Eliminated Week 5,7.333333333333333,0.09777777777777777,0.123375,1233750.0,0.22115277777777775
6,4,0,Adam Carolla,Julianne Hough,9,Eliminated Week 4,6.333333333333333,0.08444444444444445,0.013,130000.0,0.09744444444444444
6,5,3,Kristi Yamaguchi,Mark Ballas,1,1st Place,9.666666666666666,0.14795918367346939,0.1421428571428571,1421428.5714285716,0.2901020408163265
6,5,2,Jason Taylor,Edyta Sliwinska,2,2nd Place,9.0,0.13775510204081634,0.1421428571428571,1421428.5714285716,0.27989795918367344
6,5,4,Mario,Karina Smirnoff,5,Eliminated Week 8,9.0,0.13775510204081634,0.1421428571428571,1421428.5714285716,0.27989795918367344
6,5,5,Marissa Jaret Winokur,Tony Dovolani,4,Eliminated Week 9,8.0,0.12244897959183675,0.1421428571428571,1421428.5714285716,0.26459183673469383
6,5,1,Cristian de la Fuente,Cheryl Burke,3,3rd Place,7.666666666666667,0.11734693877551022,0.1421428571428571,1421428.5714285716,0.2594897959183673
6,5,10,Shannon Elizabeth,Derek Hough,6,Eliminated Week 7,7.666666666666667,0.11734693877551022,0.1421428571428571,1421428.5714285716,0.2594897959183673
6,5,6,Marlee Matlin,Fabian Sanchez,7,Eliminated Week 6,7.333333333333333,0.11224489795918367,0.1421428571428571,1421428.5714285716,0.25438775510204076
6,5,9,Priscilla Presley,Louis van Amstel,8,Eliminated Week 5,7.0,0.10714285714285715,0.005,50000.0,0.11214285714285716
6,6,3,Kristi Yamaguchi,Mark Ballas,1,1st Place,10.0,0.16666666666666666,0.164,1640000.0,0.33066666666666666
6,6,4,Mario,Karina Smirnoff,5,Eliminated Week 8,9.333333333333334,0.15555555555555556,0.164,1640000.0,0.3195555555555556
6,6,1,Cristian de la Fuente,Cheryl Burke,3,3rd Place,9.0,0.15,0.164,1640000.0,0.314
6,6,5,Marissa Jaret Winokur,Tony Dovolani,4,Eliminated Week 9,8.666666666666666,0.14444444444444443,0.164,1640000.0,0.3084444444444444
6,6,10,Shannon Elizabeth,Derek Hough,6,Eliminated Week 7,8.0,0.13333333333333333,0.164,1640000.0,0.29733333333333334
6,6,2,Jason Taylor,Edyta Sliwinska,2,2nd Place,8.0,0.13333333333333333,0.164,1640000.0,0.29733333333333334
6,6,6,Marlee Matlin,Fabian Sanchez,7,Eliminated Week 6,7.0,0.11666666666666667,0.016,160000.0,0.13266666666666665
6,7,2,Jason Taylor,Edyta Sliwinska,2,2nd Place,9.166666666666666,0.1779935275080906,0.1967637540453074,1967637.5404530745,0.37475728155339805
6,7,3,Kristi Yamaguchi,Mark Ballas,1,1st Place,9.0,0.17475728155339806,0.1967637540453074,1967637.5404530745,0.3715210355987055
6,7,5,Marissa Jaret Winokur,Tony Dovolani,4,Eliminated Week 9,8.666666666666666,0.16828478964401294,0.1967637540453074,1967637.5404530745,0.3650485436893204
6,7,1,Cristian de la Fuente,Cheryl Burke,3,3rd Place,7.666666666666667,0.1488673139158576,0.2129449838187702,2129449.838187702,0.3618122977346278
6,7,4,Mario,Karina Smirnoff,5,Eliminated Week 8,8.5,0.1650485436893204,0.1967637540453074,1967637.5404530745,0.3618122977346278
6,7,10,Shannon Elizabeth,Derek Hough,6,Eliminated Week 7,8.5,0.1650485436893204,0.0,0.0,0.1650485436893204
6,8,1,Cristian de la Fuente,Cheryl Burke,3,3rd Place,9.5,0.21348314606741572,0.24625468164794,2462546.8164794007,0.45973782771535576
6,8,3,Kristi Yamaguchi,Mark Ballas,1,1st Place,9.166666666666666,0.20599250936329586,0.24625468164794,2462546.8164794007,0.4522471910112359
6,8,5,Marissa Jaret Winokur,Tony Dovolani,4,Eliminated Week 9,8.333333333333334,0.18726591760299627,0.2574906367041198,2574906.3670411985,0.4447565543071161
6,8,2,Jason Taylor,Edyta Sliwinska,2,2nd Place,8.666666666666666,0.19475655430711608,0.25,2500000.0,0.4447565543071161
6,8,4,Mario,Karina Smirnoff,5,Eliminated Week 8,8.833333333333334,0.19850187265917604,0.0,0.0,0.19850187265917604
6,9,3,Kristi Yamaguchi,Mark Ballas,1,1st Place,9.5,0.2590909090909091,0.329,3290000.0,0.5880909090909091
6,9,1,Cristian de la Fuente,Cheryl Burke,3,3rd Place,9.333333333333334,0.2545454545454546,0.329,3290000.0,0.5835454545454546
6,9,2,Jason Taylor,Edyta Sliwinska,2,2nd Place,9.166666666666666,0.25,0.329,3290000.0,0.579
6,9,5,Marissa Jaret Winokur,Tony Dovolani,4,Eliminated Week 9,8.666666666666666,0.23636363636363636,0.013,130000.0,0.24936363636363637
6,10,3,Kristi Yamaguchi,Mark Ballas,1,1st Place,10.0,0.3550295857988166,0.3550295857988166,3550295.857988166,0.7100591715976332
6,10,2,Jason Taylor,Edyta Sliwinska,2,2nd Place,9.5,0.33727810650887574,0.3372781065088757,3372781.0650887573,0.6745562130177514
6,10,1,Cristian de la Fuente,Cheryl Burke,3,3rd Place,8.666666666666666,0.3076923076923077,0.3076923076923077,3076923.076923077,0.6153846153846154
7,1,0,Brooke Burke,Derek Hough,1,1st Place,8.166666666666666,0.09722222222222221,0.0896464646464646,896464.6464646466,0.1868686868686868
7,1,11,Toni Braxton,Alec Mazo,8,Eliminated Week 5,7.5,0.08928571428571429,0.0896464646464646,896464.6464646466,0.1789321789321789
7,1,12,Warren Sapp,Kym Johnson,2,2nd Place,7.166666666666667,0.08531746031746032,0.0896464646464646,896464.6464646466,0.17496392496392493
7,1,5,Lance Bass,Lacey Schwimmer,3,3rd Place,7.166666666666667,0.08531746031746032,0.0896464646464646,896464.6464646466,0.17496392496392493
7,1,7,Misty May-Treanor,Maksim Chmerkoskiy,10,Withdrew,7.0,0.08333333333333333,0.0896464646464646,896464.6464646466,0.17297979797979793
7,1,2,Cody Linley,Julianne Hough,4,Eliminated Week 9,6.833333333333333,0.08134920634920635,0.0896464646464646,896464.6464646466,0.17099567099567095
7,1,6,Maurice Greene,Cheryl Burke,5,Eliminated Week 8,6.5,0.07738095238095238,0.0896464646464646,896464.6464646466,0.16702741702741697
7,1,8,Rocco DiSpirito,Karina Smirnoff,9,Eliminated Week 4,5.833333333333333,0.06944444444444445,0.0936147186147186,936147.1861471862,0.16305916305916304
7,1,9,Susan Lucci,Tony Dovolani,6,Eliminated Week 7,6.166666666666667,0.07341269841269842,0.0896464646464646,896464.6464646466,0.16305916305916301
7,1,4,Kim Kardashian,Mark Ballas,11,Eliminated Week 2,6.166666666666667,0.07341269841269842,0.0896464646464646,896464.6464646466,0.16305916305916301
7,1,1,Cloris Leachman,Corky Ballas,7,Eliminated Week 6,5.333333333333333,0.06349206349206349,0.0995670995670995,995670.9956709958,0.163059163059163
7,1,10,Ted McGinley,Inna Brayer,12,Eliminated Week 1,6.166666666666667,0.07341269841269842,0.0,0.0,0.07341269841269842
7,1,3,Jeffrey Ross,Edyta Sliwinska,13,Eliminated Week 1,4.0,0.047619047619047616,0.0,0.0,0.047619047619047616
7,2,12,Warren Sapp,Kym Johnson,2,2nd Place,8.0,0.10859728506787329,0.1040723981900452,1040723.9819004524,0.2126696832579185
7,2,0,Brooke Burke,Derek Hough,1,1st Place,8.0,0.10859728506787329,0.1040723981900452,1040723.9819004524,0.2126696832579185
7,2,11,Toni Braxton,Alec Mazo,8,Eliminated Week 5,7.666666666666667,0.10407239819004524,0.1040723981900452,1040723.9819004524,0.20814479638009042
7,2,5,Lance Bass,Lacey Schwimmer,3,3rd Place,6.666666666666667,0.09049773755656108,0.1085972850678733,1085972.850678733,0.1990950226244344
7,2,9,Susan Lucci,Tony Dovolani,6,Eliminated Week 7,7.0,0.09502262443438914,0.1040723981900452,1040723.9819004524,0.19909502262443435
7,2,2,Cody Linley,Julianne Hough,4,Eliminated Week 9,7.0,0.09502262443438914,0.1040723981900452,1040723.9819004524,0.19909502262443435
7,2,8,Rocco DiSpirito,Karina Smirnoff,9,Eliminated Week 4,5.333333333333333,0.07239819004524886,0.1266968325791855,1266968.325791855,0.19909502262443435
7,2,6,Maurice Greene,Cheryl Burke,5,Eliminated Week 8,6.333333333333333,0.08597285067873302,0.1131221719457013,1131221.7194570135,0.19909502262443432
7,2,1,Cloris Leachman,Corky Ballas,7,Eliminated Week 6,5.0,0.06787330316742081,0.1312217194570135,1312217.1945701358,0.1990950226244343
7,2,7,Misty May-Treanor,Maksim Chmerkoskiy,10,Withdrew,7.0,0.09502262443438914,0.0,0.0,0.09502262443438914
7,2,4,Kim Kardashian,Mark Ballas,11,Eliminated Week 2,5.666666666666667,0.07692307692307693,0.0,0.0,0.07692307692307693
7,3,0,Brooke Burke,Derek Hough,1,1st Place,9.333333333333334,0.14070351758793972,0.1407035175879397,1407035.1758793972,0.2814070351758794
7,3,12,Warren Sapp,Kym Johnson,2,2nd Place,8.333333333333334,0.1256281407035176,0.1256281407035176,1256281.407035176,0.2512562814070352
7,3,6,Maurice Greene,Cheryl Burke,5,Eliminated Week 8,8.0,0.1206030150753769,0.1206030150753769,1206030.1507537689,0.2412060301507538
7,3,11,Toni Braxton,Alec Mazo,8,Eliminated Week 5,7.333333333333333,0.11055276381909548,0.1105527638190954,1105527.638190955,0.22110552763819089
7,3,5,Lance Bass,Lacey Schwimmer,3,3rd Place,7.333333333333333,0.11055276381909548,0.1105527638190954,1105527.638190955,0.22110552763819089
7,3,9,Susan Lucci,Tony Dovolani,6,Eliminated Week 7,7.0,0.10552763819095479,0.1055276381909547,1055276.3819095478,0.2110552763819095
7,3,2,Cody Linley,Julianne Hough,4,Eliminated Week 9,7.0,0.10552763819095479,0.1055276381909547,1055276.3819095478,0.2110552763819095
7,3,8,Rocco DiSpirito,Karina Smirnoff,9,Eliminated Week 4,6.666666666666667,0.10050251256281408,0.100502512562814,1005025.1256281408,0.20100502512562807
7,3,1,Cloris Leachman,Corky Ballas,7,Eliminated Week 6,5.333333333333333,0.08040201005025126,0.0804020100502512,804020.1005025125,0.16080402010050246
7,4,5,Lance Bass,Lacey Schwimmer,3,3rd Place,8.666666666666666,0.12807881773399013,0.123875,1238750.0,0.2519538177339901
7,4,0,Brooke Burke,Derek Hough,1,1st Place,8.666666666666666,0.12807881773399013,0.123875,1238750.0,0.2519538177339901
7,4,9,Susan Lucci,Tony Dovolani,6,Eliminated Week 7,8.0,0.11822660098522167,0.123875,1238750.0,0.24210160098522165
7,4,2,Cody Linley,Julianne Hough,4,Eliminated Week 9,7.666666666666667,0.11330049261083744,0.123875,1238750.0,0.23717549261083742
7,4,1,Cloris Leachman,Corky Ballas,7,Eliminated Week 6,7.333333333333333,0.1083743842364532,0.123875,1238750.0,0.2322493842364532
7,4,12,Warren Sapp,Kym Johnson,2,2nd Place,7.333333333333333,0.1083743842364532,0.123875,1238750.0,0.2322493842364532
7,4,11,Toni Braxton,Alec Mazo,8,Eliminated Week 5,7.333333333333333,0.1083743842364532,0.123875,1238750.0,0.2322493842364532
7,4,6,Maurice Greene,Cheryl Burke,5,Eliminated Week 8,6.666666666666667,0.09852216748768472,0.123875,1238750.0,0.22239716748768473
7,4,8,Rocco DiSpirito,Karina Smirnoff,9,Eliminated Week 4,6.0,0.08866995073891625,0.009,90000.00000000001,0.09766995073891624
7,5,0,Brooke Burke,Derek Hough,1,1st Place,9.666666666666666,0.14871794871794872,0.1413919413919414,1413919.413919414,0.2901098901098901
7,5,2,Cody Linley,Julianne Hough,4,Eliminated Week 9,9.333333333333334,0.1435897435897436,0.1413919413919414,1413919.413919414,0.28498168498168497
7,5,6,Maurice Greene,Cheryl Burke,5,Eliminated Week 8,9.0,0.13846153846153847,0.1413919413919414,1413919.413919414,0.27985347985347986
7,5,12,Warren Sapp,Kym Johnson,2,2nd Place,8.333333333333334,0.12820512820512822,0.1413919413919414,1413919.413919414,0.26959706959706964
7,5,1,Cloris Leachman,Corky Ballas,7,Eliminated Week 6,7.0,0.1076923076923077,0.1465201465201465,1465201.465201465,0.2542124542124542
7,5,9,Susan Lucci,Tony Dovolani,6,Eliminated Week 7,7.333333333333333,0.11282051282051282,0.1413919413919414,1413919.413919414,0.2542124542124542
7,5,5,Lance Bass,Lacey Schwimmer,3,3rd Place,7.0,0.1076923076923077,0.1465201465201465,1465201.465201465,0.2542124542124542
7,5,11,Toni Braxton,Alec Mazo,8,Eliminated Week 5,7.333333333333333,0.11282051282051282,0.0,0.0,0.11282051282051282
7,6,5,Lance Bass,Lacey Schwimmer,3,3rd Place,9.0,0.16874999999999998,0.1605,1605000.0,0.32925
7,6,0,Brooke Burke,Derek Hough,1,1st Place,8.666666666666666,0.16249999999999998,0.1605,1605000.0,0.32299999999999995
7,6,12,Warren Sapp,Kym Johnson,2,2nd Place,8.333333333333334,0.15625,0.1605,1605000.0,0.31675
7,6,9,Susan Lucci,Tony Dovolani,6,Eliminated Week 7,7.666666666666667,0.14375,0.1605,1605000.0,0.30425
7,6,2,Cody Linley,Julianne Hough,4,Eliminated Week 9,7.666666666666667,0.14375,0.1605,1605000.0,0.30425
7,6,6,Maurice Greene,Cheryl Burke,5,Eliminated Week 8,7.0,0.13125,0.1605,1605000.0,0.29175
7,6,1,Cloris Leachman,Corky Ballas,7,Eliminated Week 6,5.0,0.09375,0.037,370000.0,0.13075
7,7,0,Brooke Burke,Derek Hough,1,1st Place,10.0,0.20408163265306123,0.1931972789115646,1931972.7891156464,0.3972789115646258
7,7,6,Maurice Greene,Cheryl Burke,5,Eliminated Week 8,8.333333333333334,0.17006802721088438,0.1931972789115646,1931972.7891156464,0.363265306122449
7,7,5,Lance Bass,Lacey Schwimmer,3,3rd Place,8.333333333333334,0.17006802721088438,0.1931972789115646,1931972.7891156464,0.363265306122449
7,7,2,Cody Linley,Julianne Hough,4,Eliminated Week 9,7.333333333333333,0.14965986394557823,0.2068027210884353,2068027.2108843536,0.3564625850340135
7,7,12,Warren Sapp,Kym Johnson,2,2nd Place,7.0,0.14285714285714285,0.2136054421768707,2136054.421768708,0.3564625850340135
7,7,9,Susan Lucci,Tony Dovolani,6,Eliminated Week 7,8.0,0.16326530612244897,0.0,0.0,0.16326530612244897
7,8,0,Brooke Burke,Derek Hough,1,1st Place,9.166666666666666,0.2156862745098039,0.25,2500000.0,0.46568627450980393
7,8,12,Warren Sapp,Kym Johnson,2,2nd Place,9.0,0.21176470588235294,0.25,2500000.0,0.46176470588235297
7,8,5,Lance Bass,Lacey Schwimmer,3,3rd Place,8.333333333333334,0.19607843137254904,0.25,2500000.0,0.44607843137254904
7,8,2,Cody Linley,Julianne Hough,4,Eliminated Week 9,8.0,0.18823529411764706,0.25,2500000.0,0.43823529411764706
7,8,6,Maurice Greene,Cheryl Burke,5,Eliminated Week 8,8.0,0.18823529411764706,0.0,0.0,0.18823529411764706
7,9,5,Lance Bass,Lacey Schwimmer,3,3rd Place,9.5,0.2835820895522388,0.3286666666666666,3286666.6666666665,0.6122487562189054
7,9,12,Warren Sapp,Kym Johnson,2,2nd Place,8.166666666666666,0.24378109452736316,0.3286666666666666,3286666.6666666665,0.5724477611940297
7,9,0,Brooke Burke,Derek Hough,1,1st Place,8.166666666666666,0.24378109452736316,0.3286666666666666,3286666.6666666665,0.5724477611940297
7,9,2,Cody Linley,Julianne Hough,4,Eliminated Week 9,7.666666666666667,0.22885572139303484,0.014,140000.0,0.24285572139303485
7,10,0,Brooke Burke,Derek Hough,1,1st Place,10.0,0.35294117647058826,0.3529411764705882,3529411.7647058824,0.7058823529411764
7,10,12,Warren Sapp,Kym Johnson,2,2nd Place,9.166666666666666,0.3235294117647059,0.3235294117647059,3235294.117647059,0.6470588235294118
7,10,5,Lance Bass,Lacey Schwimmer,3,3rd Place,9.166666666666666,0.3235294117647059,0.3235294117647059,3235294.117647059,0.6470588235294118
8,1,4,Gilles Marini,Cheryl Burke,2,2nd Place,8.0,0.09876543209876543,0.0987654320987654,987654.3209876544,0.19753086419753083
8,1,9,Shawn Johnson,Mark Ballas,1,1st Place,7.666666666666667,0.09465020576131687,0.0946502057613168,946502.0576131688,0.18930041152263366
8,1,8,Melissa Rycroft,Tony Dovolani,3,3rd Place,7.666666666666667,0.09465020576131687,0.0946502057613168,946502.0576131688,0.18930041152263366
8,1,7,Lil' Kim,Derek Hough,5,Eliminated Week 9,7.0,0.08641975308641975,0.0864197530864197,864197.5308641975,0.17283950617283944
8,1,1,Chuck Wicks,Julianne Hough,6,Eliminated Week 8,6.666666666666667,0.0823045267489712,0.0823045267489712,823045.267489712,0.1646090534979424
8,1,2,David Alan Grier,Kym Johnson,9,Eliminated Week 5,6.333333333333333,0.07818930041152262,0.0781893004115226,781893.0041152262,0.15637860082304522
8,1,3,Denise Richards,Maksim Chmerkoskiy,12,Eliminated Week 3,6.0,0.07407407407407407,0.074074074074074,740740.7407407407,0.14814814814814808
8,1,5,Holly Madison,Dmitry Chaplin,11,Eliminated Week 4,6.0,0.07407407407407407,0.074074074074074,740740.7407407407,0.14814814814814808
8,1,0,Belinda Carlisle,Jonathan Roberts,13,Eliminated Week 2,5.666666666666667,0.06995884773662552,0.0699588477366255,699588.4773662551,0.139917695473251
8,1,11,Steve-O,Lacey Schwimmer,8,Eliminated Week 6,5.666666666666667,0.06995884773662552,0.0699588477366255,699588.4773662551,0.139917695473251
8,1,6,Lawrence Taylor,Edyta Sliwinska,7,Eliminated Week 7,5.333333333333333,0.06584362139917695,0.0658436213991769,658436.2139917695,0.13168724279835387
8,1,12,Ty Murray,Chelsie Hightower,4,Eliminated Week 10,4.666666666666667,0.05761316872427984,0.0576131687242798,576131.6872427984,0.11522633744855965
8,1,10,Steve Wozniak,Karina Smirnoff,10,Eliminated Week 4,4.333333333333333,0.053497942386831275,0.0534979423868312,534979.4238683127,0.10699588477366248
8,2,4,Gilles Marini,Cheryl Burke,2,2nd Place,9.0,0.1018867924528302,0.0814465408805031,814465.4088050314,0.1833333333333333
8,2,8,Melissa Rycroft,Tony Dovolani,3,3rd Place,8.666666666666666,0.0981132075471698,0.0814465408805031,814465.4088050314,0.17955974842767292
8,2,9,Shawn Johnson,Mark Ballas,1,1st Place,8.0,0.09056603773584906,0.0814465408805031,814465.4088050314,0.17201257861635216
8,2,7,Lil' Kim,Derek Hough,5,Eliminated Week 9,7.666666666666667,0.08679245283018869,0.0814465408805031,814465.4088050314,0.1682389937106918
8,2,3,Denise Richards,Maksim Chmerkoskiy,12,Eliminated Week 3,7.0,0.07924528301886793,0.0814465408805031,814465.4088050314,0.16069182389937103
8,2,6,Lawrence Taylor,Edyta Sliwinska,7,Eliminated Week 7,6.666666666666667,0.07547169811320756,0.0814465408805031,814465.4088050314,0.15691823899371066
8,2,12,Ty Murray,Chelsie Hightower,4,Eliminated Week 10,6.666666666666667,0.07547169811320756,0.0814465408805031,814465.4088050314,0.15691823899371066
8,2,1,Chuck Wicks,Julianne Hough,6,Eliminated Week 8,6.666666666666667,0.07547169811320756,0.0814465408805031,814465.4088050314,0.15691823899371066
8,2,2,David Alan Grier,Kym Johnson,9,Eliminated Week 5,5.666666666666667,0.06415094339622643,0.0852201257861635,852201.2578616352,0.14937106918238993
8,2,10,Steve Wozniak,Karina Smirnoff,10,Eliminated Week 4,5.666666666666667,0.06415094339622643,0.0852201257861635,852201.2578616352,0.14937106918238993
8,2,11,Steve-O,Lacey Schwimmer,8,Eliminated Week 6,4.666666666666667,0.05283018867924529,0.0965408805031446,965408.8050314466,0.1493710691823899
8,2,5,Holly Madison,Dmitry Chaplin,11,Eliminated Week 4,6.0,0.06792452830188679,0.0814465408805031,814465.4088050314,0.1493710691823899
8,2,0,Belinda Carlisle,Jonathan Roberts,13,Eliminated Week 2,6.0,0.06792452830188679,0.0,0.0,0.06792452830188679
8,3,4,Gilles Marini,Cheryl Burke,2,2nd Place,9.0,0.10629921259842519,0.0884037222619899,884037.2226198999,0.1947029348604151
8,3,9,Shawn Johnson,Mark Ballas,1,1st Place,9.0,0.10629921259842519,0.0884037222619899,884037.2226198999,0.1947029348604151
8,3,8,Melissa Rycroft,Tony Dovolani,3,3rd Place,9.0,0.10629921259842519,0.0884037222619899,884037.2226198999,0.1947029348604151
8,3,7,Lil' Kim,Derek Hough,5,Eliminated Week 9,8.333333333333334,0.0984251968503937,0.0884037222619899,884037.2226198999,0.1868289191123836
8,3,2,David Alan Grier,Kym Johnson,9,Eliminated Week 5,8.0,0.09448818897637795,0.0884037222619899,884037.2226198999,0.18289191123836784
8,3,12,Ty Murray,Chelsie Hightower,4,Eliminated Week 10,7.666666666666667,0.0905511811023622,0.0884037222619899,884037.2226198999,0.1789549033643521
8,3,1,Chuck Wicks,Julianne Hough,6,Eliminated Week 8,7.666666666666667,0.0905511811023622,0.0884037222619899,884037.2226198999,0.1789549033643521
8,3,6,Lawrence Taylor,Edyta Sliwinska,7,Eliminated Week 7,6.666666666666667,0.07874015748031496,0.0884037222619899,884037.2226198999,0.16714387974230488
8,3,5,Holly Madison,Dmitry Chaplin,11,Eliminated Week 4,5.666666666666667,0.06692913385826772,0.0884037222619899,884037.2226198999,0.15533285612025763
8,3,11,Steve-O,Lacey Schwimmer,8,Eliminated Week 6,5.0,0.05905511811023622,0.0923407301360057,923407.3013600574,0.15139584824624192
8,3,10,Steve Wozniak,Karina Smirnoff,10,Eliminated Week 4,3.333333333333333,0.03937007874015747,0.1120257695060844,1120257.6950608448,0.15139584824624186
8,3,3,Denise Richards,Maksim Chmerkoskiy,12,Eliminated Week 3,5.333333333333333,0.06299212598425197,0.0,0.0,0.06299212598425197
8,4,4,Gilles Marini,Cheryl Burke,2,2nd Place,10.0,0.12396694214876032,0.1106519742883379,1106519.742883379,0.2346189164370982
8,4,8,Melissa Rycroft,Tony Dovolani,3,3rd Place,9.666666666666666,0.11983471074380164,0.1106519742883379,1106519.742883379,0.23048668503213954
8,4,7,Lil' Kim,Derek Hough,5,Eliminated Week 9,9.0,0.11157024793388429,0.1106519742883379,1106519.742883379,0.22222222222222218
8,4,12,Ty Murray,Chelsie Hightower,4,Eliminated Week 10,8.333333333333334,0.10330578512396695,0.1106519742883379,1106519.742883379,0.21395775941230483
8,4,9,Shawn Johnson,Mark Ballas,1,1st Place,8.333333333333334,0.10330578512396695,0.1106519742883379,1106519.742883379,0.21395775941230483
8,4,2,David Alan Grier,Kym Johnson,9,Eliminated Week 5,7.333333333333333,0.0909090909090909,0.1106519742883379,1106519.742883379,0.20156106519742878
8,4,1,Chuck Wicks,Julianne Hough,6,Eliminated Week 8,7.333333333333333,0.0909090909090909,0.1106519742883379,1106519.742883379,0.20156106519742878
8,4,6,Lawrence Taylor,Edyta Sliwinska,7,Eliminated Week 7,6.333333333333333,0.07851239669421486,0.1106519742883379,1106519.742883379,0.18916437098255276
8,4,11,Steve-O,Lacey Schwimmer,8,Eliminated Week 6,5.0,0.06198347107438016,0.1147842056932965,1147842.0569329658,0.17676767676767666
8,4,5,Holly Madison,Dmitry Chaplin,11,Eliminated Week 4,5.333333333333333,0.06611570247933883,0.0,0.0,0.06611570247933883
8,4,10,Steve Wozniak,Karina Smirnoff,10,Eliminated Week 4,4.0,0.04958677685950413,0.0,0.0,0.04958677685950413
8,5,4,Gilles Marini,Cheryl Burke,2,2nd Place,9.666666666666666,0.13809523809523808,0.1208333333333333,1208333.3333333333,0.2589285714285714
8,5,9,Shawn Johnson,Mark Ballas,1,1st Place,8.666666666666666,0.1238095238095238,0.1208333333333333,1208333.3333333333,0.2446428571428571
8,5,7,Lil' Kim,Derek Hough,5,Eliminated Week 9,8.666666666666666,0.1238095238095238,0.1208333333333333,1208333.3333333333,0.2446428571428571
8,5,8,Melissa Rycroft,Tony Dovolani,3,3rd Place,8.333333333333334,0.11904761904761905,0.1208333333333333,1208333.3333333333,0.23988095238095236
8,5,1,Chuck Wicks,Julianne Hough,6,Eliminated Week 8,7.666666666666667,0.10952380952380952,0.1208333333333333,1208333.3333333333,0.23035714285714282
8,5,12,Ty Murray,Chelsie Hightower,4,Eliminated Week 10,7.0,0.1,0.1255952380952381,1255952.3809523808,0.2255952380952381
8,5,6,Lawrence Taylor,Edyta Sliwinska,7,Eliminated Week 7,6.666666666666667,0.09523809523809525,0.1303571428571428,1303571.4285714284,0.22559523809523807
8,5,11,Steve-O,Lacey Schwimmer,8,Eliminated Week 6,6.0,0.08571428571428572,0.1398809523809523,1398809.5238095238,0.22559523809523802
8,5,2,David Alan Grier,Kym Johnson,9,Eliminated Week 5,7.333333333333333,0.10476190476190476,0.0,0.0,0.10476190476190476
8,6,7,Lil' Kim,Derek Hough,5,Eliminated Week 9,9.333333333333334,0.15053763440860216,0.1414285714285714,1414285.7142857143,0.2919662058371736
8,6,8,Melissa Rycroft,Tony Dovolani,3,3rd Place,9.0,0.14516129032258066,0.1414285714285714,1414285.7142857143,0.2865898617511521
8,6,4,Gilles Marini,Cheryl Burke,2,2nd Place,8.666666666666666,0.13978494623655913,0.1414285714285714,1414285.7142857143,0.28121351766513053
8,6,9,Shawn Johnson,Mark Ballas,1,1st Place,8.666666666666666,0.13978494623655913,0.1414285714285714,1414285.7142857143,0.28121351766513053
8,6,1,Chuck Wicks,Julianne Hough,6,Eliminated Week 8,7.666666666666667,0.12365591397849462,0.1414285714285714,1414285.7142857143,0.26508448540706603
8,6,6,Lawrence Taylor,Edyta Sliwinska,7,Eliminated Week 7,7.333333333333333,0.11827956989247311,0.1414285714285714,1414285.7142857143,0.25970814132104453
8,6,12,Ty Murray,Chelsie Hightower,4,Eliminated Week 10,6.0,0.0967741935483871,0.1414285714285714,1414285.7142857143,0.2382027649769585
8,6,11,Steve-O,Lacey Schwimmer,8,Eliminated Week 6,5.333333333333333,0.08602150537634408,0.01,100000.0,0.09602150537634407
8,7,8,Melissa Rycroft,Tony Dovolani,3,3rd Place,9.666666666666666,0.15934065934065933,0.164,1640000.0,0.32334065934065936
8,7,9,Shawn Johnson,Mark Ballas,1,1st Place,9.333333333333334,0.15384615384615385,0.164,1640000.0,0.3178461538461539
8,7,4,Gilles Marini,Cheryl Burke,2,2nd Place,9.0,0.14835164835164835,0.164,1640000.0,0.31235164835164836
8,7,1,Chuck Wicks,Julianne Hough,6,Eliminated Week 8,9.0,0.14835164835164835,0.164,1640000.0,0.31235164835164836
8,7,7,Lil' Kim,Derek Hough,5,Eliminated Week 9,8.666666666666666,0.14285714285714285,0.164,1640000.0,0.30685714285714283
8,7,12,Ty Murray,Chelsie Hightower,4,Eliminated Week 10,8.0,0.13186813186813187,0.164,1640000.0,0.2958681318681319
8,7,6,Lawrence Taylor,Edyta Sliwinska,7,Eliminated Week 7,7.0,0.11538461538461539,0.016,160000.0,0.13138461538461538
8,8,7,Lil' Kim,Derek Hough,5,Eliminated Week 9,9.333333333333334,0.1794871794871795,0.1967948717948718,1967948.7179487185,0.3762820512820513
8,8,4,Gilles Marini,Cheryl Burke,2,2nd Place,9.166666666666666,0.17628205128205127,0.1967948717948718,1967948.7179487185,0.3730769230769231
8,8,12,Ty Murray,Chelsie Hightower,4,Eliminated Week 10,8.666666666666666,0.16666666666666666,0.1967948717948718,1967948.7179487185,0.36346153846153845
8,8,9,Shawn Johnson,Mark Ballas,1,1st Place,8.666666666666666,0.16666666666666666,0.1967948717948718,1967948.7179487185,0.36346153846153845
8,8,8,Melissa Rycroft,Tony Dovolani,3,3rd Place,7.666666666666667,0.14743589743589744,0.2128205128205128,2128205.1282051285,0.36025641025641025
8,8,1,Chuck Wicks,Julianne Hough,6,Eliminated Week 8,8.5,0.16346153846153846,0.0,0.0,0.16346153846153846
8,9,8,Melissa Rycroft,Tony Dovolani,3,3rd Place,9.5,0.21348314606741572,0.2443820224719101,2443820.224719101,0.4578651685393258
8,9,4,Gilles Marini,Cheryl Burke,2,2nd Place,9.333333333333334,0.20973782771535582,0.2443820224719101,2443820.224719101,0.4541198501872659
8,9,9,Shawn Johnson,Mark Ballas,1,1st Place,9.333333333333334,0.20973782771535582,0.2443820224719101,2443820.224719101,0.4541198501872659
8,9,12,Ty Murray,Chelsie Hightower,4,Eliminated Week 10,7.666666666666667,0.17228464419475656,0.2668539325842696,2668539.3258426967,0.4391385767790261
8,9,7,Lil' Kim,Derek Hough,5,Eliminated Week 9,8.666666666666666,0.19475655430711608,0.0,0.0,0.19475655430711608
8,10,4,Gilles Marini,Cheryl Burke,2,2nd Place,10.0,0.273972602739726,0.3226544901065449,3226544.901065449,0.5966270928462709
8,10,9,Shawn Johnson,Mark Ballas,1,1st Place,9.333333333333334,0.25570776255707767,0.3226544901065449,3226544.901065449,0.5783622526636225
8,10,8,Melissa Rycroft,Tony Dovolani,3,3rd Place,9.166666666666666,0.2511415525114155,0.3226910197869101,3226910.197869101,0.5738325722983256
8,10,12,Ty Murray,Chelsie Hightower,4,Eliminated Week 10,8.0,0.2191780821917808,0.032,320000.0,0.25117808219178084
8,11,9,Shawn Johnson,Mark Ballas,1,1st Place,10.0,0.34285714285714286,0.3428571428571428,3428571.4285714286,0.6857142857142857
8,11,4,Gilles Marini,Cheryl Burke,2,2nd Place,9.666666666666666,0.33142857142857146,0.3314285714285714,3314285.7142857146,0.6628571428571428
8,11,8,Melissa Rycroft,Tony Dovolani,3,3rd Place,9.5,0.32571428571428573,0.3257142857142857,3257142.8571428573,0.6514285714285715
9,1,5,Joanna Krupa,Derek Hough,4,Eliminated Week 9,11.3333,0.08374392608443777,0.0714285714285714,714285.7142857142,0.15517249751300916
9,1,0,Aaron Carter,Karina Smirnoff,5,Eliminated Week 8,10.666633333333332,0.07881779829674204,0.0714285714285714,714285.7142857142,0.15024636972531344
9,1,13,Mya,Dmitry Chaplin,2,2nd Place,10.3333,0.0763547344028942,0.0714285714285714,714285.7142857142,0.1477833058314656
9,1,7,Kelly Osbourne,Louis van Amstel,3,3rd Place,10.333266666666669,0.07635448809650483,0.0714285714285714,714285.7142857142,0.14778305952507623
9,1,4,Donny Osmond,Kym Johnson,1,1st Place,9.999966666666666,0.07389167050904634,0.0714285714285714,714285.7142857142,0.14532024193761772
9,1,10,Mark Dacascos,Lacey Schwimmer,6,Eliminated Week 7,9.6666,0.07142836030880911,0.0714285714285714,714285.7142857142,0.1428569317373805
9,1,14,Natalie Coughlin,Alec Mazo,10,Eliminated Week 5,8.999933333333333,0.06650223252111338,0.0714285714285714,714285.7142857142,0.13793080394968477
9,1,8,Louie Vito,Chelsie Hightower,8,Eliminated Week 6,8.999933333333333,0.06650223252111338,0.0714285714285714,714285.7142857142,0.13793080394968477
9,1,11,Melissa Joan Hart,Mark Ballas,9,Eliminated Week 6,8.0,0.059113533452348585,0.0714285714285714,714285.7142857142,0.13054210488092
9,1,3,Debi Mazar,Maksim Chmerkoskiy,12,Eliminated Week 3,7.333333333333333,0.05418740566465287,0.0714285714285714,714285.7142857142,0.12561597709322425
9,1,2,Chuck Liddell,Anna Trebunskaya,11,Eliminated Week 4,7.333333333333333,0.05418740566465287,0.0714285714285714,714285.7142857142,0.12561597709322425
9,1,6,Kathy Ireland,Tony Dovolani,14,Eliminated Week 2,6.666633333333333,0.04926103157056777,0.0714285714285714,714285.7142857142,0.12068960299913917
9,1,15,Tom DeLay,Cheryl Burke,13,Withdrew,6.666633333333333,0.04926103157056777,0.0714285714285714,714285.7142857142,0.12068960299913917
9,1,12,Michael Irvin,Anna Demidova,7,Eliminated Week 7,6.333333333333333,0.046798213983109294,0.0714285714285714,714285.7142857142,0.11822678541168069
9,1,1,Ashley Hamiliton,Edyta Sliwinska,16,Eliminated Week 1,6.3333,0.04679796767671991,0.0,0.0,0.04679796767671991
9,1,9,Macy Gray,Jonathan Roberts,15,Eliminated Week 1,6.3333,0.04679796767671991,0.0,0.0,0.04679796767671991
9,2,0,Aaron Carter,Karina Smirnoff,5,Eliminated Week 8,9.0,0.09183673469387756,0.0769230769230769,769230.7692307692,0.16875981161695447
9,2,13,Mya,Dmitry Chaplin,2,2nd Place,9.0,0.09183673469387756,0.0769230769230769,769230.7692307692,0.16875981161695447
9,2,4,Donny Osmond,Kym Johnson,1,1st Place,8.333333333333334,0.08503401360544219,0.0769230769230769,769230.7692307692,0.1619570905285191
9,2,3,Debi Mazar,Maksim Chmerkoskiy,12,Eliminated Week 3,7.0,0.07142857142857142,0.0769230769230769,769230.7692307692,0.14835164835164832
9,2,10,Mark Dacascos,Lacey Schwimmer,6,Eliminated Week 7,7.0,0.07142857142857142,0.0769230769230769,769230.7692307692,0.14835164835164832
9,2,14,Natalie Coughlin,Alec Mazo,10,Eliminated Week 5,7.0,0.07142857142857142,0.0769230769230769,769230.7692307692,0.14835164835164832
9,2,12,Michael Irvin,Anna Demidova,7,Eliminated Week 7,6.666666666666667,0.06802721088435375,0.0769230769230769,769230.7692307692,0.14495028780743063
9,2,5,Joanna Krupa,Derek Hough,4,Eliminated Week 9,6.666666666666667,0.06802721088435375,0.0769230769230769,769230.7692307692,0.14495028780743063
9,2,11,Melissa Joan Hart,Mark Ballas,9,Eliminated Week 6,6.333333333333333,0.06462585034013606,0.0769230769230769,769230.7692307692,0.14154892726321294
9,2,2,Chuck Liddell,Anna Trebunskaya,11,Eliminated Week 4,6.333333333333333,0.06462585034013606,0.0769230769230769,769230.7692307692,0.14154892726321294
9,2,8,Louie Vito,Chelsie Hightower,8,Eliminated Week 6,6.333333333333333,0.06462585034013606,0.0769230769230769,769230.7692307692,0.14154892726321294
9,2,7,Kelly Osbourne,Louis van Amstel,3,3rd Place,6.333333333333333,0.06462585034013606,0.0769230769230769,769230.7692307692,0.14154892726321294
9,2,15,Tom DeLay,Cheryl Burke,13,Withdrew,6.0,0.061224489795918366,0.0769230769230769,769230.7692307692,0.13814756671899525
9,2,6,Kathy Ireland,Tony Dovolani,14,Eliminated Week 2,6.0,0.061224489795918366,0.0,0.0,0.061224489795918366
9,3,13,Mya,Dmitry Chaplin,2,2nd Place,9.0,0.10465116279069768,0.0898520084566596,898520.0845665962,0.19450317124735728
9,3,14,Natalie Coughlin,Alec Mazo,10,Eliminated Week 5,8.666666666666666,0.10077519379844961,0.0898520084566596,898520.0845665962,0.1906272022551092
9,3,5,Joanna Krupa,Derek Hough,4,Eliminated Week 9,7.666666666666667,0.08914728682170543,0.0898520084566596,898520.0845665962,0.17899929527836503
9,3,0,Aaron Carter,Karina Smirnoff,5,Eliminated Week 8,7.0,0.08139534883720931,0.0898520084566596,898520.0845665962,0.17124735729386892
9,3,4,Donny Osmond,Kym Johnson,1,1st Place,7.0,0.08139534883720931,0.0898520084566596,898520.0845665962,0.17124735729386892
9,3,8,Louie Vito,Chelsie Hightower,8,Eliminated Week 6,6.666666666666667,0.07751937984496124,0.0898520084566596,898520.0845665962,0.16737138830162085
9,3,7,Kelly Osbourne,Louis van Amstel,3,3rd Place,6.666666666666667,0.07751937984496124,0.0898520084566596,898520.0845665962,0.16737138830162085
9,3,11,Melissa Joan Hart,Mark Ballas,9,Eliminated Week 6,6.333333333333333,0.07364341085271317,0.0898520084566596,898520.0845665962,0.16349541930937278
9,3,10,Mark Dacascos,Lacey Schwimmer,6,Eliminated Week 7,6.0,0.06976744186046512,0.0898520084566596,898520.0845665962,0.1596194503171247
9,3,12,Michael Irvin,Anna Demidova,7,Eliminated Week 7,4.666666666666667,0.054263565891472874,0.1014799154334038,1014799.154334038,0.15574348132487667
9,3,2,Chuck Liddell,Anna Trebunskaya,11,Eliminated Week 4,5.666666666666667,0.06589147286821706,0.0898520084566596,898520.0845665962,0.15574348132487664
9,3,3,Debi Mazar,Maksim Chmerkoskiy,12,Eliminated Week 3,5.666666666666667,0.06589147286821706,0.0,0.0,0.06589147286821706
9,3,15,Tom DeLay,Cheryl Burke,13,Withdrew,5.0,0.05813953488372093,0.0,0.0,0.05813953488372093
9,4,11,Melissa Joan Hart,Mark Ballas,9,Eliminated Week 6,9.333333333333334,0.11570247933884298,0.0991735537190082,991735.5371900828,0.2148760330578512
9,4,13,Mya,Dmitry Chaplin,2,2nd Place,9.333333333333334,0.11570247933884298,0.0991735537190082,991735.5371900828,0.2148760330578512
9,4,5,Joanna Krupa,Derek Hough,4,Eliminated Week 9,8.666666666666666,0.10743801652892561,0.0991735537190082,991735.5371900828,0.2066115702479338
9,4,14,Natalie Coughlin,Alec Mazo,10,Eliminated Week 5,8.0,0.09917355371900825,0.0991735537190082,991735.5371900828,0.19834710743801645
9,4,4,Donny Osmond,Kym Johnson,1,1st Place,8.0,0.09917355371900825,0.0991735537190082,991735.5371900828,0.19834710743801645
9,4,7,Kelly Osbourne,Louis van Amstel,3,3rd Place,7.666666666666667,0.09504132231404959,0.0991735537190082,991735.5371900828,0.1942148760330578
9,4,10,Mark Dacascos,Lacey Schwimmer,6,Eliminated Week 7,7.333333333333333,0.0909090909090909,0.0991735537190082,991735.5371900828,0.1900826446280991
9,4,0,Aaron Carter,Karina Smirnoff,5,Eliminated Week 8,6.0,0.0743801652892562,0.0991735537190082,991735.5371900828,0.17355371900826438
9,4,8,Louie Vito,Chelsie Hightower,8,Eliminated Week 6,5.333333333333333,0.06611570247933883,0.1033057851239669,1033057.8512396696,0.16942148760330572
9,4,12,Michael Irvin,Anna Demidova,7,Eliminated Week 7,5.333333333333333,0.06611570247933883,0.1033057851239669,1033057.8512396696,0.16942148760330572
9,4,2,Chuck Liddell,Anna Trebunskaya,11,Eliminated Week 4,5.666666666666667,0.07024793388429752,0.0,0.0,0.07024793388429752
9,5,4,Donny Osmond,Kym Johnson,1,1st Place,9.666666666666666,0.11983471074380164,0.1106519742883379,1106519.742883379,0.23048668503213954
9,5,13,Mya,Dmitry Chaplin,2,2nd Place,9.0,0.11157024793388429,0.1106519742883379,1106519.742883379,0.22222222222222218
9,5,10,Mark Dacascos,Lacey Schwimmer,6,Eliminated Week 7,8.666666666666666,0.10743801652892561,0.1106519742883379,1106519.742883379,0.2180899908172635
9,5,5,Joanna Krupa,Derek Hough,4,Eliminated Week 9,8.0,0.09917355371900825,0.1106519742883379,1106519.742883379,0.20982552800734616
9,5,0,Aaron Carter,Karina Smirnoff,5,Eliminated Week 8,8.0,0.09917355371900825,0.1106519742883379,1106519.742883379,0.20982552800734616
9,5,7,Kelly Osbourne,Louis van Amstel,3,3rd Place,8.0,0.09917355371900825,0.1106519742883379,1106519.742883379,0.20982552800734616
9,5,11,Melissa Joan Hart,Mark Ballas,9,Eliminated Week 6,7.666666666666667,0.09504132231404959,0.1106519742883379,1106519.742883379,0.2056932966023875
9,5,12,Michael Irvin,Anna Demidova,7,Eliminated Week 7,7.0,0.08677685950413222,0.1147842056932966,1147842.056932966,0.20156106519742883
9,5,8,Louie Vito,Chelsie Hightower,8,Eliminated Week 6,7.333333333333333,0.0909090909090909,0.1106519742883379,1106519.742883379,0.20156106519742878
9,5,14,Natalie Coughlin,Alec Mazo,10,Eliminated Week 5,7.333333333333333,0.0909090909090909,0.0,0.0,0.0909090909090909
9,6,5,Joanna Krupa,Derek Hough,4,Eliminated Week 9,11.999966666666666,0.1384616331364224,0.1417581280638498,1417581.2806384987,0.2802197612002722
9,6,13,Mya,Dmitry Chaplin,2,2nd Place,11.0,0.12692351627371018,0.1417581280638498,1417581.2806384987,0.26868164433756
9,6,0,Aaron Carter,Karina Smirnoff,5,Eliminated Week 8,10.999933333333331,0.1269227470402782,0.1417581280638498,1417581.2806384987,0.26868087510412797
9,6,10,Mark Dacascos,Lacey Schwimmer,6,Eliminated Week 7,10.666666666666666,0.12307734911390078,0.1417581280638498,1417581.2806384987,0.2648354771777506
9,6,4,Donny Osmond,Kym Johnson,1,1st Place,10.3333,0.1192307973373754,0.1417581280638498,1417581.2806384987,0.2609889254012252
9,6,7,Kelly Osbourne,Louis van Amstel,3,3rd Place,8.333266666666667,0.09615340976180303,0.1417581280638498,1417581.2806384987,0.23791153782565283
9,6,12,Michael Irvin,Anna Demidova,7,Eliminated Week 7,7.333266666666667,0.08461490828237483,0.1494512316169006,1494512.3161690063,0.23406613989927544
9,6,8,Louie Vito,Chelsie Hightower,8,Eliminated Week 6,8.0,0.09230801183542559,0.0,0.0,0.09230801183542559
9,6,11,Melissa Joan Hart,Mark Ballas,9,Eliminated Week 6,7.999966666666666,0.0923076272187096,0.0,0.0,0.0923076272187096
9,7,5,Joanna Krupa,Derek Hough,4,Eliminated Week 9,9.166666666666666,0.15669515669515668,0.182022792022792,1820227.9202279204,0.3387179487179487
9,7,0,Aaron Carter,Karina Smirnoff,5,Eliminated Week 8,8.833333333333334,0.150997150997151,0.1877207977207977,1877207.9772079769,0.3387179487179487
9,7,13,Mya,Dmitry Chaplin,2,2nd Place,8.166666666666666,0.1396011396011396,0.1991168091168091,1991168.0911680912,0.3387179487179487
9,7,4,Donny Osmond,Kym Johnson,1,1st Place,8.666666666666666,0.14814814814814814,0.1905698005698005,1905698.0056980052,0.33871794871794864
9,7,7,Kelly Osbourne,Louis van Amstel,3,3rd Place,8.666666666666666,0.14814814814814814,0.1905698005698005,1905698.0056980052,0.33871794871794864
9,7,12,Michael Irvin,Anna Demidova,7,Eliminated Week 7,7.833333333333333,0.1339031339031339,0.05,500000.0,0.1839031339031339
9,7,10,Mark Dacascos,Lacey Schwimmer,6,Eliminated Week 7,7.166666666666667,0.1225071225071225,0.0,0.0,0.1225071225071225
9,8,13,Mya,Dmitry Chaplin,2,2nd Place,9.833333333333334,0.22519083969465647,0.25,2500000.0,0.4751908396946565
9,8,5,Joanna Krupa,Derek Hough,4,Eliminated Week 9,8.666666666666666,0.19847328244274806,0.25,2500000.0,0.4484732824427481
9,8,7,Kelly Osbourne,Louis van Amstel,3,3rd Place,8.5,0.1946564885496183,0.25,2500000.0,0.4446564885496183
9,8,4,Donny Osmond,Kym Johnson,1,1st Place,8.333333333333334,0.19083969465648853,0.25,2500000.0,0.44083969465648853
9,8,0,Aaron Carter,Karina Smirnoff,5,Eliminated Week 8,8.333333333333334,0.19083969465648853,0.0,0.0,0.19083969465648853
9,9,13,Mya,Dmitry Chaplin,2,2nd Place,9.666633333333332,0.2718749970703024,0.322915797523054,3229157.97523054,0.5947907945933564
9,9,4,Donny Osmond,Kym Johnson,1,1st Place,8.2222,0.23125016992245914,0.3447914977207734,3447914.9772077342,0.5760416676432325
9,9,7,Kelly Osbourne,Louis van Amstel,3,3rd Place,8.6666,0.24374896288705994,0.3322927047561726,3322927.047561726,0.5760416676432325
9,9,5,Joanna Krupa,Derek Hough,4,Eliminated Week 9,9.0,0.25312587012017856,0.0,0.0,0.25312587012017856
9,10,4,Donny Osmond,Kym Johnson,1,1st Place,9.6666,0.35127769056340485,0.3512776905634048,3512776.9056340484,0.7025553811268097
9,10,13,Mya,Dmitry Chaplin,2,2nd Place,9.4444,0.3432030932030932,0.3432030932030932,3432030.932030932,0.6864061864061864
9,10,7,Kelly Osbourne,Louis van Amstel,3,3rd Place,8.4074,0.305519216233502,0.305519216233502,3055192.16233502,0.611038432467004
10,1,7,Nicole Scherzinger,Derek Hough,1,1st Place,8.333333333333334,0.11961722488038277,0.1196172248803827,1196172.2488038277,0.23923444976076547
10,1,4,Evan Lysacek,Anna Trebunskaya,2,2nd Place,7.666666666666667,0.11004784688995214,0.1100478468899521,1100478.4688995215,0.22009569377990423
10,1,9,Pamela Anderson,Damian Whitewood,6,Eliminated Week 7,7.0,0.10047846889952153,0.1004784688995215,1004784.6889952152,0.20095693779904303
10,1,3,Erin Andrews,Maksim Chmerkoskiy,3,3rd Place,7.0,0.10047846889952153,0.1004784688995215,1004784.6889952152,0.20095693779904303
10,1,5,Jake Pavelka,Chelsie Hightower,7,Eliminated Week 6,6.666666666666667,0.09569377990430622,0.0956937799043062,956937.799043062,0.19138755980861244
10,1,10,Shannen Doherty,Mark Ballas,11,Eliminated Week 2,6.0,0.08612440191387559,0.0861244019138755,861244.0191387559,0.1722488038277511
10,1,8,Niecy Nash,Louis van Amstel,5,Eliminated Week 8,6.0,0.08612440191387559,0.0861244019138755,861244.0191387559,0.1722488038277511
10,1,2,Chad Ochocinco,Cheryl Burke,4,Eliminated Week 9,6.0,0.08612440191387559,0.0861244019138755,861244.0191387559,0.1722488038277511
10,1,6,Kate Gosselin,Tony Dovolani,8,Eliminated Week 5,5.333333333333333,0.07655502392344497,0.0765550239234449,765550.2392344497,0.15311004784688986
10,1,0,Aiden Turner,Edyta Sliwinska,9,Eliminated Week 4,5.0,0.07177033492822966,0.0717703349282296,717703.3492822966,0.14354066985645925
10,1,1,Buzz Aldrin,Ashly DelGrosso,10,Eliminated Week 3,4.666666666666667,0.06698564593301436,0.0669856459330143,669856.4593301435,0.13397129186602866
10,2,7,Nicole Scherzinger,Derek Hough,1,1st Place,9.333333333333334,0.1272727272727273,0.0918181818181818,918181.818181818,0.2190909090909091
10,2,4,Evan Lysacek,Anna Trebunskaya,2,2nd Place,8.0,0.1090909090909091,0.0918181818181818,918181.818181818,0.2009090909090909
10,2,3,Erin Andrews,Maksim Chmerkoskiy,3,3rd Place,7.666666666666667,0.10454545454545455,0.0918181818181818,918181.818181818,0.19636363636363635
10,2,9,Pamela Anderson,Damian Whitewood,6,Eliminated Week 7,7.333333333333333,0.1,0.0918181818181818,918181.818181818,0.1918181818181818
10,2,8,Niecy Nash,Louis van Amstel,5,Eliminated Week 8,7.0,0.09545454545454546,0.0918181818181818,918181.818181818,0.18727272727272726
10,2,2,Chad Ochocinco,Cheryl Burke,4,Eliminated Week 9,5.333333333333333,0.07272727272727272,0.11,1100000.0000000002,0.18272727272727274
10,2,5,Jake Pavelka,Chelsie Hightower,7,Eliminated Week 6,6.666666666666667,0.09090909090909093,0.0918181818181818,918181.818181818,0.18272727272727274
10,2,0,Aiden Turner,Edyta Sliwinska,9,Eliminated Week 4,6.333333333333333,0.08636363636363636,0.0963636363636363,963636.3636363638,0.18272727272727268
10,2,6,Kate Gosselin,Tony Dovolani,8,Eliminated Week 5,5.0,0.06818181818181819,0.1145454545454545,1145454.5454545454,0.18272727272727268
10,2,1,Buzz Aldrin,Ashly DelGrosso,10,Eliminated Week 3,4.0,0.05454545454545455,0.1281818181818181,1281818.1818181816,0.18272727272727263
10,2,10,Shannen Doherty,Mark Ballas,11,Eliminated Week 2,6.666666666666667,0.09090909090909093,0.0,0.0,0.09090909090909093
10,3,4,Evan Lysacek,Anna Trebunskaya,2,2nd Place,8.666666666666666,0.12807881773399013,0.1101111111111111,1101111.111111111,0.23818992884510123
10,3,7,Nicole Scherzinger,Derek Hough,1,1st Place,7.666666666666667,0.11330049261083744,0.1101111111111111,1101111.111111111,0.22341160372194854
10,3,3,Erin Andrews,Maksim Chmerkoskiy,3,3rd Place,7.666666666666667,0.11330049261083744,0.1101111111111111,1101111.111111111,0.22341160372194854
10,3,8,Niecy Nash,Louis van Amstel,5,Eliminated Week 8,7.0,0.10344827586206896,0.1101111111111111,1101111.111111111,0.21355938697318005
10,3,9,Pamela Anderson,Damian Whitewood,6,Eliminated Week 7,7.0,0.10344827586206896,0.1101111111111111,1101111.111111111,0.21355938697318005
10,3,5,Jake Pavelka,Chelsie Hightower,7,Eliminated Week 6,7.0,0.10344827586206896,0.1101111111111111,1101111.111111111,0.21355938697318005
10,3,0,Aiden Turner,Edyta Sliwinska,9,Eliminated Week 4,6.666666666666667,0.09852216748768472,0.1101111111111111,1101111.111111111,0.20863327859879582
10,3,2,Chad Ochocinco,Cheryl Burke,4,Eliminated Week 9,6.666666666666667,0.09852216748768472,0.1101111111111111,1101111.111111111,0.20863327859879582
10,3,6,Kate Gosselin,Tony Dovolani,8,Eliminated Week 5,5.0,0.07389162561576354,0.1101111111111111,1101111.111111111,0.18400273672687464
10,3,1,Buzz Aldrin,Ashly DelGrosso,10,Eliminated Week 3,4.333333333333333,0.06403940886699507,0.009,90000.00000000001,0.07303940886699506
10,4,4,Evan Lysacek,Anna Trebunskaya,2,2nd Place,8.666666666666666,0.14016172506738542,0.1246630727762803,1246630.7277628032,0.26482479784366575
10,4,7,Nicole Scherzinger,Derek Hough,1,1st Place,8.333333333333334,0.13477088948787064,0.1246630727762803,1246630.7277628032,0.25943396226415094
10,4,9,Pamela Anderson,Damian Whitewood,6,Eliminated Week 7,7.833333333333333,0.12668463611859837,0.1246630727762803,1246630.7277628032,0.2513477088948787
10,4,2,Chad Ochocinco,Cheryl Burke,4,Eliminated Week 9,7.333333333333333,0.11859838274932613,0.1246630727762803,1246630.7277628032,0.24326145552560643
10,4,3,Erin Andrews,Maksim Chmerkoskiy,3,3rd Place,6.5,0.10512129380053908,0.1246630727762803,1246630.7277628032,0.2297843665768194
10,4,5,Jake Pavelka,Chelsie Hightower,7,Eliminated Week 6,6.333333333333333,0.10242587601078167,0.1246630727762803,1246630.7277628032,0.22708894878706198
10,4,8,Niecy Nash,Louis van Amstel,5,Eliminated Week 8,6.0,0.09703504043126684,0.1246630727762803,1246630.7277628032,0.22169811320754715
10,4,6,Kate Gosselin,Tony Dovolani,8,Eliminated Week 5,5.333333333333333,0.08625336927223719,0.1273584905660377,1273584.9056603771,0.2136118598382749
10,4,0,Aiden Turner,Edyta Sliwinska,9,Eliminated Week 4,5.5,0.0889487870619946,0.0,0.0,0.0889487870619946
10,5,7,Nicole Scherzinger,Derek Hough,1,1st Place,9.666666666666666,0.1676300578034682,0.1404285714285714,1404285.7142857143,0.30805862923203964
10,5,4,Evan Lysacek,Anna Trebunskaya,2,2nd Place,9.0,0.15606936416184972,0.1404285714285714,1404285.7142857143,0.29649793559042115
10,5,5,Jake Pavelka,Chelsie Hightower,7,Eliminated Week 6,7.666666666666667,0.13294797687861273,0.1404285714285714,1404285.7142857143,0.27337654830718416
10,5,3,Erin Andrews,Maksim Chmerkoskiy,3,3rd Place,7.333333333333333,0.12716763005780346,0.1404285714285714,1404285.7142857143,0.26759620148637486
10,5,9,Pamela Anderson,Damian Whitewood,6,Eliminated Week 7,7.0,0.12138728323699423,0.1404285714285714,1404285.7142857143,0.2618158546655656
10,5,8,Niecy Nash,Louis van Amstel,5,Eliminated Week 8,6.0,0.10404624277456648,0.1404285714285714,1404285.7142857143,0.24447481420313788
10,5,2,Chad Ochocinco,Cheryl Burke,4,Eliminated Week 9,6.0,0.10404624277456648,0.1404285714285714,1404285.7142857143,0.24447481420313788
10,5,6,Kate Gosselin,Tony Dovolani,8,Eliminated Week 5,5.0,0.08670520231213873,0.017,170000.0,0.10370520231213873
10,6,7,Nicole Scherzinger,Derek Hough,1,1st Place,11.999966666666666,0.17224890226905065,0.166,1660000.0,0.3382489022690507
10,6,3,Erin Andrews,Maksim Chmerkoskiy,3,3rd Place,11.333333333333334,0.16267997069846646,0.166,1660000.0,0.32867997069846644
10,6,2,Chad Ochocinco,Cheryl Burke,4,Eliminated Week 9,10.3333,0.148325377166335,0.166,1660000.0,0.314325377166335
10,6,9,Pamela Anderson,Damian Whitewood,6,Eliminated Week 7,9.999933333333331,0.1435401936752898,0.166,1660000.0,0.30954019367528984
10,6,4,Evan Lysacek,Anna Trebunskaya,2,2nd Place,9.0,0.12918703555466454,0.166,1660000.0,0.2951870355546645
10,6,8,Niecy Nash,Louis van Amstel,5,Eliminated Week 8,8.6666,0.12440137359311731,0.166,1660000.0,0.29040137359311735
10,6,5,Jake Pavelka,Chelsie Hightower,7,Eliminated Week 6,8.3333,0.11961714704307622,0.004,40000.0,0.12361714704307622
10,7,4,Evan Lysacek,Anna Trebunskaya,2,2nd Place,9.0,0.17363344051446947,0.1987138263665595,1987138.2636655949,0.3723472668810289
10,7,7,Nicole Scherzinger,Derek Hough,1,1st Place,9.0,0.17363344051446947,0.1987138263665595,1987138.2636655949,0.3723472668810289
10,7,2,Chad Ochocinco,Cheryl Burke,4,Eliminated Week 9,8.666666666666666,0.16720257234726688,0.1987138263665595,1987138.2636655949,0.36591639871382636
10,7,3,Erin Andrews,Maksim Chmerkoskiy,3,3rd Place,8.5,0.16398713826366562,0.1987138263665595,1987138.2636655949,0.3627009646302251
10,7,8,Niecy Nash,Louis van Amstel,5,Eliminated Week 8,8.166666666666666,0.15755627009646303,0.205144694533762,2051446.9453376208,0.36270096463022505
10,7,9,Pamela Anderson,Damian Whitewood,6,Eliminated Week 7,8.5,0.16398713826366562,0.0,0.0,0.16398713826366562
10,8,7,Nicole Scherzinger,Derek Hough,1,1st Place,9.833333333333334,0.23320158102766797,0.24825,2482500.0,0.48145158102766794
10,8,4,Evan Lysacek,Anna Trebunskaya,2,2nd Place,8.833333333333334,0.20948616600790512,0.24825,2482500.0,0.4577361660079051
10,8,3,Erin Andrews,Maksim Chmerkoskiy,3,3rd Place,8.833333333333334,0.20948616600790512,0.24825,2482500.0,0.4577361660079051
10,8,2,Chad Ochocinco,Cheryl Burke,4,Eliminated Week 9,7.5,0.17786561264822132,0.24825,2482500.0,0.4261156126482213
10,8,8,Niecy Nash,Louis van Amstel,5,Eliminated Week 8,7.166666666666667,0.16996047430830039,0.007,70000.0,0.1769604743083004
10,9,4,Evan Lysacek,Anna Trebunskaya,2,2nd Place,9.833333333333334,0.26106194690265483,0.3276666666666666,3276666.6666666665,0.5887286135693215
10,9,7,Nicole Scherzinger,Derek Hough,1,1st Place,9.833333333333334,0.26106194690265483,0.3276666666666666,3276666.6666666665,0.5887286135693215
10,9,3,Erin Andrews,Maksim Chmerkoskiy,3,3rd Place,9.333333333333334,0.24778761061946902,0.3276666666666666,3276666.6666666665,0.5754542772861356
10,9,2,Chad Ochocinco,Cheryl Burke,4,Eliminated Week 9,8.666666666666666,0.2300884955752212,0.017,170000.0,0.24708849557522122
10,10,7,Nicole Scherzinger,Derek Hough,1,1st Place,9.592566666666666,0.34811930389929624,0.3481193038992962,3481193.0389929623,0.6962386077985925
10,10,3,Erin Andrews,Maksim Chmerkoskiy,3,3rd Place,8.999933333333333,0.32661232765023673,0.3266123276502367,3266123.276502367,0.6532246553004735
10,10,4,Evan Lysacek,Anna Trebunskaya,2,2nd Place,8.9629,0.325268368450467,0.325268368450467,3252683.68450467,0.650536736900934
11,1,5,Jennifer Grey,Derek Hough,1,1st Place,8.0,0.10572687224669602,0.0909090909090909,909090.9090909092,0.1966359631557869
11,1,7,Kyle Massey,Lacey Schwimmer,2,2nd Place,7.666666666666667,0.1013215859030837,0.0909090909090909,909090.9090909092,0.1922306768121746
11,1,1,Brandy,Maksim Chmerkoskiy,4,Eliminated Week 9,7.666666666666667,0.1013215859030837,0.0909090909090909,909090.9090909092,0.1922306768121746
11,1,10,Rick Fox,Cheryl Burke,6,Eliminated Week 7,7.333333333333333,0.09691629955947136,0.0909090909090909,909090.9090909092,0.18782539046856225
11,1,6,Kurt Warner,Anna Trebunskaya,5,Eliminated Week 8,6.333333333333333,0.08370044052863435,0.0909090909090909,909090.9090909092,0.17460953143772523
11,1,0,Audrina Patridge,Tony Dovolani,7,Eliminated Week 6,6.333333333333333,0.08370044052863435,0.0909090909090909,909090.9090909092,0.17460953143772523
11,1,4,Florence Henderson,Corky Ballas,8,Eliminated Week 5,6.0,0.07929515418502202,0.0909090909090909,909090.9090909092,0.17020424509411292
11,1,2,Bristol Palin,Mark Ballas,3,3rd Place,6.0,0.07929515418502202,0.0909090909090909,909090.9090909092,0.17020424509411292
11,1,9,Michael Bolton,Chelsie Hightower,11,Eliminated Week 2,5.333333333333333,0.07048458149779735,0.0909090909090909,909090.9090909092,0.16139367240688823
11,1,8,Margaret Cho,Louis van Amstel,10,Eliminated Week 3,5.0,0.06607929515418502,0.0909090909090909,909090.9090909092,0.15698838606327592
11,1,11,The Situation,Karina Smirnoff,9,Eliminated Week 4,5.0,0.06607929515418502,0.0909090909090909,909090.9090909092,0.15698838606327592
11,1,3,David Hasselhoff,Kym Johnson,12,Eliminated Week 1,5.0,0.06607929515418502,0.0,0.0,0.06607929515418502
11,2,5,Jennifer Grey,Derek Hough,1,1st Place,8.0,0.10859728506787329,0.0973,973000.0,0.2058972850678733
11,2,0,Audrina Patridge,Tony Dovolani,7,Eliminated Week 6,7.666666666666667,0.10407239819004524,0.0973,973000.0,0.20137239819004524
11,2,7,Kyle Massey,Lacey Schwimmer,2,2nd Place,7.333333333333333,0.09954751131221719,0.0973,973000.0,0.19684751131221717
11,2,2,Bristol Palin,Mark Ballas,3,3rd Place,7.333333333333333,0.09954751131221719,0.0973,973000.0,0.19684751131221717
11,2,10,Rick Fox,Cheryl Burke,6,Eliminated Week 7,7.0,0.09502262443438914,0.0973,973000.0,0.19232262443438913
11,2,6,Kurt Warner,Anna Trebunskaya,5,Eliminated Week 8,7.0,0.09502262443438914,0.0973,973000.0,0.19232262443438913
11,2,1,Brandy,Maksim Chmerkoskiy,4,Eliminated Week 9,7.0,0.09502262443438914,0.0973,973000.0,0.19232262443438913
11,2,4,Florence Henderson,Corky Ballas,8,Eliminated Week 5,6.333333333333333,0.08597285067873302,0.0973,973000.0,0.183272850678733
11,2,8,Margaret Cho,Louis van Amstel,10,Eliminated Week 3,6.0,0.08144796380090497,0.0973,973000.0,0.17874796380090496
11,2,11,The Situation,Karina Smirnoff,9,Eliminated Week 4,6.0,0.08144796380090497,0.0973,973000.0,0.17874796380090496
11,2,9,Michael Bolton,Chelsie Hightower,11,Eliminated Week 2,4.0,0.054298642533936646,0.027,270000.0,0.08129864253393665
11,3,0,Audrina Patridge,Tony Dovolani,7,Eliminated Week 6,8.666666666666666,0.1176470588235294,0.1106666666666666,1106666.6666666667,0.228313725490196
11,3,5,Jennifer Grey,Derek Hough,1,1st Place,8.0,0.10859728506787329,0.1106666666666666,1106666.6666666667,0.21926395173453989
11,3,10,Rick Fox,Cheryl Burke,6,Eliminated Week 7,8.0,0.10859728506787329,0.1106666666666666,1106666.6666666667,0.21926395173453989
11,3,1,Brandy,Maksim Chmerkoskiy,4,Eliminated Week 9,8.0,0.10859728506787329,0.1106666666666666,1106666.6666666667,0.21926395173453989
11,3,7,Kyle Massey,Lacey Schwimmer,2,2nd Place,7.666666666666667,0.10407239819004524,0.1106666666666666,1106666.6666666667,0.21473906485671185
11,3,6,Kurt Warner,Anna Trebunskaya,5,Eliminated Week 8,7.666666666666667,0.10407239819004524,0.1106666666666666,1106666.6666666667,0.21473906485671185
11,3,4,Florence Henderson,Corky Ballas,8,Eliminated Week 5,6.666666666666667,0.09049773755656108,0.1106666666666666,1106666.6666666667,0.20116440422322768
11,3,11,The Situation,Karina Smirnoff,9,Eliminated Week 4,6.666666666666667,0.09049773755656108,0.1106666666666666,1106666.6666666667,0.20116440422322768
11,3,2,Bristol Palin,Mark Ballas,3,3rd Place,6.333333333333333,0.08597285067873302,0.1106666666666666,1106666.6666666667,0.1966395173453996
11,3,8,Margaret Cho,Louis van Amstel,10,Eliminated Week 3,6.0,0.08144796380090497,0.004,40000.0,0.08544796380090497
11,4,5,Jennifer Grey,Derek Hough,1,1st Place,9.333333333333334,0.15642458100558662,0.123625,1236250.0,0.28004958100558663
11,4,1,Brandy,Maksim Chmerkoskiy,4,Eliminated Week 9,8.0,0.1340782122905028,0.123625,1236250.0,0.2577032122905028
11,4,0,Audrina Patridge,Tony Dovolani,7,Eliminated Week 6,7.666666666666667,0.12849162011173185,0.123625,1236250.0,0.25211662011173186
11,4,7,Kyle Massey,Lacey Schwimmer,2,2nd Place,6.666666666666667,0.111731843575419,0.123625,1236250.0,0.235356843575419
11,4,10,Rick Fox,Cheryl Burke,6,Eliminated Week 7,6.5,0.10893854748603353,0.123625,1236250.0,0.23256354748603353
11,4,4,Florence Henderson,Corky Ballas,8,Eliminated Week 5,5.833333333333333,0.09776536312849161,0.123625,1236250.0,0.2213903631284916
11,4,6,Kurt Warner,Anna Trebunskaya,5,Eliminated Week 8,5.666666666666667,0.09497206703910616,0.123625,1236250.0,0.21859706703910614
11,4,2,Bristol Palin,Mark Ballas,3,3rd Place,5.333333333333333,0.0893854748603352,0.123625,1236250.0,0.2130104748603352
11,4,11,The Situation,Karina Smirnoff,9,Eliminated Week 4,4.666666666666667,0.07821229050279331,0.011,110000.0,0.0892122905027933
11,5,1,Brandy,Maksim Chmerkoskiy,4,Eliminated Week 9,9.0,0.14835164835164835,0.1397174254317111,1397174.2543171116,0.28806907378335944
11,5,5,Jennifer Grey,Derek Hough,1,1st Place,8.333333333333334,0.13736263736263737,0.1397174254317111,1397174.2543171116,0.2770800627943485
11,5,10,Rick Fox,Cheryl Burke,6,Eliminated Week 7,8.0,0.13186813186813187,0.1397174254317111,1397174.2543171116,0.27158555729984296
11,5,6,Kurt Warner,Anna Trebunskaya,5,Eliminated Week 8,8.0,0.13186813186813187,0.1397174254317111,1397174.2543171116,0.27158555729984296
11,5,0,Audrina Patridge,Tony Dovolani,7,Eliminated Week 6,7.666666666666667,0.1263736263736264,0.1397174254317111,1397174.2543171116,0.2660910518053375
11,5,7,Kyle Massey,Lacey Schwimmer,2,2nd Place,6.666666666666667,0.1098901098901099,0.1452119309262166,1452119.3092621665,0.2551020408163265
11,5,2,Bristol Palin,Mark Ballas,3,3rd Place,6.0,0.09890109890109891,0.1562009419152276,1562009.4191522764,0.2551020408163265
11,5,4,Florence Henderson,Corky Ballas,8,Eliminated Week 5,7.0,0.11538461538461539,0.0,0.0,0.11538461538461539
11,6,1,Brandy,Maksim Chmerkoskiy,4,Eliminated Week 9,11.999966666666666,0.17391314849856981,0.1497588800219775,1497588.8002197752,0.32367202852054733
11,6,7,Kyle Massey,Lacey Schwimmer,2,2nd Place,9.999966666666666,0.14492754323323798,0.1594202653503337,1594202.6535033374,0.3043478085835717
11,6,5,Jennifer Grey,Derek Hough,1,1st Place,9.666666666666666,0.14009709211577046,0.1642507164678012,1642507.1646780127,0.3043478085835717
11,6,10,Rick Fox,Cheryl Burke,6,Eliminated Week 7,10.0,0.1449280263266591,0.1594197822569126,1594197.822569126,0.3043478085835717
11,6,6,Kurt Warner,Anna Trebunskaya,5,Eliminated Week 8,7.3333,0.10628006954612891,0.1980677390374428,1980677.390374428,0.3043478085835717
11,6,2,Bristol Palin,Mark Ballas,3,3rd Place,9.333266666666669,0.13526519171803966,0.169082616865532,1690826.1686553208,0.3043478085835717
11,6,0,Audrina Patridge,Tony Dovolani,7,Eliminated Week 6,10.6666,0.1545889285615942,0.0,0.0,0.1545889285615942
11,7,5,Jennifer Grey,Derek Hough,1,1st Place,9.125,0.1750599520383693,0.1971223021582733,1971223.0215827336,0.37218225419664264
11,7,1,Brandy,Maksim Chmerkoskiy,4,Eliminated Week 9,9.125,0.1750599520383693,0.1971223021582733,1971223.0215827336,0.37218225419664264
11,7,6,Kurt Warner,Anna Trebunskaya,5,Eliminated Week 8,8.75,0.16786570743405277,0.1971223021582733,1971223.0215827336,0.3649880095923261
11,7,2,Bristol Palin,Mark Ballas,3,3rd Place,8.125,0.15587529976019185,0.2067146282973621,2067146.2829736208,0.36258992805755397
11,7,7,Kyle Massey,Lacey Schwimmer,2,2nd Place,8.375,0.1606714628297362,0.2019184652278177,2019184.6522781767,0.3625899280575539
11,7,10,Rick Fox,Cheryl Burke,6,Eliminated Week 7,8.625,0.16546762589928057,0.0,0.0,0.16546762589928057
11,8,5,Jennifer Grey,Derek Hough,1,1st Place,9.5,0.21509433962264152,0.2490566037735849,2490566.037735849,0.4641509433962264
11,8,1,Brandy,Maksim Chmerkoskiy,4,Eliminated Week 9,9.5,0.21509433962264152,0.2490566037735849,2490566.037735849,0.4641509433962264
11,8,7,Kyle Massey,Lacey Schwimmer,2,2nd Place,9.333333333333334,0.21132075471698117,0.2490566037735849,2490566.037735849,0.46037735849056605
11,8,2,Bristol Palin,Mark Ballas,3,3rd Place,7.833333333333333,0.17735849056603775,0.2528301886792453,2528301.886792453,0.43018867924528303
11,8,6,Kurt Warner,Anna Trebunskaya,5,Eliminated Week 8,8.0,0.18113207547169813,0.0,0.0,0.18113207547169813
11,9,5,Jennifer Grey,Derek Hough,1,1st Place,10.0,0.2631578947368421,0.3274853801169591,3274853.801169591,0.5906432748538012
11,9,7,Kyle Massey,Lacey Schwimmer,2,2nd Place,9.666666666666666,0.25438596491228066,0.3274853801169591,3274853.801169591,0.5818713450292398
11,9,2,Bristol Palin,Mark Ballas,3,3rd Place,8.833333333333334,0.23245614035087722,0.3450292397660819,3450292.397660819,0.5774853801169592
11,9,1,Brandy,Maksim Chmerkoskiy,4,Eliminated Week 9,9.5,0.25,0.0,0.0,0.25
11,10,5,Jennifer Grey,Derek Hough,1,1st Place,10.0,0.36144665408832305,0.361446654088323,3614466.540883231,0.722893308176646
11,10,7,Kyle Massey,Lacey Schwimmer,2,2nd Place,9.111066666666666,0.3293164561842317,0.3293164561842317,3293164.561842317,0.6586329123684634
11,10,2,Bristol Palin,Mark Ballas,3,3rd Place,8.555533333333335,0.3092368897274452,0.3092368897274452,3092368.897274452,0.6184737794548903
12,1,7,Ralph Macchio,Karina Smirnoff,4,Eliminated Week 9,8.0,0.11594202898550725,0.1159420289855072,1159420.2898550725,0.23188405797101447
12,1,4,Kirstie Alley,Maksim Chmerkoskiy,2,2nd Place,7.666666666666667,0.11111111111111112,0.1111111111111111,1111111.1111111112,0.2222222222222222
12,1,0,Chelsea Kane,Mark Ballas,3,3rd Place,7.0,0.10144927536231885,0.1014492753623188,1014492.7536231884,0.20289855072463764
12,1,2,Hines Ward,Kym Johnson,1,1st Place,7.0,0.10144927536231885,0.1014492753623188,1014492.7536231884,0.20289855072463764
12,1,1,Chris Jericho,Cheryl Burke,7,Eliminated Week 6,6.333333333333333,0.09178743961352656,0.0917874396135265,917874.3961352656,0.18357487922705307
12,1,8,Romeo,Chelsie Hightower,5,Eliminated Week 8,6.333333333333333,0.09178743961352656,0.0917874396135265,917874.3961352656,0.18357487922705307
12,1,6,Petra Nemcova,Dmitry Chaplin,8,Eliminated Week 5,6.0,0.08695652173913043,0.0869565217391304,869565.2173913043,0.17391304347826084
12,1,3,Kendra Wilkinson,Louis van Amstel,6,Eliminated Week 7,6.0,0.08695652173913043,0.0869565217391304,869565.2173913043,0.17391304347826084
12,1,9,Sugar Ray Leonard,Anna Trebunskaya,9,Eliminated Week 4,5.666666666666667,0.0821256038647343,0.0821256038647343,821256.038647343,0.1642512077294686
12,1,10,Wendy Williams,Tony Dovolani,10,Eliminated Week 3,4.666666666666667,0.0676328502415459,0.0676328502415459,676328.502415459,0.1352657004830918
12,1,5,Mike Catherwood,Lacey Schwimmer,11,Eliminated Week 2,4.333333333333333,0.06280193236714976,0.0628019323671497,628019.3236714976,0.12560386473429946
12,2,2,Hines Ward,Kym Johnson,1,1st Place,7.666666666666667,0.10648148148148148,0.1,1000000.0,0.2064814814814815
12,2,1,Chris Jericho,Cheryl Burke,7,Eliminated Week 6,7.666666666666667,0.10648148148148148,0.1,1000000.0,0.2064814814814815
12,2,8,Romeo,Chelsie Hightower,5,Eliminated Week 8,7.666666666666667,0.10648148148148148,0.1,1000000.0,0.2064814814814815
12,2,7,Ralph Macchio,Karina Smirnoff,4,Eliminated Week 9,7.0,0.09722222222222222,0.1,1000000.0,0.19722222222222224
12,2,4,Kirstie Alley,Maksim Chmerkoskiy,2,2nd Place,6.666666666666667,0.0925925925925926,0.1,1000000.0,0.1925925925925926
12,2,3,Kendra Wilkinson,Louis van Amstel,6,Eliminated Week 7,6.333333333333333,0.08796296296296297,0.1,1000000.0,0.18796296296296297
12,2,0,Chelsea Kane,Mark Ballas,3,3rd Place,6.0,0.08333333333333333,0.1,1000000.0,0.18333333333333335
12,2,6,Petra Nemcova,Dmitry Chaplin,8,Eliminated Week 5,6.0,0.08333333333333333,0.1,1000000.0,0.18333333333333335
12,2,9,Sugar Ray Leonard,Anna Trebunskaya,9,Eliminated Week 4,5.666666666666667,0.0787037037037037,0.1,1000000.0,0.1787037037037037
12,2,10,Wendy Williams,Tony Dovolani,10,Eliminated Week 3,5.666666666666667,0.0787037037037037,0.1,1000000.0,0.1787037037037037
12,2,5,Mike Catherwood,Lacey Schwimmer,11,Eliminated Week 2,5.666666666666667,0.0787037037037037,0.0,0.0,0.0787037037037037
12,3,2,Hines Ward,Kym Johnson,1,1st Place,8.333333333333334,0.11682242990654207,0.1085555555555555,1085555.5555555555,0.22537798546209759
12,3,6,Petra Nemcova,Dmitry Chaplin,8,Eliminated Week 5,8.333333333333334,0.11682242990654207,0.1085555555555555,1085555.5555555555,0.22537798546209759
12,3,0,Chelsea Kane,Mark Ballas,3,3rd Place,7.666666666666667,0.1074766355140187,0.1085555555555555,1085555.5555555555,0.21603219106957422
12,3,3,Kendra Wilkinson,Louis van Amstel,6,Eliminated Week 7,7.666666666666667,0.1074766355140187,0.1085555555555555,1085555.5555555555,0.21603219106957422
12,3,7,Ralph Macchio,Karina Smirnoff,4,Eliminated Week 9,7.0,0.09813084112149534,0.1085555555555555,1085555.5555555555,0.20668639667705085
12,3,4,Kirstie Alley,Maksim Chmerkoskiy,2,2nd Place,7.0,0.09813084112149534,0.1085555555555555,1085555.5555555555,0.20668639667705085
12,3,1,Chris Jericho,Cheryl Burke,7,Eliminated Week 6,7.0,0.09813084112149534,0.1085555555555555,1085555.5555555555,0.20668639667705085
12,3,9,Sugar Ray Leonard,Anna Trebunskaya,9,Eliminated Week 4,6.666666666666667,0.09345794392523366,0.1085555555555555,1085555.5555555555,0.20201349948078917
12,3,8,Romeo,Chelsie Hightower,5,Eliminated Week 8,6.666666666666667,0.09345794392523366,0.1085555555555555,1085555.5555555555,0.20201349948078917
12,3,10,Wendy Williams,Tony Dovolani,10,Eliminated Week 3,5.0,0.07009345794392524,0.023,230000.0,0.09309345794392523
12,4,0,Chelsea Kane,Mark Ballas,3,3rd Place,8.666666666666666,0.12621359223300968,0.1231796116504854,1231796.1165048543,0.24939320388349506
12,4,7,Ralph Macchio,Karina Smirnoff,4,Eliminated Week 9,8.333333333333334,0.12135922330097088,0.1231796116504854,1231796.1165048543,0.24453883495145629
12,4,2,Hines Ward,Kym Johnson,1,1st Place,8.333333333333334,0.12135922330097088,0.1231796116504854,1231796.1165048543,0.24453883495145629
12,4,1,Chris Jericho,Cheryl Burke,7,Eliminated Week 6,7.666666666666667,0.1116504854368932,0.1231796116504854,1231796.1165048543,0.2348300970873786
12,4,6,Petra Nemcova,Dmitry Chaplin,8,Eliminated Week 5,7.666666666666667,0.1116504854368932,0.1231796116504854,1231796.1165048543,0.2348300970873786
12,4,8,Romeo,Chelsie Hightower,5,Eliminated Week 8,7.666666666666667,0.1116504854368932,0.1231796116504854,1231796.1165048543,0.2348300970873786
12,4,4,Kirstie Alley,Maksim Chmerkoskiy,2,2nd Place,7.333333333333333,0.10679611650485436,0.1231796116504854,1231796.1165048543,0.22997572815533976
12,4,3,Kendra Wilkinson,Louis van Amstel,6,Eliminated Week 7,6.0,0.08737864077669902,0.1377427184466019,1377427.1844660195,0.22512135922330093
12,4,9,Sugar Ray Leonard,Anna Trebunskaya,9,Eliminated Week 4,7.0,0.10194174757281553,0.0,0.0,0.10194174757281553
12,5,2,Hines Ward,Kym Johnson,1,1st Place,9.0,0.1391752577319588,0.1428571428571428,1428571.4285714284,0.2820324005891016
12,5,0,Chelsea Kane,Mark Ballas,3,3rd Place,8.666666666666666,0.13402061855670105,0.1428571428571428,1428571.4285714284,0.27687776141384385
12,5,1,Chris Jericho,Cheryl Burke,7,Eliminated Week 6,8.666666666666666,0.13402061855670105,0.1428571428571428,1428571.4285714284,0.27687776141384385
12,5,8,Romeo,Chelsie Hightower,5,Eliminated Week 8,8.666666666666666,0.13402061855670105,0.1428571428571428,1428571.4285714284,0.27687776141384385
12,5,4,Kirstie Alley,Maksim Chmerkoskiy,2,2nd Place,7.666666666666667,0.11855670103092786,0.1428571428571428,1428571.4285714284,0.26141384388807065
12,5,7,Ralph Macchio,Karina Smirnoff,4,Eliminated Week 9,7.333333333333333,0.11340206185567012,0.1428571428571428,1428571.4285714284,0.25625920471281294
12,5,3,Kendra Wilkinson,Louis van Amstel,6,Eliminated Week 7,7.333333333333333,0.11340206185567012,0.1428571428571428,1428571.4285714284,0.25625920471281294
12,5,6,Petra Nemcova,Dmitry Chaplin,8,Eliminated Week 5,7.333333333333333,0.11340206185567012,0.0,0.0,0.11340206185567012
12,6,0,Chelsea Kane,Mark Ballas,3,3rd Place,9.333333333333334,0.15555555555555556,0.1648333333333333,1648333.3333333333,0.32038888888888883
12,6,8,Romeo,Chelsie Hightower,5,Eliminated Week 8,9.333333333333334,0.15555555555555556,0.1648333333333333,1648333.3333333333,0.32038888888888883
12,6,2,Hines Ward,Kym Johnson,1,1st Place,9.0,0.15,0.1648333333333333,1648333.3333333333,0.3148333333333333
12,6,4,Kirstie Alley,Maksim Chmerkoskiy,2,2nd Place,8.666666666666666,0.14444444444444443,0.1648333333333333,1648333.3333333333,0.30927777777777776
12,6,3,Kendra Wilkinson,Louis van Amstel,6,Eliminated Week 7,8.333333333333334,0.1388888888888889,0.1648333333333333,1648333.3333333333,0.3037222222222222
12,6,7,Ralph Macchio,Karina Smirnoff,4,Eliminated Week 9,8.0,0.13333333333333333,0.1648333333333333,1648333.3333333333,0.29816666666666664
12,6,1,Chris Jericho,Cheryl Burke,7,Eliminated Week 6,7.333333333333333,0.12222222222222222,0.011,110000.0,0.13322222222222221
12,7,7,Ralph Macchio,Karina Smirnoff,4,Eliminated Week 9,8.25,0.17506631299734748,0.1989389920424403,1989389.9204244032,0.3740053050397878
12,7,2,Hines Ward,Kym Johnson,1,1st Place,8.25,0.17506631299734748,0.1989389920424403,1989389.9204244032,0.3740053050397878
12,7,0,Chelsea Kane,Mark Ballas,3,3rd Place,8.0,0.16976127320954906,0.1989389920424403,1989389.9204244032,0.3687002652519894
12,7,4,Kirstie Alley,Maksim Chmerkoskiy,2,2nd Place,7.5,0.15915119363395225,0.2015915119363395,2015915.1193633955,0.36074270557029176
12,7,8,Romeo,Chelsie Hightower,5,Eliminated Week 8,7.5,0.15915119363395225,0.2015915119363395,2015915.1193633955,0.36074270557029176
12,7,3,Kendra Wilkinson,Louis van Amstel,6,Eliminated Week 7,7.625,0.16180371352785147,0.0,0.0,0.16180371352785147
12,8,0,Chelsea Kane,Mark Ballas,3,3rd Place,9.166666666666666,0.2115384615384615,0.2442307692307692,2442307.6923076925,0.4557692307692307
12,8,2,Hines Ward,Kym Johnson,1,1st Place,9.0,0.20769230769230768,0.2442307692307692,2442307.6923076925,0.45192307692307687
12,8,4,Kirstie Alley,Maksim Chmerkoskiy,2,2nd Place,8.833333333333334,0.20384615384615384,0.2442307692307692,2442307.6923076925,0.44807692307692304
12,8,7,Ralph Macchio,Karina Smirnoff,4,Eliminated Week 9,7.666666666666667,0.17692307692307693,0.2673076923076923,2673076.923076923,0.4442307692307692
12,8,8,Romeo,Chelsie Hightower,5,Eliminated Week 8,8.666666666666666,0.19999999999999998,0.0,0.0,0.19999999999999998
12,9,0,Chelsea Kane,Mark Ballas,3,3rd Place,12.166666666666666,0.31063829787234043,0.325,3250000.0,0.6356382978723405
12,9,2,Hines Ward,Kym Johnson,1,1st Place,10.0,0.25531914893617025,0.325,3250000.0,0.5803191489361703
12,9,4,Kirstie Alley,Maksim Chmerkoskiy,2,2nd Place,9.0,0.22978723404255322,0.325,3250000.0,0.5547872340425533
12,9,7,Ralph Macchio,Karina Smirnoff,4,Eliminated Week 9,8.0,0.2042553191489362,0.025,250000.0,0.22925531914893618
12,10,0,Chelsea Kane,Mark Ballas,3,3rd Place,9.888866666666669,0.3396948007112996,0.3396948007112996,3396948.0071129967,0.6793896014225992
12,10,2,Hines Ward,Kym Johnson,1,1st Place,9.888866666666669,0.3396948007112996,0.3396948007112996,3396948.0071129967,0.6793896014225992
12,10,4,Kirstie Alley,Maksim Chmerkoskiy,2,2nd Place,9.3333,0.3206103985774007,0.3206103985774007,3206103.985774008,0.6412207971548014
13,1,6,J.R. Martinez,Karina Smirnoff,1,1st Place,7.333333333333333,0.10138248847926268,0.0906363636363636,906363.6363636364,0.19201885211562628
13,1,2,Chynna Phillips,Tony Dovolani,9,Eliminated Week 4,7.333333333333333,0.10138248847926268,0.0906363636363636,906363.6363636364,0.19201885211562628
13,1,5,Hope Solo,Maksim Chmerkoskiy,4,Eliminated Week 9,7.0,0.09677419354838711,0.0906363636363636,906363.6363636364,0.1874105571847507
13,1,10,Ricki Lake,Derek Hough,3,3rd Place,6.666666666666667,0.09216589861751152,0.0906363636363636,906363.6363636364,0.18280226225387514
13,1,7,Kristin Cavallari,Mark Ballas,10,Eliminated Week 3,6.333333333333333,0.08755760368663594,0.0906363636363636,906363.6363636364,0.17819396732299952
13,1,3,David Arquette,Kym Johnson,6,Eliminated Week 7,6.0,0.08294930875576037,0.0906363636363636,906363.6363636364,0.17358567239212397
13,1,0,Carson Kressley,Anna Trebunskaya,8,Eliminated Week 5,5.666666666666667,0.0783410138248848,0.0906363636363636,906363.6363636364,0.1689773774612484
13,1,1,Chaz Bono,Lacey Schwimmer,7,Eliminated Week 6,5.666666666666667,0.0783410138248848,0.0906363636363636,906363.6363636364,0.1689773774612484
13,1,9,Nancy Grace,Tristan MacManus,5,Eliminated Week 8,5.333333333333333,0.07373271889400922,0.0906363636363636,906363.6363636364,0.1643690825303728
13,1,11,Rob Kardashian,Cheryl Burke,2,2nd Place,5.333333333333333,0.07373271889400922,0.0906363636363636,906363.6363636364,0.1643690825303728
13,1,4,Elisabetta Canalis,Valentin Chmerkovskiy,11,Eliminated Week 2,5.0,0.06912442396313365,0.0906363636363636,906363.6363636364,0.15976078759949724
13,1,8,Metta World Peace (Ron),Peta Murgatroyd,12,Eliminated Week 1,4.666666666666667,0.06451612903225808,0.003,30000.0,0.06751612903225808
13,2,10,Ricki Lake,Derek Hough,3,3rd Place,7.666666666666667,0.1031390134529148,0.0946188340807174,946188.3408071748,0.1977578475336322
13,2,6,J.R. Martinez,Karina Smirnoff,1,1st Place,7.333333333333333,0.09865470852017938,0.0946188340807174,946188.3408071748,0.1932735426008968
13,2,7,Kristin Cavallari,Mark Ballas,10,Eliminated Week 3,7.333333333333333,0.09865470852017938,0.0946188340807174,946188.3408071748,0.1932735426008968
13,2,3,David Arquette,Kym Johnson,6,Eliminated Week 7,6.0,0.08071748878923768,0.1080717488789237,1080717.4887892376,0.18878923766816139
13,2,5,Hope Solo,Maksim Chmerkoskiy,4,Eliminated Week 9,6.333333333333333,0.08520179372197309,0.1035874439461883,1035874.4394618836,0.18878923766816139
13,2,0,Carson Kressley,Anna Trebunskaya,8,Eliminated Week 5,6.0,0.08071748878923768,0.1080717488789237,1080717.4887892376,0.18878923766816139
13,2,2,Chynna Phillips,Tony Dovolani,9,Eliminated Week 4,7.0,0.09417040358744395,0.0946188340807174,946188.3408071748,0.18878923766816136
13,2,1,Chaz Bono,Lacey Schwimmer,7,Eliminated Week 6,5.666666666666667,0.07623318385650225,0.1125560538116591,1125560.538116592,0.18878923766816136
13,2,9,Nancy Grace,Tristan MacManus,5,Eliminated Week 8,7.0,0.09417040358744395,0.0946188340807174,946188.3408071748,0.18878923766816136
13,2,11,Rob Kardashian,Cheryl Burke,2,2nd Place,7.0,0.09417040358744395,0.0946188340807174,946188.3408071748,0.18878923766816136
13,2,4,Elisabetta Canalis,Valentin Chmerkovskiy,11,Eliminated Week 2,7.0,0.09417040358744395,0.0,0.0,0.09417040358744395
13,3,10,Ricki Lake,Derek Hough,3,3rd Place,9.0,0.11392405063291139,0.1064228785747773,1064228.7857477732,0.22034692920768867
13,3,6,J.R. Martinez,Karina Smirnoff,1,1st Place,8.666666666666666,0.10970464135021096,0.1064228785747773,1064228.7857477732,0.21612751992498824
13,3,2,Chynna Phillips,Tony Dovolani,9,Eliminated Week 4,8.666666666666666,0.10970464135021096,0.1064228785747773,1064228.7857477732,0.21612751992498824
13,3,3,David Arquette,Kym Johnson,6,Eliminated Week 7,8.0,0.10126582278481013,0.1064228785747773,1064228.7857477732,0.20768870135958742
13,3,5,Hope Solo,Maksim Chmerkoskiy,4,Eliminated Week 9,8.0,0.10126582278481013,0.1064228785747773,1064228.7857477732,0.20768870135958742
13,3,0,Carson Kressley,Anna Trebunskaya,8,Eliminated Week 5,7.666666666666667,0.09704641350210971,0.1106422878574777,1106422.8785747774,0.20768870135958742
13,3,11,Rob Kardashian,Cheryl Burke,2,2nd Place,8.0,0.10126582278481013,0.1064228785747773,1064228.7857477732,0.20768870135958742
13,3,1,Chaz Bono,Lacey Schwimmer,7,Eliminated Week 6,6.0,0.0759493670886076,0.1317393342709798,1317393.3427097984,0.2076887013595874
13,3,9,Nancy Grace,Tristan MacManus,5,Eliminated Week 8,7.0,0.08860759493670886,0.1190811064228785,1190811.064228786,0.20768870135958736
13,3,7,Kristin Cavallari,Mark Ballas,10,Eliminated Week 3,8.0,0.10126582278481013,0.0,0.0,0.10126582278481013
13,4,10,Ricki Lake,Derek Hough,3,3rd Place,9.666666666666666,0.138755980861244,0.124401913875598,1244019.1387559809,0.263157894736842
13,4,6,J.R. Martinez,Karina Smirnoff,1,1st Place,8.666666666666666,0.12440191387559807,0.124401913875598,1244019.1387559809,0.24880382775119608
13,4,5,Hope Solo,Maksim Chmerkoskiy,4,Eliminated Week 9,8.0,0.11483253588516745,0.124401913875598,1244019.1387559809,0.23923444976076547
13,4,11,Rob Kardashian,Cheryl Burke,2,2nd Place,8.0,0.11483253588516745,0.124401913875598,1244019.1387559809,0.23923444976076547
13,4,3,David Arquette,Kym Johnson,6,Eliminated Week 7,7.666666666666667,0.11004784688995214,0.124401913875598,1244019.1387559809,0.23444976076555013
13,4,0,Carson Kressley,Anna Trebunskaya,8,Eliminated Week 5,6.666666666666667,0.09569377990430622,0.1291866028708134,1291866.028708134,0.22488038277511962
13,4,1,Chaz Bono,Lacey Schwimmer,7,Eliminated Week 6,7.0,0.10047846889952153,0.124401913875598,1244019.1387559809,0.22488038277511951
13,4,9,Nancy Grace,Tristan MacManus,5,Eliminated Week 8,7.0,0.10047846889952153,0.124401913875598,1244019.1387559809,0.22488038277511951
13,4,2,Chynna Phillips,Tony Dovolani,9,Eliminated Week 4,7.0,0.10047846889952153,0.0,0.0,0.10047846889952153
13,5,6,J.R. Martinez,Karina Smirnoff,1,1st Place,9.333333333333334,0.14893617021276595,0.1414285714285714,1414285.7142857143,0.29036474164133735
13,5,3,David Arquette,Kym Johnson,6,Eliminated Week 7,8.333333333333334,0.13297872340425532,0.1414285714285714,1414285.7142857143,0.2744072948328267
13,5,11,Rob Kardashian,Cheryl Burke,2,2nd Place,8.333333333333334,0.13297872340425532,0.1414285714285714,1414285.7142857143,0.2744072948328267
13,5,10,Ricki Lake,Derek Hough,3,3rd Place,8.0,0.1276595744680851,0.1414285714285714,1414285.7142857143,0.2690881458966565
13,5,5,Hope Solo,Maksim Chmerkoskiy,4,Eliminated Week 9,8.0,0.1276595744680851,0.1414285714285714,1414285.7142857143,0.2690881458966565
13,5,9,Nancy Grace,Tristan MacManus,5,Eliminated Week 8,7.333333333333333,0.11702127659574467,0.1414285714285714,1414285.7142857143,0.2584498480243161
13,5,1,Chaz Bono,Lacey Schwimmer,7,Eliminated Week 6,7.0,0.11170212765957446,0.1414285714285714,1414285.7142857143,0.2531306990881459
13,5,0,Carson Kressley,Anna Trebunskaya,8,Eliminated Week 5,6.333333333333333,0.10106382978723404,0.01,100000.0,0.11106382978723403
13,6,10,Ricki Lake,Derek Hough,3,3rd Place,9.666666666666666,0.17469879518072287,0.1656666666666666,1656666.6666666665,0.34036546184738947
13,6,6,J.R. Martinez,Karina Smirnoff,1,1st Place,9.666666666666666,0.17469879518072287,0.1656666666666666,1656666.6666666665,0.34036546184738947
13,6,9,Nancy Grace,Tristan MacManus,5,Eliminated Week 8,8.0,0.14457831325301204,0.1656666666666666,1656666.6666666665,0.31024497991967864
13,6,3,David Arquette,Kym Johnson,6,Eliminated Week 7,7.666666666666667,0.13855421686746988,0.1656666666666666,1656666.6666666665,0.30422088353413645
13,6,11,Rob Kardashian,Cheryl Burke,2,2nd Place,7.333333333333333,0.1325301204819277,0.1656666666666666,1656666.6666666665,0.2981967871485943
13,6,5,Hope Solo,Maksim Chmerkoskiy,4,Eliminated Week 9,6.666666666666667,0.12048192771084337,0.1656666666666666,1656666.6666666665,0.28614859437750995
13,6,1,Chaz Bono,Lacey Schwimmer,7,Eliminated Week 6,6.333333333333333,0.1144578313253012,0.006,60000.0,0.1204578313253012
13,7,10,Ricki Lake,Derek Hough,3,3rd Place,8.833333333333334,0.1808873720136519,0.1979522184300341,1979522.1843003412,0.378839590443686
13,7,11,Rob Kardashian,Cheryl Burke,2,2nd Place,8.5,0.17406143344709898,0.1979522184300341,1979522.1843003412,0.3720136518771331
13,7,5,Hope Solo,Maksim Chmerkoskiy,4,Eliminated Week 9,8.333333333333334,0.17064846416382257,0.1979522184300341,1979522.1843003412,0.3686006825938567
13,7,6,J.R. Martinez,Karina Smirnoff,1,1st Place,8.0,0.16382252559726965,0.1979522184300341,1979522.1843003412,0.36177474402730375
13,7,9,Nancy Grace,Tristan MacManus,5,Eliminated Week 8,7.333333333333333,0.15017064846416384,0.2081911262798635,2081911.262798635,0.3583617747440273
13,7,3,David Arquette,Kym Johnson,6,Eliminated Week 7,7.833333333333333,0.16040955631399317,0.0,0.0,0.16040955631399317
13,8,6,J.R. Martinez,Karina Smirnoff,1,1st Place,10.0,0.23166023166023167,0.24325,2432500.0,0.47491023166023166
13,8,10,Ricki Lake,Derek Hough,3,3rd Place,8.666666666666666,0.20077220077220076,0.24325,2432500.0,0.4440222007722008
13,8,5,Hope Solo,Maksim Chmerkoskiy,4,Eliminated Week 9,8.666666666666666,0.20077220077220076,0.24325,2432500.0,0.4440222007722008
13,8,11,Rob Kardashian,Cheryl Burke,2,2nd Place,8.5,0.19691119691119693,0.24325,2432500.0,0.44016119691119693
13,8,9,Nancy Grace,Tristan MacManus,5,Eliminated Week 8,7.333333333333333,0.16988416988416988,0.027,270000.0,0.19688416988416987
13,9,10,Ricki Lake,Derek Hough,3,3rd Place,11.166633333333332,0.2827007708893286,0.3236666666666666,3236666.6666666665,0.6063674375559952
13,9,11,Rob Kardashian,Cheryl Burke,2,2nd Place,10.833266666666669,0.27426107283153095,0.3236666666666666,3236666.6666666665,0.5979277394981976
13,9,6,J.R. Martinez,Karina Smirnoff,1,1st Place,9.333333333333334,0.2362879168266533,0.3236666666666666,3236666.6666666665,0.55995458349332
13,9,5,Hope Solo,Maksim Chmerkoskiy,4,Eliminated Week 9,8.1666,0.20675023945248716,0.029,290000.0,0.23575023945248716
13,10,11,Rob Kardashian,Cheryl Burke,2,2nd Place,9.4444,0.33530572925789,0.33530572925789,3353057.2925789,0.67061145851578
13,10,6,J.R. Martinez,Karina Smirnoff,1,1st Place,9.388833333333332,0.3333329388541484,0.3333329388541484,3333329.388541484,0.6666658777082968
13,10,10,Ricki Lake,Derek Hough,3,3rd Place,9.3333,0.3313613318879616,0.3313613318879616,3313613.3188796155,0.6627226637759231
14,1,4,Jaleel White,Kym Johnson,7,Eliminated Week 7,8.666666666666666,0.0962962962962963,0.0962962962962962,962962.9629629628,0.19259259259259248
14,1,5,Katherine Jenkins,Mark Ballas,2,2nd Place,8.666666666666666,0.0962962962962963,0.0962962962962962,962962.9629629628,0.19259259259259248
14,1,11,William Levy,Cheryl Burke,3,3rd Place,8.0,0.08888888888888889,0.0888888888888888,888888.8888888888,0.1777777777777777
14,1,3,Jack Wagner,Anna Trebunskaya,11,Eliminated Week 3,7.666666666666667,0.08518518518518518,0.0851851851851851,851851.8518518517,0.17037037037037028
14,1,10,Sherri Sheperd,Valentin Chmerkovskiy,10,Eliminated Week 4,7.666666666666667,0.08518518518518518,0.0851851851851851,851851.8518518517,0.17037037037037028
14,1,9,Roshon Fegan,Chelsie Hightower,6,Eliminated Week 8,7.666666666666667,0.08518518518518518,0.0851851851851851,851851.8518518517,0.17037037037037028
14,1,2,Gladys Knight,Tristan MacManus,8,Eliminated Week 6,7.666666666666667,0.08518518518518518,0.0851851851851851,851851.8518518517,0.17037037037037028
14,1,0,Donald Driver,Peta Murgatroyd,1,1st Place,7.0,0.07777777777777778,0.0777777777777777,777777.7777777776,0.15555555555555547
14,1,6,Maria Menounos,Derek Hough,4,Eliminated Week 9,7.0,0.07777777777777778,0.0777777777777777,777777.7777777776,0.15555555555555547
14,1,8,Melissa Gilbert,Maksim Chmerkoskiy,5,Eliminated Week 8,6.666666666666667,0.07407407407407408,0.074074074074074,740740.7407407407,0.14814814814814808
14,1,7,Martina Navratilova,Tony Dovolani,12,Eliminated Week 2,6.666666666666667,0.07407407407407408,0.074074074074074,740740.7407407407,0.14814814814814808
14,1,1,Gavin DeGraw,Karina Smirnoff,9,Eliminated Week 5,6.666666666666667,0.07407407407407408,0.074074074074074,740740.7407407407,0.14814814814814808
14,2,9,Roshon Fegan,Chelsie Hightower,6,Eliminated Week 8,8.666666666666666,0.0966542750929368,0.0902727272727272,902727.2727272728,0.186927002365664
14,2,5,Katherine Jenkins,Mark Ballas,2,2nd Place,8.666666666666666,0.0966542750929368,0.0902727272727272,902727.2727272728,0.186927002365664
14,2,11,William Levy,Cheryl Burke,3,3rd Place,8.333333333333334,0.0929368029739777,0.0902727272727272,902727.2727272728,0.1832095302467049
14,2,6,Maria Menounos,Derek Hough,4,Eliminated Week 9,8.333333333333334,0.0929368029739777,0.0902727272727272,902727.2727272728,0.1832095302467049
14,2,0,Donald Driver,Peta Murgatroyd,1,1st Place,8.0,0.08921933085501858,0.0902727272727272,902727.2727272728,0.17949205812774577
14,2,10,Sherri Sheperd,Valentin Chmerkovskiy,10,Eliminated Week 4,7.666666666666667,0.08550185873605948,0.0902727272727272,902727.2727272728,0.17577458600878668
14,2,4,Jaleel White,Kym Johnson,7,Eliminated Week 7,7.333333333333333,0.08178438661710036,0.0902727272727272,902727.2727272728,0.17205711388982756
14,2,3,Jack Wagner,Anna Trebunskaya,11,Eliminated Week 3,7.0,0.07806691449814127,0.0902727272727272,902727.2727272728,0.16833964177086846
14,2,1,Gavin DeGraw,Karina Smirnoff,9,Eliminated Week 5,7.0,0.07806691449814127,0.0902727272727272,902727.2727272728,0.16833964177086846
14,2,8,Melissa Gilbert,Maksim Chmerkoskiy,5,Eliminated Week 8,6.666666666666667,0.07434944237918216,0.0902727272727272,902727.2727272728,0.16462216965190934
14,2,2,Gladys Knight,Tristan MacManus,8,Eliminated Week 6,6.333333333333333,0.07063197026022304,0.0902727272727272,902727.2727272728,0.16090469753295022
14,2,7,Martina Navratilova,Tony Dovolani,12,Eliminated Week 2,5.666666666666667,0.06319702602230483,0.007,70000.0,0.07019702602230483
14,3,5,Katherine Jenkins,Mark Ballas,2,2nd Place,9.666666666666666,0.10357142857142856,0.1,1000000.0,0.20357142857142857
14,3,11,William Levy,Cheryl Burke,3,3rd Place,9.333333333333334,0.1,0.1,1000000.0,0.2
14,3,6,Maria Menounos,Derek Hough,4,Eliminated Week 9,9.0,0.09642857142857143,0.1,1000000.0,0.19642857142857145
14,3,0,Donald Driver,Peta Murgatroyd,1,1st Place,8.666666666666666,0.09285714285714286,0.1,1000000.0,0.19285714285714287
14,3,4,Jaleel White,Kym Johnson,7,Eliminated Week 7,8.333333333333334,0.0892857142857143,0.1,1000000.0,0.1892857142857143
14,3,9,Roshon Fegan,Chelsie Hightower,6,Eliminated Week 8,8.333333333333334,0.0892857142857143,0.1,1000000.0,0.1892857142857143
14,3,10,Sherri Sheperd,Valentin Chmerkovskiy,10,Eliminated Week 4,8.0,0.08571428571428572,0.1,1000000.0,0.18571428571428572
14,3,8,Melissa Gilbert,Maksim Chmerkoskiy,5,Eliminated Week 8,8.0,0.08571428571428572,0.1,1000000.0,0.18571428571428572
14,3,1,Gavin DeGraw,Karina Smirnoff,9,Eliminated Week 5,8.0,0.08571428571428572,0.1,1000000.0,0.18571428571428572
14,3,2,Gladys Knight,Tristan MacManus,8,Eliminated Week 6,8.0,0.08571428571428572,0.1,1000000.0,0.18571428571428572
14,3,3,Jack Wagner,Anna Trebunskaya,11,Eliminated Week 3,8.0,0.08571428571428572,0.0,0.0,0.08571428571428572
14,4,0,Donald Driver,Peta Murgatroyd,1,1st Place,9.0,0.11587982832618027,0.1106342393896042,1106342.393896042,0.22651406771578447
14,4,9,Roshon Fegan,Chelsie Hightower,6,Eliminated Week 8,8.666666666666666,0.11158798283261803,0.1106342393896042,1106342.393896042,0.22222222222222224
14,4,6,Maria Menounos,Derek Hough,4,Eliminated Week 9,8.666666666666666,0.11158798283261803,0.1106342393896042,1106342.393896042,0.22222222222222224
14,4,5,Katherine Jenkins,Mark Ballas,2,2nd Place,8.0,0.10300429184549358,0.1106342393896042,1106342.393896042,0.2136385312350978
14,4,1,Gavin DeGraw,Karina Smirnoff,9,Eliminated Week 5,7.666666666666667,0.09871244635193134,0.1106342393896042,1106342.393896042,0.20934668574153553
14,4,11,William Levy,Cheryl Burke,3,3rd Place,7.333333333333333,0.0944206008583691,0.1106342393896042,1106342.393896042,0.20505484024797332
14,4,4,Jaleel White,Kym Johnson,7,Eliminated Week 7,7.333333333333333,0.0944206008583691,0.1106342393896042,1106342.393896042,0.20505484024797332
14,4,8,Melissa Gilbert,Maksim Chmerkoskiy,5,Eliminated Week 8,7.333333333333333,0.0944206008583691,0.1106342393896042,1106342.393896042,0.20505484024797332
14,4,2,Gladys Knight,Tristan MacManus,8,Eliminated Week 6,6.666666666666667,0.08583690987124465,0.1149260848831664,1149260.8488316643,0.20076299475441106
14,4,10,Sherri Sheperd,Valentin Chmerkovskiy,10,Eliminated Week 4,7.0,0.09012875536480688,0.0,0.0,0.09012875536480688
14,5,11,William Levy,Cheryl Burke,3,3rd Place,9.666666666666666,0.12946428571428573,0.124,1240000.0,0.2534642857142857
14,5,5,Katherine Jenkins,Mark Ballas,2,2nd Place,9.666666666666666,0.12946428571428573,0.124,1240000.0,0.2534642857142857
14,5,0,Donald Driver,Peta Murgatroyd,1,1st Place,9.0,0.1205357142857143,0.124,1240000.0,0.2445357142857143
14,5,6,Maria Menounos,Derek Hough,4,Eliminated Week 9,9.0,0.1205357142857143,0.124,1240000.0,0.2445357142857143
14,5,9,Roshon Fegan,Chelsie Hightower,6,Eliminated Week 8,8.666666666666666,0.11607142857142858,0.124,1240000.0,0.24007142857142857
14,5,4,Jaleel White,Kym Johnson,7,Eliminated Week 7,8.0,0.10714285714285715,0.124,1240000.0,0.23114285714285715
14,5,2,Gladys Knight,Tristan MacManus,8,Eliminated Week 6,7.333333333333333,0.09821428571428573,0.124,1240000.0,0.22221428571428573
14,5,8,Melissa Gilbert,Maksim Chmerkoskiy,5,Eliminated Week 8,7.0,0.09375000000000001,0.124,1240000.0,0.21775
14,5,1,Gavin DeGraw,Karina Smirnoff,9,Eliminated Week 5,6.333333333333333,0.08482142857142858,0.008,80000.0,0.09282142857142858
14,6,5,Katherine Jenkins,Mark Ballas,2,2nd Place,12.999966666666666,0.151162813232439,0.1407142857142857,1407142.857142857,0.2918770989467247
14,6,4,Jaleel White,Kym Johnson,7,Eliminated Week 7,12.333266666666669,0.14341046661754508,0.1407142857142857,1407142.857142857,0.28412475233183077
14,6,11,William Levy,Cheryl Burke,3,3rd Place,12.0,0.13953526230497523,0.1407142857142857,1407142.857142857,0.28024954801926094
14,6,0,Donald Driver,Peta Murgatroyd,1,1st Place,11.3333,0.13178291569008133,0.1407142857142857,1407142.857142857,0.27249720140436706
14,6,8,Melissa Gilbert,Maksim Chmerkoskiy,5,Eliminated Week 8,10.0,0.11627938525414604,0.1407142857142857,1407142.857142857,0.25699367096843173
14,6,6,Maria Menounos,Derek Hough,4,Eliminated Week 9,9.999966666666666,0.11627899765619516,0.1407142857142857,1407142.857142857,0.2569932833704809
14,6,9,Roshon Fegan,Chelsie Hightower,6,Eliminated Week 8,9.333266666666669,0.10852665104130128,0.1407142857142857,1407142.857142857,0.249240936755587
14,6,2,Gladys Knight,Tristan MacManus,8,Eliminated Week 6,8.0,0.09302350820331683,0.015,150000.0,0.10802350820331683
14,7,6,Maria Menounos,Derek Hough,4,Eliminated Week 9,9.5,0.1553133514986376,0.164850136239782,1648501.36239782,0.3201634877384196
14,7,5,Katherine Jenkins,Mark Ballas,2,2nd Place,9.0,0.14713896457765666,0.164850136239782,1648501.36239782,0.3119891008174387
14,7,11,William Levy,Cheryl Burke,3,3rd Place,8.833333333333334,0.1444141689373297,0.164850136239782,1648501.36239782,0.3092643051771117
14,7,0,Donald Driver,Peta Murgatroyd,1,1st Place,8.833333333333334,0.1444141689373297,0.164850136239782,1648501.36239782,0.3092643051771117
14,7,9,Roshon Fegan,Chelsie Hightower,6,Eliminated Week 8,8.666666666666666,0.1416893732970027,0.164850136239782,1648501.36239782,0.3065395095367847
14,7,8,Melissa Gilbert,Maksim Chmerkoskiy,5,Eliminated Week 8,7.833333333333333,0.12806539509536782,0.1757493188010899,1757493.1880108994,0.30381471389645776
14,7,4,Jaleel White,Kym Johnson,7,Eliminated Week 7,8.5,0.13896457765667575,0.0,0.0,0.13896457765667575
14,8,0,Donald Driver,Peta Murgatroyd,1,1st Place,9.166666666666666,0.16819571865443425,0.2125,2125000.0,0.38069571865443425
14,8,5,Katherine Jenkins,Mark Ballas,2,2nd Place,9.166666666666666,0.16819571865443425,0.2125,2125000.0,0.38069571865443425
14,8,6,Maria Menounos,Derek Hough,4,Eliminated Week 9,8.833333333333334,0.16207951070336393,0.2186162079510703,2186162.079510703,0.38069571865443425
14,8,11,William Levy,Cheryl Burke,3,3rd Place,9.5,0.1743119266055046,0.2063837920489296,2063837.9204892963,0.3806957186544342
14,8,9,Roshon Fegan,Chelsie Hightower,6,Eliminated Week 8,9.333333333333334,0.17125382262996944,0.15,1500000.0000000002,0.32125382262996943
14,8,8,Melissa Gilbert,Maksim Chmerkoskiy,5,Eliminated Week 8,8.5,0.1559633027522936,0.0,0.0,0.1559633027522936
14,9,11,William Levy,Cheryl Burke,3,3rd Place,9.666666666666666,0.25217391304347825,0.3013188405797101,3013188.4057971016,0.5534927536231884
14,9,0,Donald Driver,Peta Murgatroyd,1,1st Place,9.5,0.24782608695652172,0.3056666666666666,3056666.6666666665,0.5534927536231883
14,9,5,Katherine Jenkins,Mark Ballas,2,2nd Place,9.333333333333334,0.24347826086956523,0.3100144927536231,3100144.9275362315,0.5534927536231883
14,9,6,Maria Menounos,Derek Hough,4,Eliminated Week 9,9.833333333333334,0.2565217391304348,0.083,830000.0,0.3395217391304348
14,10,5,Katherine Jenkins,Mark Ballas,2,2nd Place,10.0,0.3358213967483533,0.3358213967483534,3358213.967483533,0.6716427934967066
14,10,11,William Levy,Cheryl Burke,3,3rd Place,9.888866666666669,0.33208930162582334,0.3320893016258233,3320893.016258233,0.6641786032516466
14,10,0,Donald Driver,Peta Murgatroyd,1,1st Place,9.888866666666669,0.33208930162582334,0.3320893016258233,3320893.016258233,0.6641786032516466
15,1,3,Emmitt Smith,Cheryl Burke,4,Eliminated Week 9,8.166666666666666,0.08860759493670885,0.08325,832500.0,0.17185759493670885
15,1,4,Gilles Marini,Peta Murgatroyd,6,Eliminated Week 8,8.0,0.0867992766726944,0.08325,832500.0,0.1700492766726944
15,1,11,Sabrina Bryan,Louis van Amstel,8,Eliminated Week 6,7.5,0.081374321880651,0.08325,832500.0,0.16462432188065101
15,1,0,Apolo Anton Ohno,Karina Smirnoff,5,Eliminated Week 9,7.333333333333333,0.07956600361663652,0.08325,832500.0,0.1628160036166365
15,1,12,Shawn Johnson,Derek Hough,2,2nd Place,7.333333333333333,0.07956600361663652,0.08325,832500.0,0.1628160036166365
15,1,7,Kelly Monaco,Valentin Chmerkovskiy,3,3rd Place,7.166666666666667,0.07775768535262206,0.08325,832500.0,0.16100768535262205
15,1,5,Helio Castroneves,Chelsie Hightower,10,Eliminated Week 3,7.166666666666667,0.07775768535262206,0.08325,832500.0,0.16100768535262205
15,1,2,Drew Lachey,Anna Trebunskaya,11,Eliminated Week 3,7.166666666666667,0.07775768535262206,0.08325,832500.0,0.16100768535262205
15,1,9,Melissa Rycroft,Tony Dovolani,1,1st Place,7.0,0.0759493670886076,0.08325,832500.0,0.1591993670886076
15,1,6,Joey Fatone,Kym Johnson,12,Eliminated Week 2,6.833333333333333,0.07414104882459312,0.08325,832500.0,0.15739104882459312
15,1,1,Bristol Palin,Mark Ballas,9,Eliminated Week 4,6.5,0.0705244122965642,0.08325,832500.0,0.1537744122965642
15,1,8,Kirstie Alley,Maksim Chmerkoskiy,7,Eliminated Week 8,6.333333333333333,0.06871609403254972,0.08325,832500.0,0.15196609403254974
15,1,10,Pamela Anderson,Tristan MacManus,13,Eliminated Week 1,5.666666666666667,0.06148282097649186,0.001,10000.0,0.06248282097649186
15,2,11,Sabrina Bryan,Louis van Amstel,8,Eliminated Week 6,8.666666666666666,0.09420289855072463,0.0887681159420289,887681.1594202899,0.18297101449275352
15,2,4,Gilles Marini,Peta Murgatroyd,6,Eliminated Week 8,8.5,0.09239130434782608,0.0887681159420289,887681.1594202899,0.181159420289855
15,2,12,Shawn Johnson,Derek Hough,2,2nd Place,8.333333333333334,0.09057971014492754,0.0887681159420289,887681.1594202899,0.17934782608695643
15,2,0,Apolo Anton Ohno,Karina Smirnoff,5,Eliminated Week 9,8.166666666666666,0.08876811594202898,0.0887681159420289,887681.1594202899,0.17753623188405787
15,2,9,Melissa Rycroft,Tony Dovolani,1,1st Place,7.833333333333333,0.08514492753623189,0.0887681159420289,887681.1594202899,0.17391304347826078
15,2,5,Helio Castroneves,Chelsie Hightower,10,Eliminated Week 3,7.666666666666667,0.08333333333333334,0.0887681159420289,887681.1594202899,0.17210144927536225
15,2,8,Kirstie Alley,Maksim Chmerkoskiy,7,Eliminated Week 8,7.0,0.07608695652173914,0.0942028985507246,942028.9855072466,0.17028985507246375
15,2,7,Kelly Monaco,Valentin Chmerkovskiy,3,3rd Place,7.333333333333333,0.07971014492753623,0.0905797101449275,905797.1014492756,0.17028985507246372
15,2,1,Bristol Palin,Mark Ballas,9,Eliminated Week 4,6.0,0.06521739130434782,0.1050724637681159,1050724.6376811594,0.17028985507246372
15,2,3,Emmitt Smith,Cheryl Burke,4,Eliminated Week 9,7.5,0.08152173913043478,0.0887681159420289,887681.1594202899,0.1702898550724637
15,2,2,Drew Lachey,Anna Trebunskaya,11,Eliminated Week 3,7.5,0.08152173913043478,0.0887681159420289,887681.1594202899,0.1702898550724637
15,2,6,Joey Fatone,Kym Johnson,12,Eliminated Week 2,7.5,0.08152173913043478,0.0,0.0,0.08152173913043478
15,3,8,Kirstie Alley,Maksim Chmerkoskiy,7,Eliminated Week 8,8.0,0.08633093525179855,0.1105515587529976,1105515.587529976,0.19688249400479615
15,3,12,Shawn Johnson,Derek Hough,2,2nd Place,8.833333333333334,0.09532374100719425,0.1015587529976019,1015587.529976019,0.19688249400479615
15,3,3,Emmitt Smith,Cheryl Burke,4,Eliminated Week 9,8.333333333333334,0.08992805755395683,0.1069544364508393,1069544.3645083932,0.19688249400479613
15,3,1,Bristol Palin,Mark Ballas,9,Eliminated Week 4,7.5,0.08093525179856115,0.115947242206235,1159472.42206235,0.19688249400479613
15,3,4,Gilles Marini,Peta Murgatroyd,6,Eliminated Week 8,8.5,0.09172661870503597,0.1051558752997601,1051558.752997602,0.19688249400479607
15,3,11,Sabrina Bryan,Louis van Amstel,8,Eliminated Week 6,8.5,0.09172661870503597,0.1051558752997601,1051558.752997602,0.19688249400479607
15,3,7,Kelly Monaco,Valentin Chmerkovskiy,3,3rd Place,9.0,0.09712230215827337,0.0997601918465227,997601.9184652278,0.19688249400479607
15,3,0,Apolo Anton Ohno,Karina Smirnoff,5,Eliminated Week 9,8.5,0.09172661870503597,0.1051558752997601,1051558.752997602,0.19688249400479607
15,3,9,Melissa Rycroft,Tony Dovolani,1,1st Place,9.0,0.09712230215827337,0.0997601918465227,997601.9184652278,0.19688249400479607
15,3,5,Helio Castroneves,Chelsie Hightower,10,Eliminated Week 3,8.5,0.09172661870503597,0.05,500000.0,0.14172661870503597
15,3,2,Drew Lachey,Anna Trebunskaya,11,Eliminated Week 3,8.0,0.08633093525179855,0.0,0.0,0.08633093525179855
15,4,4,Gilles Marini,Peta Murgatroyd,6,Eliminated Week 8,9.875,0.12286158631415241,0.1242223950233281,1242223.9502332814,0.2470839813374805
15,4,12,Shawn Johnson,Derek Hough,2,2nd Place,9.875,0.12286158631415241,0.1242223950233281,1242223.9502332814,0.2470839813374805
15,4,7,Kelly Monaco,Valentin Chmerkovskiy,3,3rd Place,9.375,0.1166407465007776,0.1242223950233281,1242223.9502332814,0.2408631415241057
15,4,9,Melissa Rycroft,Tony Dovolani,1,1st Place,9.25,0.1150855365474339,0.1242223950233281,1242223.9502332814,0.23930793157076202
15,4,3,Emmitt Smith,Cheryl Burke,4,Eliminated Week 9,9.0,0.1119751166407465,0.1242223950233281,1242223.9502332814,0.2361975116640746
15,4,11,Sabrina Bryan,Louis van Amstel,8,Eliminated Week 6,8.875,0.1104199066874028,0.1242223950233281,1242223.9502332814,0.23464230171073092
15,4,0,Apolo Anton Ohno,Karina Smirnoff,5,Eliminated Week 9,8.625,0.10730948678071539,0.1242223950233281,1242223.9502332814,0.2315318818040435
15,4,8,Kirstie Alley,Maksim Chmerkoskiy,7,Eliminated Week 8,7.5,0.09331259720062209,0.1304432348367029,1304432.3483670296,0.22375583203732496
15,4,1,Bristol Palin,Mark Ballas,9,Eliminated Week 4,8.0,0.09953343701399689,0.0,0.0,0.09953343701399689
15,5,11,Sabrina Bryan,Louis van Amstel,8,Eliminated Week 6,9.75,0.13160854893138357,0.1316085489313835,1316085.4893138355,0.26321709786276704
15,5,4,Gilles Marini,Peta Murgatroyd,6,Eliminated Week 8,9.416666666666666,0.12710911136107986,0.1271091113610798,1271091.1136107985,0.25421822272215966
15,5,0,Apolo Anton Ohno,Karina Smirnoff,5,Eliminated Week 9,9.416666666666666,0.12710911136107986,0.1271091113610798,1271091.1136107985,0.25421822272215966
15,5,12,Shawn Johnson,Derek Hough,2,2nd Place,9.416666666666666,0.12710911136107986,0.1271091113610798,1271091.1136107985,0.25421822272215966
15,5,9,Melissa Rycroft,Tony Dovolani,1,1st Place,9.416666666666666,0.12710911136107986,0.1271091113610798,1271091.1136107985,0.25421822272215966
15,5,3,Emmitt Smith,Cheryl Burke,4,Eliminated Week 9,9.333333333333334,0.12598425196850396,0.1259842519685039,1259842.5196850395,0.25196850393700787
15,5,8,Kirstie Alley,Maksim Chmerkoskiy,7,Eliminated Week 8,8.75,0.11811023622047245,0.1181102362204724,1181102.3622047245,0.23622047244094485
15,5,7,Kelly Monaco,Valentin Chmerkovskiy,3,3rd Place,8.583333333333334,0.1158605174353206,0.1158605174353206,1158605.174353206,0.2317210348706412
15,6,7,Kelly Monaco,Valentin Chmerkovskiy,3,3rd Place,9.0,0.11946902654867257,0.1472819216182048,1472819.216182048,0.2667509481668774
15,6,4,Gilles Marini,Peta Murgatroyd,6,Eliminated Week 8,9.166666666666666,0.12168141592920353,0.1450695322376738,1450695.3223767383,0.26675094816687733
15,6,8,Kirstie Alley,Maksim Chmerkoskiy,7,Eliminated Week 8,9.166666666666666,0.12168141592920353,0.1450695322376738,1450695.3223767383,0.26675094816687733
15,6,12,Shawn Johnson,Derek Hough,2,2nd Place,9.333333333333334,0.12389380530973453,0.1428571428571428,1428571.4285714284,0.26675094816687733
15,6,9,Melissa Rycroft,Tony Dovolani,1,1st Place,9.833333333333334,0.13053097345132744,0.1362199747155499,1362199.7471554992,0.26675094816687733
15,6,0,Apolo Anton Ohno,Karina Smirnoff,5,Eliminated Week 9,10.0,0.13274336283185842,0.1340075853350189,1340075.8533501895,0.2667509481668773
15,6,3,Emmitt Smith,Cheryl Burke,4,Eliminated Week 9,8.833333333333334,0.11725663716814161,0.1494943109987357,1494943.1099873576,0.2667509481668773
15,6,11,Sabrina Bryan,Louis van Amstel,8,Eliminated Week 6,10.0,0.13274336283185842,0.0,0.0,0.13274336283185842
15,7,9,Melissa Rycroft,Tony Dovolani,1,1st Place,12.999966666666666,0.16115707772708432,0.1611570777270843,1611570.7772708433,0.32231415545416864
15,7,12,Shawn Johnson,Derek Hough,2,2nd Place,12.6666,0.15702442114501985,0.1570244211450198,1570244.2114501984,0.31404884229003965
15,7,7,Kelly Monaco,Valentin Chmerkovskiy,3,3rd Place,12.0,0.14876076087823395,0.1487607608782339,1487607.6087823396,0.29752152175646784
15,7,3,Emmitt Smith,Cheryl Burke,4,Eliminated Week 9,11.499966666666666,0.14256198261730507,0.142561982617305,1425619.8261730508,0.28512396523461003
15,7,4,Gilles Marini,Peta Murgatroyd,6,Eliminated Week 8,11.1666,0.1384293260352406,0.1384293260352406,1384293.2603524062,0.2768586520704812
15,7,0,Apolo Anton Ohno,Karina Smirnoff,5,Eliminated Week 9,11.0,0.13636403080504778,0.1363640308050477,1363640.3080504776,0.27272806161009544
15,7,8,Kirstie Alley,Maksim Chmerkoskiy,7,Eliminated Week 8,9.3333,0.11570240079206841,0.1157024007920684,1157024.007920684,0.2314048015841368
15,8,7,Kelly Monaco,Valentin Chmerkovskiy,3,3rd Place,9.444433333333334,0.1421801970519487,0.1728434734696458,1728434.734696458,0.3150236705215945
15,8,0,Apolo Anton Ohno,Karina Smirnoff,5,Eliminated Week 9,9.759233333333333,0.14691931950135842,0.1681043510202361,1681043.5102023613,0.3150236705215945
15,8,3,Emmitt Smith,Cheryl Burke,4,Eliminated Week 9,9.685133333333331,0.1458037890899821,0.1692198814316124,1692198.8143161242,0.3150236705215945
15,8,12,Shawn Johnson,Derek Hough,2,2nd Place,9.277766666666666,0.1396711317991905,0.175352538722404,1753525.3872240405,0.3150236705215945
15,8,9,Melissa Rycroft,Tony Dovolani,1,1st Place,10.0,0.15054391516549293,0.1644797553561016,1644797.553561016,0.3150236705215945
15,8,4,Gilles Marini,Peta Murgatroyd,6,Eliminated Week 8,9.759233333333333,0.14691931950135842,0.15,1500000.0000000002,0.2969193195013584
15,8,8,Kirstie Alley,Maksim Chmerkoskiy,7,Eliminated Week 8,8.5,0.127962327890669,0.0,0.0,0.127962327890669
15,9,7,Kelly Monaco,Valentin Chmerkovskiy,3,3rd Place,9.037,0.19227700484469115,0.2762546303290007,2762546.303290008,0.4685316351736919
15,9,12,Shawn Johnson,Derek Hough,2,2nd Place,9.833333333333334,0.20922030330560987,0.259311331868082,2593113.31868082,0.46853163517369184
15,9,9,Melissa Rycroft,Tony Dovolani,1,1st Place,9.592566666666666,0.20409759737077451,0.2644340378029173,2644340.378029173,0.4685316351736918
15,9,0,Apolo Anton Ohno,Karina Smirnoff,5,Eliminated Week 9,9.537,0.20291532535175608,0.2,2000000.0,0.4029153253517561
15,9,3,Emmitt Smith,Cheryl Burke,4,Eliminated Week 9,9.0,0.19148976912716834,0.0,0.0,0.19148976912716834
15,10,9,Melissa Rycroft,Tony Dovolani,1,1st Place,9.7777,0.33566392755094215,0.3356639275509421,3356639.2755094217,0.6713278551018842
15,10,7,Kelly Monaco,Valentin Chmerkovskiy,3,3rd Place,9.703633333333334,0.33312125307392415,0.3331212530739241,3331212.530739241,0.6662425061478483
15,10,12,Shawn Johnson,Derek Hough,2,2nd Place,9.6481,0.33121481937513375,0.3312148193751337,3312148.193751337,0.6624296387502675
16,1,11,Zendaya,Valentin Chmerkovskiy,2,2nd Place,8.0,0.10480349344978167,0.1048034934497816,1048034.9344978168,0.20960698689956325
16,1,3,Dorothy Hamill,Tristan MacManus,12,Withdrew,7.0,0.09170305676855896,0.0917030567685589,917030.5676855895,0.18340611353711786
16,1,0,Alexandra Raisman,Mark Ballas,4,Eliminated Week 10,7.0,0.09170305676855896,0.0917030567685589,917030.5676855895,0.18340611353711786
16,1,6,Kellie Pickler,Derek Hough,1,1st Place,7.0,0.09170305676855896,0.0917030567685589,917030.5676855895,0.18340611353711786
16,1,4,Ingo Rademacher,Kym Johnson,5,Eliminated Week 9,6.666666666666667,0.08733624454148473,0.0873362445414847,873362.4454148472,0.17467248908296942
16,1,5,Jacoby Jones,Karina Smirnoff,3,3rd Place,6.666666666666667,0.08733624454148473,0.0873362445414847,873362.4454148472,0.17467248908296942
16,1,8,Sean Lowe,Peta Murgatroyd,6,Eliminated Week 8,6.333333333333333,0.08296943231441048,0.0829694323144104,829694.3231441048,0.16593886462882088
16,1,9,Victor Ortiz,Lindsay Arnold,8,Eliminated Week 6,6.0,0.07860262008733625,0.0786026200873362,786026.2008733625,0.15720524017467247
16,1,10,Wynonna Judd,Tony Dovolani,11,Eliminated Week 3,6.0,0.07860262008733625,0.0786026200873362,786026.2008733625,0.15720524017467247
16,1,7,Lisa Vanderpump,Gleb Savchenko,10,Eliminated Week 4,6.0,0.07860262008733625,0.0786026200873362,786026.2008733625,0.15720524017467247
16,1,1,Andy Dick,Sharna Burgess,7,Eliminated Week 7,5.666666666666667,0.07423580786026202,0.074235807860262,742358.0786026202,0.14847161572052403
16,1,2,D. L. Hughley,Cheryl Burke,9,Eliminated Week 5,4.0,0.052401746724890834,0.0524017467248908,524017.4672489084,0.10480349344978163
16,2,11,Zendaya,Valentin Chmerkovskiy,2,2nd Place,8.666666666666666,0.10655737704918032,0.0905454545454545,905454.5454545454,0.19710283159463482
16,2,6,Kellie Pickler,Derek Hough,1,1st Place,8.666666666666666,0.10655737704918032,0.0905454545454545,905454.5454545454,0.19710283159463482
16,2,0,Alexandra Raisman,Mark Ballas,4,Eliminated Week 10,8.0,0.09836065573770493,0.0905454545454545,905454.5454545454,0.18890611028315943
16,2,5,Jacoby Jones,Karina Smirnoff,3,3rd Place,7.666666666666667,0.09426229508196722,0.0905454545454545,905454.5454545454,0.18480774962742172
16,2,4,Ingo Rademacher,Kym Johnson,5,Eliminated Week 9,6.666666666666667,0.0819672131147541,0.0905454545454545,905454.5454545454,0.17251266766020862
16,2,1,Andy Dick,Sharna Burgess,7,Eliminated Week 7,6.666666666666667,0.0819672131147541,0.0905454545454545,905454.5454545454,0.17251266766020862
16,2,8,Sean Lowe,Peta Murgatroyd,6,Eliminated Week 8,6.666666666666667,0.0819672131147541,0.0905454545454545,905454.5454545454,0.17251266766020862
16,2,9,Victor Ortiz,Lindsay Arnold,8,Eliminated Week 6,6.0,0.07377049180327869,0.0905454545454545,905454.5454545454,0.1643159463487332
16,2,10,Wynonna Judd,Tony Dovolani,11,Eliminated Week 3,6.0,0.07377049180327869,0.0905454545454545,905454.5454545454,0.1643159463487332
16,2,7,Lisa Vanderpump,Gleb Savchenko,10,Eliminated Week 4,6.0,0.07377049180327869,0.0905454545454545,905454.5454545454,0.1643159463487332
16,2,2,D. L. Hughley,Cheryl Burke,9,Eliminated Week 5,5.333333333333333,0.06557377049180328,0.0905454545454545,905454.5454545454,0.15611922503725778
16,2,3,Dorothy Hamill,Tristan MacManus,12,Withdrew,5.0,0.06147540983606558,0.004,40000.0,0.06547540983606558
16,3,11,Zendaya,Valentin Chmerkovskiy,2,2nd Place,8.6666,0.11063763512788959,0.0996,996000.0,0.21023763512788957
16,3,5,Jacoby Jones,Karina Smirnoff,3,3rd Place,8.6666,0.11063763512788959,0.0996,996000.0,0.21023763512788957
16,3,6,Kellie Pickler,Derek Hough,1,1st Place,8.333333333333334,0.10638315980112306,0.0996,996000.0,0.20598315980112306
16,3,9,Victor Ortiz,Lindsay Arnold,8,Eliminated Week 6,7.666666666666667,0.09787250701703322,0.0996,996000.0,0.19747250701703323
16,3,0,Alexandra Raisman,Mark Ballas,4,Eliminated Week 10,7.666666666666667,0.09787250701703322,0.0996,996000.0,0.19747250701703323
16,3,4,Ingo Rademacher,Kym Johnson,5,Eliminated Week 9,7.0,0.08936185423294336,0.0996,996000.0,0.18896185423294337
16,3,7,Lisa Vanderpump,Gleb Savchenko,10,Eliminated Week 4,7.0,0.08936185423294336,0.0996,996000.0,0.18896185423294337
16,3,8,Sean Lowe,Peta Murgatroyd,6,Eliminated Week 8,7.0,0.08936185423294336,0.0996,996000.0,0.18896185423294337
16,3,1,Andy Dick,Sharna Burgess,7,Eliminated Week 7,6.0,0.07659587505680861,0.0996,996000.0,0.17619587505680862
16,3,2,D. L. Hughley,Cheryl Burke,9,Eliminated Week 5,5.333333333333333,0.06808522227271875,0.0996,996000.0,0.16768522227271876
16,3,10,Wynonna Judd,Tony Dovolani,11,Eliminated Week 3,5.0,0.06382989588067384,0.004,40000.0,0.06782989588067384
16,4,0,Alexandra Raisman,Mark Ballas,4,Eliminated Week 10,9.0,0.12053571428571427,0.1111111111111111,1111111.111111111,0.23164682539682538
16,4,11,Zendaya,Valentin Chmerkovskiy,2,2nd Place,8.666666666666666,0.11607142857142856,0.1111111111111111,1111111.111111111,0.22718253968253965
16,4,6,Kellie Pickler,Derek Hough,1,1st Place,8.666666666666666,0.11607142857142856,0.1111111111111111,1111111.111111111,0.22718253968253965
16,4,5,Jacoby Jones,Karina Smirnoff,3,3rd Place,8.0,0.10714285714285714,0.1111111111111111,1111111.111111111,0.21825396825396826
16,4,4,Ingo Rademacher,Kym Johnson,5,Eliminated Week 9,7.666666666666667,0.10267857142857142,0.1111111111111111,1111111.111111111,0.21378968253968253
16,4,2,D. L. Hughley,Cheryl Burke,9,Eliminated Week 5,7.0,0.09375,0.1111111111111111,1111111.111111111,0.2048611111111111
16,4,1,Andy Dick,Sharna Burgess,7,Eliminated Week 7,7.0,0.09375,0.1111111111111111,1111111.111111111,0.2048611111111111
16,4,8,Sean Lowe,Peta Murgatroyd,6,Eliminated Week 8,6.666666666666667,0.08928571428571429,0.1111111111111111,1111111.111111111,0.2003968253968254
16,4,9,Victor Ortiz,Lindsay Arnold,8,Eliminated Week 6,6.0,0.08035714285714285,0.1111111111111111,1111111.111111111,0.19146825396825395
16,4,7,Lisa Vanderpump,Gleb Savchenko,10,Eliminated Week 4,6.0,0.08035714285714285,0.0,0.0,0.08035714285714285
16,5,11,Zendaya,Valentin Chmerkovskiy,2,2nd Place,9.666666666666666,0.138755980861244,0.125,1250000.0,0.26375598086124397
16,5,6,Kellie Pickler,Derek Hough,1,1st Place,9.0,0.12918660287081338,0.125,1250000.0,0.2541866028708134
16,5,5,Jacoby Jones,Karina Smirnoff,3,3rd Place,8.666666666666666,0.12440191387559807,0.125,1250000.0,0.24940191387559807
16,5,0,Alexandra Raisman,Mark Ballas,4,Eliminated Week 10,8.333333333333334,0.11961722488038277,0.125,1250000.0,0.2446172248803828
16,5,8,Sean Lowe,Peta Murgatroyd,6,Eliminated Week 8,8.0,0.11483253588516745,0.125,1250000.0,0.23983253588516745
16,5,4,Ingo Rademacher,Kym Johnson,5,Eliminated Week 9,7.0,0.10047846889952153,0.125,1250000.0,0.22547846889952153
16,5,9,Victor Ortiz,Lindsay Arnold,8,Eliminated Week 6,7.0,0.10047846889952153,0.125,1250000.0,0.22547846889952153
16,5,1,Andy Dick,Sharna Burgess,7,Eliminated Week 7,6.0,0.08612440191387559,0.125,1250000.0,0.2111244019138756
16,5,2,D. L. Hughley,Cheryl Burke,9,Eliminated Week 5,6.0,0.08612440191387559,0.0,0.0,0.08612440191387559
16,6,6,Kellie Pickler,Derek Hough,1,1st Place,9.0,0.143236074270557,0.1418571428571428,1418571.4285714284,0.2850932171276998
16,6,0,Alexandra Raisman,Mark Ballas,4,Eliminated Week 10,8.666666666666666,0.13793103448275862,0.1418571428571428,1418571.4285714284,0.2797881773399014
16,6,11,Zendaya,Valentin Chmerkovskiy,2,2nd Place,8.5,0.13527851458885942,0.1418571428571428,1418571.4285714284,0.2771356574460022
16,6,4,Ingo Rademacher,Kym Johnson,5,Eliminated Week 9,7.666666666666667,0.1220159151193634,0.1418571428571428,1418571.4285714284,0.2638730579765062
16,6,8,Sean Lowe,Peta Murgatroyd,6,Eliminated Week 8,7.666666666666667,0.1220159151193634,0.1418571428571428,1418571.4285714284,0.2638730579765062
16,6,5,Jacoby Jones,Karina Smirnoff,3,3rd Place,7.5,0.11936339522546419,0.1418571428571428,1418571.4285714284,0.261220538082607
16,6,1,Andy Dick,Sharna Burgess,7,Eliminated Week 7,7.166666666666667,0.11405835543766578,0.1418571428571428,1418571.4285714284,0.2559154982948086
16,6,9,Victor Ortiz,Lindsay Arnold,8,Eliminated Week 6,6.666666666666667,0.10610079575596817,0.007,70000.0,0.11310079575596818
16,7,0,Alexandra Raisman,Mark Ballas,4,Eliminated Week 10,10.666666666666666,0.17391304347826086,0.1603333333333333,1603333.3333333333,0.3342463768115942
16,7,11,Zendaya,Valentin Chmerkovskiy,2,2nd Place,10.0,0.16304347826086957,0.1603333333333333,1603333.3333333333,0.32337681159420284
16,7,6,Kellie Pickler,Derek Hough,1,1st Place,9.666666666666666,0.15760869565217392,0.1603333333333333,1603333.3333333333,0.3179420289855072
16,7,5,Jacoby Jones,Karina Smirnoff,3,3rd Place,9.0,0.14673913043478262,0.1603333333333333,1603333.3333333333,0.3070724637681159
16,7,4,Ingo Rademacher,Kym Johnson,5,Eliminated Week 9,8.333333333333334,0.13586956521739132,0.1603333333333333,1603333.3333333333,0.2962028985507246
16,7,8,Sean Lowe,Peta Murgatroyd,6,Eliminated Week 8,8.0,0.13043478260869565,0.1603333333333333,1603333.3333333333,0.29076811594202895
16,7,1,Andy Dick,Sharna Burgess,7,Eliminated Week 7,5.666666666666667,0.0923913043478261,0.038,380000.0,0.1303913043478261
16,8,11,Zendaya,Valentin Chmerkovskiy,2,2nd Place,9.666666666666666,0.1864951768488746,0.1961999999999999,1962000.0,0.3826951768488745
16,8,0,Alexandra Raisman,Mark Ballas,4,Eliminated Week 10,9.333333333333334,0.18006430868167206,0.1961999999999999,1962000.0,0.37626430868167193
16,8,6,Kellie Pickler,Derek Hough,1,1st Place,9.166666666666666,0.17684887459807075,0.1961999999999999,1962000.0,0.3730488745980707
16,8,5,Jacoby Jones,Karina Smirnoff,3,3rd Place,8.666666666666666,0.16720257234726688,0.1961999999999999,1962000.0,0.3634025723472668
16,8,4,Ingo Rademacher,Kym Johnson,5,Eliminated Week 9,8.0,0.15434083601286175,0.1961999999999999,1962000.0,0.3505408360128617
16,8,8,Sean Lowe,Peta Murgatroyd,6,Eliminated Week 8,7.0,0.13504823151125403,0.019,190000.0,0.15404823151125402
16,9,0,Alexandra Raisman,Mark Ballas,4,Eliminated Week 10,9.833333333333334,0.2092198581560284,0.2465,2465000.0,0.4557198581560284
16,9,5,Jacoby Jones,Karina Smirnoff,3,3rd Place,9.833333333333334,0.2092198581560284,0.2465,2465000.0,0.4557198581560284
16,9,6,Kellie Pickler,Derek Hough,1,1st Place,9.666666666666666,0.20567375886524822,0.2465,2465000.0,0.45217375886524824
16,9,11,Zendaya,Valentin Chmerkovskiy,2,2nd Place,9.166666666666666,0.19503546099290778,0.2465,2465000.0,0.44153546099290775
16,9,4,Ingo Rademacher,Kym Johnson,5,Eliminated Week 9,8.5,0.18085106382978725,0.014,140000.0,0.19485106382978726
16,10,11,Zendaya,Valentin Chmerkovskiy,2,2nd Place,10.0,0.256410475564509,0.256410475564509,2564104.7556450902,0.512820951129018
16,10,6,Kellie Pickler,Derek Hough,1,1st Place,10.0,0.256410475564509,0.256410475564509,2564104.7556450902,0.512820951129018
16,10,0,Alexandra Raisman,Mark Ballas,4,Eliminated Week 10,9.666666666666666,0.2478634597123587,0.2478634597123587,2478634.597123587,0.4957269194247174
16,10,5,Jacoby Jones,Karina Smirnoff,3,3rd Place,9.3333,0.2393155891586232,0.2393155891586232,2393155.891586232,0.4786311783172464
17,1,0,Amber Riley,Derek Hough,1,1st Place,9.0,0.10546875,0.1054687499999999,1054687.4999999998,0.2109374999999999
17,1,6,Elizabeth Berkley Lauren,Valentin Chmerkovskiy,6,Eliminated Week 9,8.0,0.09375,0.0937499999999999,937500.0,0.1874999999999999
17,1,5,Corbin Bleu,Karina Smirnoff,2,2nd Place,8.0,0.09375,0.0937499999999999,937500.0,0.1874999999999999
17,1,10,"Nicole ""Snooki"" Polizzi",Sasha Farber,8,Eliminated Week 7,7.666666666666667,0.08984375000000001,0.08984375,898437.5,0.1796875
17,1,7,Jack Osbourne,Cheryl Burke,3,3rd Place,7.666666666666667,0.08984375000000001,0.08984375,898437.5,0.1796875
17,1,3,Brant Daugherty,Peta Murgatroyd,7,Eliminated Week 8,7.333333333333333,0.0859375,0.0859374999999999,859374.9999999999,0.1718749999999999
17,1,4,Christina Milian,Mark Ballas,9,Eliminated Week 5,7.333333333333333,0.0859375,0.0859374999999999,859374.9999999999,0.1718749999999999
17,1,11,Valerie Harper,Tristan MacManus,10,Eliminated Week 4,7.0,0.08203125,0.0820312499999999,820312.4999999999,0.1640624999999999
17,1,9,Leah Remini,Tony Dovolani,5,Eliminated Week 10,7.0,0.08203125,0.0820312499999999,820312.4999999999,0.1640624999999999
17,1,1,Bill Engvall,Emma Slater,4,Eliminated Week 11,6.0,0.0703125,0.0703124999999999,703124.9999999999,0.1406249999999999
17,1,8,Keyshawn Johnson,Sharna Burgess,12,Eliminated Week 2,5.666666666666667,0.06640625000000001,0.06640625,664062.5,0.1328125
17,1,2,Bill Nye,Tyne Stecklein,11,Eliminated Week 3,4.666666666666667,0.05468750000000001,0.0546875,546875.0,0.109375
17,2,5,Corbin Bleu,Karina Smirnoff,2,2nd Place,8.666666666666666,0.09774436090225563,0.0905673274094326,905673.2740943268,0.18831168831168824
17,2,6,Elizabeth Berkley Lauren,Valentin Chmerkovskiy,6,Eliminated Week 9,8.333333333333334,0.09398496240601503,0.0905673274094326,905673.2740943268,0.18455228981544763
17,2,4,Christina Milian,Mark Ballas,9,Eliminated Week 5,8.333333333333334,0.09398496240601503,0.0905673274094326,905673.2740943268,0.18455228981544763
17,2,9,Leah Remini,Tony Dovolani,5,Eliminated Week 10,8.0,0.09022556390977443,0.0905673274094326,905673.2740943268,0.18079289131920703
17,2,0,Amber Riley,Derek Hough,1,1st Place,8.0,0.09022556390977443,0.0905673274094326,905673.2740943268,0.18079289131920703
17,2,7,Jack Osbourne,Cheryl Burke,3,3rd Place,8.0,0.09022556390977443,0.0905673274094326,905673.2740943268,0.18079289131920703
17,2,3,Brant Daugherty,Peta Murgatroyd,7,Eliminated Week 8,7.666666666666667,0.08646616541353383,0.0905673274094326,905673.2740943268,0.17703349282296643
17,2,1,Bill Engvall,Emma Slater,4,Eliminated Week 11,7.0,0.07894736842105263,0.0905673274094326,905673.2740943268,0.16951469583048523
17,2,10,"Nicole ""Snooki"" Polizzi",Sasha Farber,8,Eliminated Week 7,6.666666666666667,0.07518796992481203,0.0905673274094326,905673.2740943268,0.16575529733424463
17,2,11,Valerie Harper,Tristan MacManus,10,Eliminated Week 4,6.333333333333333,0.07142857142857142,0.0905673274094326,905673.2740943268,0.16199589883800403
17,2,2,Bill Nye,Tyne Stecklein,11,Eliminated Week 3,5.666666666666667,0.06390977443609022,0.0943267259056732,943267.2590567328,0.15823650034176343
17,2,8,Keyshawn Johnson,Sharna Burgess,12,Eliminated Week 2,6.0,0.06766917293233082,0.0,0.0,0.06766917293233082
17,3,3,Brant Daugherty,Peta Murgatroyd,7,Eliminated Week 8,9.0,0.10588235294117647,0.1,1000000.0,0.20588235294117646
17,3,5,Corbin Bleu,Karina Smirnoff,2,2nd Place,8.666666666666666,0.10196078431372549,0.1,1000000.0,0.2019607843137255
17,3,4,Christina Milian,Mark Ballas,9,Eliminated Week 5,8.666666666666666,0.10196078431372549,0.1,1000000.0,0.2019607843137255
17,3,6,Elizabeth Berkley Lauren,Valentin Chmerkovskiy,6,Eliminated Week 9,8.333333333333334,0.09803921568627452,0.1,1000000.0,0.19803921568627453
17,3,10,"Nicole ""Snooki"" Polizzi",Sasha Farber,8,Eliminated Week 7,8.333333333333334,0.09803921568627452,0.1,1000000.0,0.19803921568627453
17,3,9,Leah Remini,Tony Dovolani,5,Eliminated Week 10,8.0,0.09411764705882353,0.1,1000000.0,0.19411764705882353
17,3,0,Amber Riley,Derek Hough,1,1st Place,8.0,0.09411764705882353,0.1,1000000.0,0.19411764705882353
17,3,1,Bill Engvall,Emma Slater,4,Eliminated Week 11,8.0,0.09411764705882353,0.1,1000000.0,0.19411764705882353
17,3,7,Jack Osbourne,Cheryl Burke,3,3rd Place,7.333333333333333,0.08627450980392157,0.1,1000000.0,0.18627450980392157
17,3,11,Valerie Harper,Tristan MacManus,10,Eliminated Week 4,5.333333333333333,0.06274509803921569,0.1,1000000.0,0.1627450980392157
17,3,2,Bill Nye,Tyne Stecklein,11,Eliminated Week 3,5.333333333333333,0.06274509803921569,0.0,0.0,0.06274509803921569
17,4,6,Elizabeth Berkley Lauren,Valentin Chmerkovskiy,6,Eliminated Week 9,9.0,0.11392405063291139,0.1097777777777777,1097777.7777777778,0.22370182841068909
17,4,5,Corbin Bleu,Karina Smirnoff,2,2nd Place,9.0,0.11392405063291139,0.1097777777777777,1097777.7777777778,0.22370182841068909
17,4,0,Amber Riley,Derek Hough,1,1st Place,9.0,0.11392405063291139,0.1097777777777777,1097777.7777777778,0.22370182841068909
17,4,9,Leah Remini,Tony Dovolani,5,Eliminated Week 10,8.0,0.10126582278481013,0.1097777777777777,1097777.7777777778,0.2110436005625878
17,4,4,Christina Milian,Mark Ballas,9,Eliminated Week 5,8.0,0.10126582278481013,0.1097777777777777,1097777.7777777778,0.2110436005625878
17,4,10,"Nicole ""Snooki"" Polizzi",Sasha Farber,8,Eliminated Week 7,8.0,0.10126582278481013,0.1097777777777777,1097777.7777777778,0.2110436005625878
17,4,7,Jack Osbourne,Cheryl Burke,3,3rd Place,8.0,0.10126582278481013,0.1097777777777777,1097777.7777777778,0.2110436005625878
17,4,3,Brant Daugherty,Peta Murgatroyd,7,Eliminated Week 8,7.0,0.08860759493670886,0.1097777777777777,1097777.7777777778,0.19838537271448656
17,4,1,Bill Engvall,Emma Slater,4,Eliminated Week 11,7.0,0.08860759493670886,0.1097777777777777,1097777.7777777778,0.19838537271448656
17,4,11,Valerie Harper,Tristan MacManus,10,Eliminated Week 4,6.0,0.0759493670886076,0.012,120000.0,0.0879493670886076
17,5,3,Brant Daugherty,Peta Murgatroyd,7,Eliminated Week 8,9.0,0.11489361702127661,0.1202127659574468,1202127.659574468,0.2351063829787234
17,5,10,"Nicole ""Snooki"" Polizzi",Sasha Farber,8,Eliminated Week 7,9.0,0.11489361702127661,0.1202127659574468,1202127.659574468,0.2351063829787234
17,5,7,Jack Osbourne,Cheryl Burke,3,3rd Place,9.0,0.11489361702127661,0.1202127659574468,1202127.659574468,0.2351063829787234
17,5,5,Corbin Bleu,Karina Smirnoff,2,2nd Place,9.333333333333334,0.11914893617021279,0.1159574468085106,1159574.4680851062,0.23510638297872338
17,5,1,Bill Engvall,Emma Slater,4,Eliminated Week 11,8.0,0.1021276595744681,0.1329787234042553,1329787.2340425532,0.23510638297872338
17,5,6,Elizabeth Berkley Lauren,Valentin Chmerkovskiy,6,Eliminated Week 9,8.666666666666666,0.11063829787234042,0.1244680851063829,1244680.8510638298,0.23510638297872333
17,5,9,Leah Remini,Tony Dovolani,5,Eliminated Week 10,7.333333333333333,0.09361702127659574,0.1414893617021276,1414893.6170212766,0.23510638297872333
17,5,0,Amber Riley,Derek Hough,1,1st Place,8.666666666666666,0.11063829787234042,0.1244680851063829,1244680.8510638298,0.23510638297872333
17,5,4,Christina Milian,Mark Ballas,9,Eliminated Week 5,9.333333333333334,0.11914893617021279,0.0,0.0,0.11914893617021279
17,6,0,Amber Riley,Derek Hough,1,1st Place,10.666633333333332,0.13852818537899697,0.1385281853789969,1385281.853789969,0.27705637075799383
17,6,6,Elizabeth Berkley Lauren,Valentin Chmerkovskiy,6,Eliminated Week 9,10.6666,0.1385277524770649,0.1385277524770648,1385277.5247706487,0.27705550495412967
17,6,3,Brant Daugherty,Peta Murgatroyd,7,Eliminated Week 8,10.333333333333334,0.1341995989596501,0.13419959895965,1341995.9895965008,0.2683991979193001
17,6,10,"Nicole ""Snooki"" Polizzi",Sasha Farber,8,Eliminated Week 7,10.0,0.12987057963837106,0.129870579638371,1298705.7963837103,0.2597411592767421
17,6,9,Leah Remini,Tony Dovolani,5,Eliminated Week 10,9.3333,0.12121210809388085,0.1212121080938808,1212121.0809388084,0.24242421618776167
17,6,5,Corbin Bleu,Karina Smirnoff,2,2nd Place,8.999966666666666,0.11688308877260181,0.1168830887726017,1168830.8877260175,0.2337661775452035
17,6,7,Jack Osbourne,Cheryl Burke,3,3rd Place,8.999933333333333,0.11688265587066969,0.1168826558706696,1168826.5587066966,0.2337653117413393
17,6,1,Bill Engvall,Emma Slater,4,Eliminated Week 11,7.999966666666666,0.10389603080876471,0.1038960308087647,1038960.308087647,0.2077920616175294
17,7,5,Corbin Bleu,Karina Smirnoff,2,2nd Place,9.833333333333334,0.13318284424379231,0.1412447597549177,1412447.5975491777,0.27442760399871
17,7,0,Amber Riley,Derek Hough,1,1st Place,9.833333333333334,0.13318284424379231,0.1412447597549177,1412447.5975491777,0.27442760399871
17,7,3,Brant Daugherty,Peta Murgatroyd,7,Eliminated Week 8,9.5,0.12866817155756205,0.1412447597549177,1412447.5975491777,0.26991293131247973
17,7,7,Jack Osbourne,Cheryl Burke,3,3rd Place,9.5,0.12866817155756205,0.1412447597549177,1412447.5975491777,0.26991293131247973
17,7,6,Elizabeth Berkley Lauren,Valentin Chmerkovskiy,6,Eliminated Week 9,9.0,0.1218961625282167,0.1412447597549177,1412447.5975491777,0.2631409222831344
17,7,1,Bill Engvall,Emma Slater,4,Eliminated Week 11,8.333333333333334,0.11286681715575621,0.1502741051273782,1502741.0512737827,0.2631409222831344
17,7,9,Leah Remini,Tony Dovolani,5,Eliminated Week 10,8.833333333333334,0.11963882618510158,0.1435020960980328,1435020.9609803287,0.26314092228313435
17,7,10,"Nicole ""Snooki"" Polizzi",Sasha Farber,8,Eliminated Week 7,9.0,0.1218961625282167,0.0,0.0,0.1218961625282167
17,8,5,Corbin Bleu,Karina Smirnoff,2,2nd Place,10.0,0.15625,0.1623263888888889,1623263.888888889,0.3185763888888889
17,8,7,Jack Osbourne,Cheryl Burke,3,3rd Place,10.0,0.15625,0.1623263888888889,1623263.888888889,0.3185763888888889
17,8,9,Leah Remini,Tony Dovolani,5,Eliminated Week 10,9.333333333333334,0.14583333333333334,0.1623263888888889,1623263.888888889,0.3081597222222222
17,8,0,Amber Riley,Derek Hough,1,1st Place,9.333333333333334,0.14583333333333334,0.1623263888888889,1623263.888888889,0.3081597222222222
17,8,1,Bill Engvall,Emma Slater,4,Eliminated Week 11,8.0,0.125,0.1779513888888889,1779513.888888889,0.3029513888888889
17,8,6,Elizabeth Berkley Lauren,Valentin Chmerkovskiy,6,Eliminated Week 9,8.333333333333334,0.13020833333333334,0.1727430555555555,1727430.5555555555,0.30295138888888884
17,8,3,Brant Daugherty,Peta Murgatroyd,7,Eliminated Week 8,9.0,0.140625,0.0,0.0,0.140625
17,9,5,Corbin Bleu,Karina Smirnoff,2,2nd Place,9.666666666666666,0.1841269841269841,0.1853968253968254,1853968.253968254,0.3695238095238095
17,9,9,Leah Remini,Tony Dovolani,5,Eliminated Week 10,9.0,0.17142857142857143,0.1917460317460317,1917460.3174603172,0.36317460317460315
17,9,0,Amber Riley,Derek Hough,1,1st Place,8.5,0.1619047619047619,0.2012698412698412,2012698.4126984123,0.36317460317460315
17,9,1,Bill Engvall,Emma Slater,4,Eliminated Week 11,7.0,0.13333333333333333,0.2298412698412698,2298412.6984126987,0.36317460317460315
17,9,7,Jack Osbourne,Cheryl Burke,3,3rd Place,9.0,0.17142857142857143,0.1917460317460317,1917460.3174603172,0.36317460317460315
17,9,6,Elizabeth Berkley Lauren,Valentin Chmerkovskiy,6,Eliminated Week 9,9.333333333333334,0.17777777777777778,0.0,0.0,0.17777777777777778
17,10,0,Amber Riley,Derek Hough,1,1st Place,9.875,0.2257142857142857,0.2464285714285714,2464285.7142857146,0.4721428571428571
17,10,5,Corbin Bleu,Karina Smirnoff,2,2nd Place,9.375,0.21428571428571427,0.2464285714285714,2464285.7142857146,0.4607142857142857
17,10,7,Jack Osbourne,Cheryl Burke,3,3rd Place,8.875,0.20285714285714285,0.2464285714285714,2464285.7142857146,0.4492857142857143
17,10,1,Bill Engvall,Emma Slater,4,Eliminated Week 11,7.5,0.17142857142857143,0.2607142857142857,2607142.8571428573,0.4321428571428571
17,10,9,Leah Remini,Tony Dovolani,5,Eliminated Week 10,8.125,0.18571428571428572,0.0,0.0,0.18571428571428572
17,11,0,Amber Riley,Derek Hough,1,1st Place,10.4444,0.27365383574062396,0.2736538357406239,2736538.3574062395,0.5473076714812479
17,11,5,Corbin Bleu,Karina Smirnoff,2,2nd Place,9.8888,0.25909655421775135,0.2590965542177513,2590965.5421775137,0.5181931084355027
17,11,7,Jack Osbourne,Cheryl Burke,3,3rd Place,9.3333,0.2445418927959448,0.2445418927959448,2445418.927959448,0.4890837855918896
17,11,1,Bill Engvall,Emma Slater,4,Eliminated Week 11,8.499966666666666,0.22270771724567986,0.2227077172456798,2227077.1724567986,0.4454154344913597
18,1,3,Charlie White,Sharna Burgess,5,Eliminated Week 9,9.0,0.10305343511450382,0.1030534351145038,1030534.3511450384,0.20610687022900762
18,1,2,Candace Cameron Bure,Mark Ballas,3,3rd Place,8.333333333333334,0.09541984732824428,0.0954198473282442,954198.4732824428,0.19083969465648848
18,1,5,Danica McKellar,Valentin Chmerkovskiy,6,Eliminated Week 8,8.0,0.0916030534351145,0.0916030534351145,916030.534351145,0.183206106870229
18,1,0,Amy Purdy,Derek Hough,2,2nd Place,8.0,0.0916030534351145,0.0916030534351145,916030.534351145,0.183206106870229
18,1,9,Meryl Davis,Maksim Chmerkoskiy,1,1st Place,8.0,0.0916030534351145,0.0916030534351145,916030.534351145,0.183206106870229
18,1,4,Cody Simpson,Witney Carson,9,Eliminated Week 5,7.333333333333333,0.08396946564885496,0.0839694656488549,839694.6564885497,0.16793893129770987
18,1,8,James Maslow,Peta Murgatroyd,4,Eliminated Week 10,7.0,0.0801526717557252,0.0801526717557252,801526.717557252,0.1603053435114504
18,1,7,Drew Carey,Cheryl Burke,8,Eliminated Week 6,7.0,0.0801526717557252,0.0801526717557252,801526.717557252,0.1603053435114504
18,1,10,NeNe Leakes,Tony Dovolani,7,Eliminated Week 7,7.0,0.0801526717557252,0.0801526717557252,801526.717557252,0.1603053435114504
18,1,11,Sean Avery,Karina Smirnoff,11,Eliminated Week 2,6.666666666666667,0.07633587786259542,0.0763358778625954,763358.7786259542,0.15267175572519082
18,1,6,Diana Nyad,Henry Byalikov,12,Eliminated Week 2,6.0,0.06870229007633588,0.0687022900763358,687022.9007633588,0.13740458015267168
18,1,1,Billy Dee Williams,Emma Slater,10,Withdrew,5.0,0.05725190839694657,0.0572519083969465,572519.0839694657,0.11450381679389307
18,3,9,Meryl Davis,Maksim Chmerkoskiy,1,1st Place,9.75,0.12540192926045016,0.1254019292604501,1254019.2926045016,0.25080385852090026
18,3,5,Danica McKellar,Valentin Chmerkovskiy,6,Eliminated Week 8,9.0,0.1157556270096463,0.1157556270096463,1157556.270096463,0.2315112540192926
18,3,8,James Maslow,Peta Murgatroyd,4,Eliminated Week 10,9.0,0.1157556270096463,0.1157556270096463,1157556.270096463,0.2315112540192926
18,3,3,Charlie White,Sharna Burgess,5,Eliminated Week 9,9.0,0.1157556270096463,0.1157556270096463,1157556.270096463,0.2315112540192926
18,3,0,Amy Purdy,Derek Hough,2,2nd Place,9.0,0.1157556270096463,0.1157556270096463,1157556.270096463,0.2315112540192926
18,3,4,Cody Simpson,Witney Carson,9,Eliminated Week 5,8.75,0.11254019292604502,0.112540192926045,1125401.9292604502,0.22508038585209
18,3,2,Candace Cameron Bure,Mark Ballas,3,3rd Place,8.0,0.10289389067524116,0.1028938906752411,1028938.9067524116,0.20578778135048226
18,3,10,NeNe Leakes,Tony Dovolani,7,Eliminated Week 7,7.75,0.09967845659163987,0.0996784565916398,996784.5659163988,0.1993569131832797
18,3,7,Drew Carey,Cheryl Burke,8,Eliminated Week 6,7.5,0.09646302250803858,0.0964630225080385,964630.2250803858,0.19292604501607707
18,4,9,Meryl Davis,Maksim Chmerkoskiy,1,1st Place,9.75,0.13131313131313133,0.1313131313131313,1313131.3131313133,0.26262626262626265
18,4,8,James Maslow,Peta Murgatroyd,4,Eliminated Week 10,8.75,0.11784511784511785,0.1178451178451178,1178451.1784511786,0.23569023569023564
18,4,0,Amy Purdy,Derek Hough,2,2nd Place,8.5,0.11447811447811448,0.1144781144781144,1144781.1447811448,0.22895622895622889
18,4,3,Charlie White,Sharna Burgess,5,Eliminated Week 9,8.25,0.1111111111111111,0.1111111111111111,1111111.111111111,0.2222222222222222
18,4,7,Drew Carey,Cheryl Burke,8,Eliminated Week 6,8.25,0.1111111111111111,0.1111111111111111,1111111.111111111,0.2222222222222222
18,4,5,Danica McKellar,Valentin Chmerkovskiy,6,Eliminated Week 8,8.0,0.10774410774410774,0.1077441077441077,1077441.0774410774,0.21548821548821545
18,4,10,NeNe Leakes,Tony Dovolani,7,Eliminated Week 7,8.0,0.10774410774410774,0.1077441077441077,1077441.0774410774,0.21548821548821545
18,4,4,Cody Simpson,Witney Carson,9,Eliminated Week 5,7.75,0.10437710437710437,0.1043771043771043,1043771.0437710438,0.2087542087542087
18,4,2,Candace Cameron Bure,Mark Ballas,3,3rd Place,7.0,0.09427609427609428,0.0942760942760942,942760.9427609429,0.18855218855218847
18,5,8,James Maslow,Peta Murgatroyd,4,Eliminated Week 10,10.0,0.12422360248447205,0.1226708074534161,1226708.0745341617,0.24689440993788814
18,5,5,Danica McKellar,Valentin Chmerkovskiy,6,Eliminated Week 8,9.75,0.12111801242236025,0.1226708074534161,1226708.0745341617,0.24378881987577636
18,5,3,Charlie White,Sharna Burgess,5,Eliminated Week 9,9.25,0.11490683229813664,0.1226708074534161,1226708.0745341617,0.23757763975155274
18,5,0,Amy Purdy,Derek Hough,2,2nd Place,9.25,0.11490683229813664,0.1226708074534161,1226708.0745341617,0.23757763975155274
18,5,9,Meryl Davis,Maksim Chmerkoskiy,1,1st Place,9.0,0.11180124223602485,0.1226708074534161,1226708.0745341617,0.23447204968944096
18,5,10,NeNe Leakes,Tony Dovolani,7,Eliminated Week 7,9.0,0.11180124223602485,0.1226708074534161,1226708.0745341617,0.23447204968944096
18,5,2,Candace Cameron Bure,Mark Ballas,3,3rd Place,8.75,0.10869565217391304,0.1226708074534161,1226708.0745341617,0.23136645962732916
18,5,7,Drew Carey,Cheryl Burke,8,Eliminated Week 6,7.0,0.08695652173913043,0.1413043478260869,1413043.4782608696,0.22826086956521732
18,5,4,Cody Simpson,Witney Carson,9,Eliminated Week 5,8.5,0.10559006211180125,0.0,0.0,0.10559006211180125
18,6,9,Meryl Davis,Maksim Chmerkoskiy,1,1st Place,10.0,0.14184397163120568,0.1428571428571428,1428571.4285714284,0.28470111448834845
18,6,0,Amy Purdy,Derek Hough,2,2nd Place,9.5,0.1347517730496454,0.1428571428571428,1428571.4285714284,0.27760891590678816
18,6,5,Danica McKellar,Valentin Chmerkovskiy,6,Eliminated Week 8,9.0,0.1276595744680851,0.1428571428571428,1428571.4285714284,0.27051671732522786
18,6,3,Charlie White,Sharna Burgess,5,Eliminated Week 9,9.0,0.1276595744680851,0.1428571428571428,1428571.4285714284,0.27051671732522786
18,6,8,James Maslow,Peta Murgatroyd,4,Eliminated Week 10,8.75,0.12411347517730496,0.1428571428571428,1428571.4285714284,0.26697061803444777
18,6,10,NeNe Leakes,Tony Dovolani,7,Eliminated Week 7,8.25,0.11702127659574468,0.1428571428571428,1428571.4285714284,0.2598784194528875
18,6,2,Candace Cameron Bure,Mark Ballas,3,3rd Place,8.0,0.11347517730496454,0.1428571428571428,1428571.4285714284,0.25633232016210733
18,6,7,Drew Carey,Cheryl Burke,8,Eliminated Week 6,8.0,0.11347517730496454,0.0,0.0,0.11347517730496454
18,7,9,Meryl Davis,Maksim Chmerkoskiy,1,1st Place,9.75,0.1541501976284585,0.1655,1655000.0,0.3196501976284585
18,7,0,Amy Purdy,Derek Hough,2,2nd Place,9.375,0.1482213438735178,0.1655,1655000.0,0.3137213438735178
18,7,2,Candace Cameron Bure,Mark Ballas,3,3rd Place,9.25,0.14624505928853754,0.1655,1655000.0,0.3117450592885376
18,7,5,Danica McKellar,Valentin Chmerkovskiy,6,Eliminated Week 8,9.0,0.1422924901185771,0.1655,1655000.0,0.3077924901185771
18,7,3,Charlie White,Sharna Burgess,5,Eliminated Week 9,8.875,0.14031620553359683,0.1655,1655000.0,0.30581620553359684
18,7,8,James Maslow,Peta Murgatroyd,4,Eliminated Week 10,8.75,0.1383399209486166,0.1655,1655000.0,0.3038399209486166
18,7,10,NeNe Leakes,Tony Dovolani,7,Eliminated Week 7,8.25,0.13043478260869565,0.007,70000.0,0.13743478260869565
18,8,3,Charlie White,Sharna Burgess,5,Eliminated Week 9,10.0,0.17699115044247787,0.1946902654867256,1946902.6548672563,0.37168141592920345
18,8,0,Amy Purdy,Derek Hough,2,2nd Place,10.0,0.17699115044247787,0.1946902654867256,1946902.6548672563,0.37168141592920345
18,8,8,James Maslow,Peta Murgatroyd,4,Eliminated Week 10,9.0,0.1592920353982301,0.2035398230088495,2035398.230088496,0.3628318584070796
18,8,2,Candace Cameron Bure,Mark Ballas,3,3rd Place,9.0,0.1592920353982301,0.2035398230088495,2035398.230088496,0.3628318584070796
18,8,9,Meryl Davis,Maksim Chmerkoskiy,1,1st Place,9.0,0.1592920353982301,0.2035398230088495,2035398.230088496,0.3628318584070796
18,8,5,Danica McKellar,Valentin Chmerkovskiy,6,Eliminated Week 8,9.5,0.168141592920354,0.0,0.0,0.168141592920354
18,9,9,Meryl Davis,Maksim Chmerkoskiy,1,1st Place,10.0,0.2094240837696335,0.2473821989528795,2473821.989528796,0.456806282722513
18,9,0,Amy Purdy,Derek Hough,2,2nd Place,9.75,0.20418848167539266,0.2473821989528795,2473821.989528796,0.45157068062827216
18,9,8,James Maslow,Peta Murgatroyd,4,Eliminated Week 10,9.5,0.19895287958115182,0.2473821989528795,2473821.989528796,0.4463350785340313
18,9,2,Candace Cameron Bure,Mark Ballas,3,3rd Place,9.0,0.18848167539267016,0.2578534031413612,2578534.0314136124,0.4463350785340313
18,9,3,Charlie White,Sharna Burgess,5,Eliminated Week 9,9.5,0.19895287958115182,0.0,0.0,0.19895287958115182
18,10,9,Meryl Davis,Maksim Chmerkoskiy,1,1st Place,10.0,0.26162851541515214,0.2616285154151521,2616285.1541515216,0.5232570308303042
18,10,0,Amy Purdy,Derek Hough,2,2nd Place,9.888866666666669,0.2587209505138385,0.2587209505138384,2587209.505138384,0.517441901027677
18,10,8,James Maslow,Peta Murgatroyd,4,Eliminated Week 10,9.666666666666666,0.2529075649013137,0.2529075649013137,2529075.649013137,0.5058151298026274
18,10,2,Candace Cameron Bure,Mark Ballas,3,3rd Place,8.6666,0.22674296916969577,0.2267429691696957,2267429.6916969577,0.45348593833939144
19,1,0,Alfonso Ribeiro,Witney Carson,1,1st Place,9.0,0.0967741935483871,0.0828853046594982,828853.0465949822,0.1796594982078853
19,1,10,Sadie Robertson,Mark Ballas,2,2nd Place,8.5,0.0913978494623656,0.0828853046594982,828853.0465949822,0.1742831541218638
19,1,6,Lea Thompson,Artem Chigvintsev,6,Eliminated Week 9,8.0,0.08602150537634409,0.0828853046594982,828853.0465949822,0.1689068100358423
19,1,2,Bethany Mota,Derek Hough,4,Eliminated Week 11,8.0,0.08602150537634409,0.0828853046594982,828853.0465949822,0.1689068100358423
19,1,9,Randy Couture,Karina Smirnoff,11,Eliminated Week 3,7.75,0.08333333333333333,0.0828853046594982,828853.0465949822,0.16621863799283154
19,1,5,Jonathan Bennett,Allison Holker,9,Eliminated Week 6,7.5,0.08064516129032258,0.0828853046594982,828853.0465949822,0.1635304659498208
19,1,4,Janel Parrish,Valentin Chmerkovskiy,3,3rd Place,7.25,0.07795698924731183,0.0828853046594982,828853.0465949822,0.16084229390681004
19,1,11,Tavis Smiley,Sharna Burgess,12,Eliminated Week 2,7.25,0.07795698924731183,0.0828853046594982,828853.0465949822,0.16084229390681004
19,1,12,Tommy Chong,Peta Murgatroyd,5,Eliminated Week 10,6.75,0.07258064516129033,0.0828853046594982,828853.0465949822,0.15546594982078854
19,1,1,Antonio Sabato Jr.,Cheryl Burke,8,Eliminated Week 7,6.25,0.06720430107526881,0.0828853046594982,828853.0465949822,0.150089605734767
19,1,8,Michael Waltrip,Emma Slater,7,Eliminated Week 8,6.25,0.06720430107526881,0.0828853046594982,828853.0465949822,0.150089605734767
19,1,3,Betsey Johnson,Tony Dovolani,10,Eliminated Week 4,5.0,0.053763440860215055,0.0882616487455197,882616.4874551973,0.14202508960573476
19,1,7,Lolo Jones,Keo Motsepe,13,Eliminated Week 1,5.5,0.05913978494623656,0.0,0.0,0.05913978494623656
19,2,6,Lea Thompson,Artem Chigvintsev,6,Eliminated Week 9,8.75,0.09668508287292818,0.0899045705675539,899045.7056755399,0.18658965344048206
19,2,4,Janel Parrish,Valentin Chmerkovskiy,3,3rd Place,8.5,0.09392265193370165,0.0899045705675539,899045.7056755399,0.18382722250125555
19,2,2,Bethany Mota,Derek Hough,4,Eliminated Week 11,8.25,0.09116022099447514,0.0899045705675539,899045.7056755399,0.18106479156202904
19,2,0,Alfonso Ribeiro,Witney Carson,1,1st Place,8.0,0.08839779005524862,0.0899045705675539,899045.7056755399,0.17830236062280252
19,2,1,Antonio Sabato Jr.,Cheryl Burke,8,Eliminated Week 7,7.75,0.0856353591160221,0.0899045705675539,899045.7056755399,0.175539929683576
19,2,10,Sadie Robertson,Mark Ballas,2,2nd Place,7.75,0.0856353591160221,0.0899045705675539,899045.7056755399,0.175539929683576
19,2,5,Jonathan Bennett,Allison Holker,9,Eliminated Week 6,7.5,0.08287292817679558,0.0899045705675539,899045.7056755399,0.17277749874434947
19,2,8,Michael Waltrip,Emma Slater,7,Eliminated Week 8,6.0,0.06629834254143646,0.10095429432446,1009542.9432446008,0.16725263686589648
19,2,9,Randy Couture,Karina Smirnoff,11,Eliminated Week 3,7.0,0.07734806629834254,0.0899045705675539,899045.7056755399,0.16725263686589642
19,2,12,Tommy Chong,Peta Murgatroyd,5,Eliminated Week 10,7.0,0.07734806629834254,0.0899045705675539,899045.7056755399,0.16725263686589642
19,2,3,Betsey Johnson,Tony Dovolani,10,Eliminated Week 4,7.0,0.07734806629834254,0.0899045705675539,899045.7056755399,0.16725263686589642
19,2,11,Tavis Smiley,Sharna Burgess,12,Eliminated Week 2,7.0,0.07734806629834254,0.0,0.0,0.07734806629834254
19,3,4,Janel Parrish,Valentin Chmerkovskiy,3,3rd Place,10.0,0.11331444759206799,0.0995,995000.0,0.212814447592068
19,3,2,Bethany Mota,Derek Hough,4,Eliminated Week 11,10.0,0.11331444759206799,0.0995,995000.0,0.212814447592068
19,3,12,Tommy Chong,Peta Murgatroyd,5,Eliminated Week 10,8.5,0.09631728045325778,0.0995,995000.0,0.1958172804532578
19,3,5,Jonathan Bennett,Allison Holker,9,Eliminated Week 6,8.0,0.0906515580736544,0.0995,995000.0,0.19015155807365441
19,3,0,Alfonso Ribeiro,Witney Carson,1,1st Place,8.0,0.0906515580736544,0.0995,995000.0,0.19015155807365441
19,3,10,Sadie Robertson,Mark Ballas,2,2nd Place,8.0,0.0906515580736544,0.0995,995000.0,0.19015155807365441
19,3,6,Lea Thompson,Artem Chigvintsev,6,Eliminated Week 9,7.75,0.08781869688385269,0.0995,995000.0,0.1873186968838527
19,3,1,Antonio Sabato Jr.,Cheryl Burke,8,Eliminated Week 7,7.25,0.0821529745042493,0.0995,995000.0,0.1816529745042493
19,3,3,Betsey Johnson,Tony Dovolani,10,Eliminated Week 4,7.25,0.0821529745042493,0.0995,995000.0,0.1816529745042493
19,3,8,Michael Waltrip,Emma Slater,7,Eliminated Week 8,7.0,0.07932011331444759,0.0995,995000.0,0.17882011331444758
19,3,9,Randy Couture,Karina Smirnoff,11,Eliminated Week 3,6.5,0.07365439093484419,0.005,50000.0,0.07865439093484419
19,4,0,Alfonso Ribeiro,Witney Carson,1,1st Place,10.0,0.125,0.1076388888888889,1076388.888888889,0.2326388888888889
19,4,6,Lea Thompson,Artem Chigvintsev,6,Eliminated Week 9,9.75,0.121875,0.1076388888888889,1076388.888888889,0.2295138888888889
19,4,10,Sadie Robertson,Mark Ballas,2,2nd Place,9.25,0.115625,0.1076388888888889,1076388.888888889,0.2232638888888889
19,4,4,Janel Parrish,Valentin Chmerkovskiy,3,3rd Place,9.0,0.1125,0.1076388888888889,1076388.888888889,0.22013888888888888
19,4,2,Bethany Mota,Derek Hough,4,Eliminated Week 11,8.25,0.103125,0.1076388888888889,1076388.888888889,0.2107638888888889
19,4,1,Antonio Sabato Jr.,Cheryl Burke,8,Eliminated Week 7,7.25,0.090625,0.1076388888888889,1076388.888888889,0.1982638888888889
19,4,5,Jonathan Bennett,Allison Holker,9,Eliminated Week 6,6.0,0.075,0.1232638888888889,1232638.888888889,0.1982638888888889
19,4,12,Tommy Chong,Peta Murgatroyd,5,Eliminated Week 10,7.0,0.0875,0.1107638888888889,1107638.888888889,0.1982638888888889
19,4,8,Michael Waltrip,Emma Slater,7,Eliminated Week 8,6.25,0.078125,0.1201388888888888,1201388.888888889,0.1982638888888888
19,4,3,Betsey Johnson,Tony Dovolani,10,Eliminated Week 4,7.25,0.090625,0.0,0.0,0.090625
19,5,10,Sadie Robertson,Mark Ballas,2,2nd Place,9.0,0.13636363636363635,0.1363636363636363,1363636.3636363635,0.27272727272727265
19,5,6,Lea Thompson,Artem Chigvintsev,6,Eliminated Week 9,8.5,0.12878787878787878,0.1287878787878787,1287878.7878787878,0.25757575757575746
19,5,0,Alfonso Ribeiro,Witney Carson,1,1st Place,8.5,0.12878787878787878,0.1287878787878787,1287878.7878787878,0.25757575757575746
19,5,4,Janel Parrish,Valentin Chmerkovskiy,3,3rd Place,8.25,0.125,0.125,1250000.0,0.25
19,5,2,Bethany Mota,Derek Hough,4,Eliminated Week 11,8.0,0.12121212121212122,0.1212121212121212,1212121.2121212122,0.24242424242424243
19,5,1,Antonio Sabato Jr.,Cheryl Burke,8,Eliminated Week 7,7.0,0.10606060606060606,0.106060606060606,1060606.0606060603,0.21212121212121204
19,5,5,Jonathan Bennett,Allison Holker,9,Eliminated Week 6,6.0,0.09090909090909091,0.0909090909090909,909090.9090909092,0.18181818181818182
19,5,12,Tommy Chong,Peta Murgatroyd,5,Eliminated Week 10,5.75,0.08712121212121213,0.0871212121212121,871212.1212121212,0.17424242424242423
19,5,8,Michael Waltrip,Emma Slater,7,Eliminated Week 8,5.0,0.07575757575757576,0.0757575757575757,757575.7575757576,0.15151515151515146
19,6,0,Alfonso Ribeiro,Witney Carson,1,1st Place,9.75,0.13310580204778158,0.1207337883959044,1207337.8839590445,0.253839590443686
19,6,2,Bethany Mota,Derek Hough,4,Eliminated Week 11,9.0,0.12286689419795221,0.1207337883959044,1207337.8839590445,0.24360068259385662
19,6,10,Sadie Robertson,Mark Ballas,2,2nd Place,8.75,0.11945392491467577,0.1207337883959044,1207337.8839590445,0.24018771331058017
19,6,4,Janel Parrish,Valentin Chmerkovskiy,3,3rd Place,8.25,0.11262798634812286,0.1207337883959044,1207337.8839590445,0.23336177474402725
19,6,1,Antonio Sabato Jr.,Cheryl Burke,8,Eliminated Week 7,7.0,0.09556313993174062,0.1343856655290102,1343856.6552901024,0.22994880546075083
19,6,12,Tommy Chong,Peta Murgatroyd,5,Eliminated Week 10,7.0,0.09556313993174062,0.1343856655290102,1343856.6552901024,0.22994880546075083
19,6,6,Lea Thompson,Artem Chigvintsev,6,Eliminated Week 9,8.0,0.10921501706484642,0.1207337883959044,1207337.8839590445,0.2299488054607508
19,6,8,Michael Waltrip,Emma Slater,7,Eliminated Week 8,7.5,0.10238907849829351,0.1275597269624573,1275597.2696245734,0.2299488054607508
19,6,5,Jonathan Bennett,Allison Holker,9,Eliminated Week 6,8.0,0.10921501706484642,0.0,0.0,0.10921501706484642
19,7,2,Bethany Mota,Derek Hough,4,Eliminated Week 11,9.375,0.1450676982591876,0.142028184581376,1420281.8458137603,0.28709588284056364
19,7,6,Lea Thompson,Artem Chigvintsev,6,Eliminated Week 9,8.75,0.13539651837524178,0.142028184581376,1420281.8458137603,0.2774247029566178
19,7,0,Alfonso Ribeiro,Witney Carson,1,1st Place,8.5,0.13152804642166344,0.142028184581376,1420281.8458137603,0.27355623100303944
19,7,4,Janel Parrish,Valentin Chmerkovskiy,3,3rd Place,8.375,0.12959381044487428,0.142028184581376,1420281.8458137603,0.2716219950262503
19,7,10,Sadie Robertson,Mark Ballas,2,2nd Place,7.75,0.11992263056092843,0.142028184581376,1420281.8458137603,0.26195081514230445
19,7,12,Tommy Chong,Peta Murgatroyd,5,Eliminated Week 10,7.5,0.11605415860735009,0.142028184581376,1420281.8458137603,0.2580823431887261
19,7,8,Michael Waltrip,Emma Slater,7,Eliminated Week 8,7.0,0.10831721470019343,0.1478308925117435,1478308.9251174356,0.2561481072119369
19,7,1,Antonio Sabato Jr.,Cheryl Burke,8,Eliminated Week 7,7.375,0.11411992263056092,0.0,0.0,0.11411992263056092
19,8,4,Janel Parrish,Valentin Chmerkovskiy,3,3rd Place,10.75,0.17338709677419356,0.164,1640000.0,0.33738709677419354
19,8,0,Alfonso Ribeiro,Witney Carson,1,1st Place,10.25,0.16532258064516128,0.164,1640000.0,0.3293225806451613
19,8,2,Bethany Mota,Derek Hough,4,Eliminated Week 11,10.0,0.16129032258064516,0.164,1640000.0,0.32529032258064516
19,8,10,Sadie Robertson,Mark Ballas,2,2nd Place,9.5,0.1532258064516129,0.164,1640000.0,0.3172258064516129
19,8,6,Lea Thompson,Artem Chigvintsev,6,Eliminated Week 9,8.0,0.12903225806451613,0.164,1640000.0,0.29303225806451616
19,8,12,Tommy Chong,Peta Murgatroyd,5,Eliminated Week 10,7.25,0.11693548387096774,0.164,1640000.0,0.28093548387096773
19,8,8,Michael Waltrip,Emma Slater,7,Eliminated Week 8,6.25,0.10080645161290322,0.016,160000.0,0.11680645161290322
19,9,4,Janel Parrish,Valentin Chmerkovskiy,3,3rd Place,9.625,0.17990654205607476,0.1939252336448598,1939252.336448598,0.37383177570093457
19,9,0,Alfonso Ribeiro,Witney Carson,1,1st Place,9.625,0.17990654205607476,0.1939252336448598,1939252.336448598,0.37383177570093457
19,9,2,Bethany Mota,Derek Hough,4,Eliminated Week 11,9.25,0.17289719626168223,0.1939252336448598,1939252.336448598,0.366822429906542
19,9,10,Sadie Robertson,Mark Ballas,2,2nd Place,9.125,0.1705607476635514,0.1939252336448598,1939252.336448598,0.3644859813084112
19,9,12,Tommy Chong,Peta Murgatroyd,5,Eliminated Week 10,7.125,0.13317757009345793,0.2242990654205607,2242990.6542056077,0.35747663551401865
19,9,6,Lea Thompson,Artem Chigvintsev,6,Eliminated Week 9,8.75,0.16355140186915887,0.0,0.0,0.16355140186915887
19,10,4,Janel Parrish,Valentin Chmerkovskiy,3,3rd Place,9.75,0.2136986301369863,0.2417191780821918,2417191.780821918,0.4554178082191781
19,10,2,Bethany Mota,Derek Hough,4,Eliminated Week 11,9.5,0.20821917808219179,0.2417191780821918,2417191.780821918,0.4499383561643836
19,10,0,Alfonso Ribeiro,Witney Carson,1,1st Place,9.375,0.2054794520547945,0.2417191780821918,2417191.780821918,0.4471986301369863
19,10,10,Sadie Robertson,Mark Ballas,2,2nd Place,9.25,0.20273972602739726,0.2418424657534246,2418424.657534247,0.44458219178082187
19,10,12,Tommy Chong,Peta Murgatroyd,5,Eliminated Week 10,7.75,0.16986301369863013,0.033,330000.0,0.20286301369863013
19,11,0,Alfonso Ribeiro,Witney Carson,1,1st Place,10.0,0.255864084998049,0.2558640849980489,2558640.84998049,0.5117281699960979
19,11,10,Sadie Robertson,Mark Ballas,2,2nd Place,9.8333,0.25159883070113154,0.2515988307011315,2515988.307011316,0.5031976614022631
19,11,4,Janel Parrish,Valentin Chmerkovskiy,3,3rd Place,9.749950000000002,0.24946620355267288,0.2494662035526728,2494662.0355267283,0.4989324071053457
19,11,2,Bethany Mota,Derek Hough,4,Eliminated Week 11,9.5,0.2430708807481466,0.2430708807481465,2430708.8074814654,0.48614176149629307
20,1,9,Rumer Willis,Valentin Chmerkovskiy,1,1st Place,8.0,0.10062893081761007,0.10062893081761,1006289.3081761008,0.20125786163522008
20,1,7,Riker Lynch,Allison Holker,2,2nd Place,7.75,0.09748427672955975,0.0974842767295597,974842.7672955976,0.19496855345911945
20,1,3,Nastia Liukin,Derek Hough,4,Eliminated Week 9,7.5,0.09433962264150944,0.0943396226415094,943396.2264150945,0.18867924528301883
20,1,8,Robert Herjavec,Kym Johnson,6,Eliminated Week 8,7.0,0.0880503144654088,0.0880503144654088,880503.144654088,0.1761006289308176
20,1,2,Michael Sam,Peta Murgatroyd,10,Eliminated Week 4,6.5,0.08176100628930817,0.0817610062893081,817610.0628930817,0.16352201257861626
20,1,4,Noah Galloway,Sharna Burgess,3,3rd Place,6.5,0.08176100628930817,0.0817610062893081,817610.0628930817,0.16352201257861626
20,1,1,Chris Soules,Witney Carson,5,Eliminated Week 8,6.5,0.08176100628930817,0.0817610062893081,817610.0628930817,0.16352201257861626
20,1,10,Suzanne Somers,Tony Dovolani,9,Eliminated Week 5,6.25,0.07861635220125786,0.0786163522012578,786163.5220125786,0.15723270440251566
20,1,11,Willow Shields,Mark Ballas,7,Eliminated Week 7,6.25,0.07861635220125786,0.0786163522012578,786163.5220125786,0.15723270440251566
20,1,5,Patti LaBelle,Artem Chigvintsev,8,Eliminated Week 6,6.25,0.07861635220125786,0.0786163522012578,786163.5220125786,0.15723270440251566
20,1,0,Charlotte McKinney,Keo Motsepe,11,Eliminated Week 3,5.5,0.06918238993710692,0.0691823899371069,691823.8993710692,0.1383647798742138
20,1,6,Redfoo,Emma Slater,12,Eliminated Week 2,5.5,0.06918238993710692,0.0691823899371069,691823.8993710692,0.1383647798742138
20,2,3,Nastia Liukin,Derek Hough,4,Eliminated Week 9,8.5,0.09798270893371758,0.0827875294734084,827875.2947340844,0.18077023840712597
20,2,11,Willow Shields,Mark Ballas,7,Eliminated Week 7,8.0,0.09221902017291066,0.0827875294734084,827875.2947340844,0.17500654964631907
20,2,7,Riker Lynch,Allison Holker,2,2nd Place,8.0,0.09221902017291066,0.0827875294734084,827875.2947340844,0.17500654964631907
20,2,9,Rumer Willis,Valentin Chmerkovskiy,1,1st Place,8.0,0.09221902017291066,0.0827875294734084,827875.2947340844,0.17500654964631907
20,2,10,Suzanne Somers,Tony Dovolani,9,Eliminated Week 5,7.0,0.08069164265129683,0.0914330626146188,914330.626146188,0.1721247052659156
20,2,2,Michael Sam,Peta Murgatroyd,10,Eliminated Week 4,7.0,0.08069164265129683,0.0914330626146188,914330.626146188,0.1721247052659156
20,2,8,Robert Herjavec,Kym Johnson,6,Eliminated Week 8,7.0,0.08069164265129683,0.0914330626146188,914330.626146188,0.1721247052659156
20,2,0,Charlotte McKinney,Keo Motsepe,11,Eliminated Week 3,6.5,0.07492795389048991,0.0971967513754257,971967.5137542574,0.1721247052659156
20,2,5,Patti LaBelle,Artem Chigvintsev,8,Eliminated Week 6,7.0,0.08069164265129683,0.0914330626146188,914330.626146188,0.1721247052659156
20,2,1,Chris Soules,Witney Carson,5,Eliminated Week 8,5.25,0.06051873198847262,0.111605973277443,1116059.7327744302,0.1721247052659156
20,2,4,Noah Galloway,Sharna Burgess,3,3rd Place,6.75,0.07780979827089338,0.0943149069950222,943149.0699502226,0.17212470526591556
20,2,6,Redfoo,Emma Slater,12,Eliminated Week 2,7.75,0.0893371757925072,0.0,0.0,0.0893371757925072
20,3,7,Riker Lynch,Allison Holker,2,2nd Place,8.5,0.10862619808306709,0.1,1000000.0,0.2086261980830671
20,3,3,Nastia Liukin,Derek Hough,4,Eliminated Week 9,8.5,0.10862619808306709,0.1,1000000.0,0.2086261980830671
20,3,9,Rumer Willis,Valentin Chmerkovskiy,1,1st Place,8.25,0.10543130990415335,0.1,1000000.0,0.20543130990415337
20,3,11,Willow Shields,Mark Ballas,7,Eliminated Week 7,8.0,0.10223642172523961,0.1,1000000.0,0.20223642172523962
20,3,4,Noah Galloway,Sharna Burgess,3,3rd Place,7.5,0.09584664536741214,0.1,1000000.0,0.19584664536741214
20,3,8,Robert Herjavec,Kym Johnson,6,Eliminated Week 8,7.25,0.0926517571884984,0.1,1000000.0,0.19265175718849842
20,3,1,Chris Soules,Witney Carson,5,Eliminated Week 8,7.0,0.08945686900958466,0.1,1000000.0,0.18945686900958467
20,3,10,Suzanne Somers,Tony Dovolani,9,Eliminated Week 5,6.25,0.07987220447284345,0.1,1000000.0,0.17987220447284347
20,3,2,Michael Sam,Peta Murgatroyd,10,Eliminated Week 4,6.0,0.07667731629392971,0.1,1000000.0,0.17667731629392971
20,3,5,Patti LaBelle,Artem Chigvintsev,8,Eliminated Week 6,5.5,0.07028753993610223,0.1,1000000.0,0.17028753993610224
20,3,0,Charlotte McKinney,Keo Motsepe,11,Eliminated Week 3,5.5,0.07028753993610223,0.0,0.0,0.07028753993610223
20,4,11,Willow Shields,Mark Ballas,7,Eliminated Week 7,9.75,0.12,0.1094017094017094,1094017.094017094,0.2294017094017094
20,4,3,Nastia Liukin,Derek Hough,4,Eliminated Week 9,9.0,0.11076923076923077,0.1094017094017094,1094017.094017094,0.2201709401709402
20,4,9,Rumer Willis,Valentin Chmerkovskiy,1,1st Place,8.75,0.1076923076923077,0.1094017094017094,1094017.094017094,0.2170940170940171
20,4,7,Riker Lynch,Allison Holker,2,2nd Place,8.5,0.10461538461538461,0.1094017094017094,1094017.094017094,0.214017094017094
20,4,8,Robert Herjavec,Kym Johnson,6,Eliminated Week 8,8.5,0.10461538461538461,0.1094017094017094,1094017.094017094,0.214017094017094
20,4,4,Noah Galloway,Sharna Burgess,3,3rd Place,8.0,0.09846153846153846,0.1094017094017094,1094017.094017094,0.20786324786324786
20,4,5,Patti LaBelle,Artem Chigvintsev,8,Eliminated Week 6,7.5,0.09230769230769231,0.1094017094017094,1094017.094017094,0.20170940170940171
20,4,10,Suzanne Somers,Tony Dovolani,9,Eliminated Week 5,7.0,0.08615384615384615,0.1155555555555555,1155555.5555555555,0.20170940170940166
20,4,1,Chris Soules,Witney Carson,5,Eliminated Week 8,6.75,0.08307692307692308,0.1186324786324786,1186324.7863247865,0.20170940170940166
20,4,2,Michael Sam,Peta Murgatroyd,10,Eliminated Week 4,7.5,0.09230769230769231,0.0,0.0,0.09230769230769231
20,5,9,Rumer Willis,Valentin Chmerkovskiy,1,1st Place,9.75,0.13780918727915195,0.1223498233215547,1223498.233215548,0.2601590106007067
20,5,7,Riker Lynch,Allison Holker,2,2nd Place,9.5,0.13427561837455831,0.1223498233215547,1223498.233215548,0.256625441696113
20,5,3,Nastia Liukin,Derek Hough,4,Eliminated Week 9,9.5,0.13427561837455831,0.1223498233215547,1223498.233215548,0.256625441696113
20,5,11,Willow Shields,Mark Ballas,7,Eliminated Week 7,8.5,0.12014134275618374,0.1223498233215547,1223498.233215548,0.24249116607773843
20,5,8,Robert Herjavec,Kym Johnson,6,Eliminated Week 8,6.0,0.08480565371024736,0.1364840989399293,1364840.9893992932,0.22128975265017664
20,5,5,Patti LaBelle,Artem Chigvintsev,8,Eliminated Week 6,6.75,0.09540636042402827,0.1258833922261484,1258833.9222614842,0.22128975265017664
20,5,1,Chris Soules,Witney Carson,5,Eliminated Week 8,6.75,0.09540636042402827,0.1258833922261484,1258833.9222614842,0.22128975265017664
20,5,4,Noah Galloway,Sharna Burgess,3,3rd Place,7.0,0.0989399293286219,0.1223498233215547,1223498.233215548,0.22128975265017659
20,5,10,Suzanne Somers,Tony Dovolani,9,Eliminated Week 5,7.0,0.0989399293286219,0.0,0.0,0.0989399293286219
20,6,7,Riker Lynch,Allison Holker,2,2nd Place,9.5,0.13427561837455831,0.1426047450782433,1426047.4507824332,0.27688036345280165
20,6,11,Willow Shields,Mark Ballas,7,Eliminated Week 7,9.125,0.12897526501766785,0.1426047450782433,1426047.4507824332,0.27158001009591115
20,6,3,Nastia Liukin,Derek Hough,4,Eliminated Week 9,9.125,0.12897526501766785,0.1426047450782433,1426047.4507824332,0.27158001009591115
20,6,9,Rumer Willis,Valentin Chmerkovskiy,1,1st Place,8.875,0.1254416961130742,0.1426047450782433,1426047.4507824332,0.2680464411913175
20,6,1,Chris Soules,Witney Carson,5,Eliminated Week 8,8.75,0.12367491166077739,0.1426047450782433,1426047.4507824332,0.2662796567390207
20,6,8,Robert Herjavec,Kym Johnson,6,Eliminated Week 8,8.375,0.11837455830388692,0.1443715295305401,1443715.295305401,0.26274608783442704
20,6,4,Noah Galloway,Sharna Burgess,3,3rd Place,8.5,0.12014134275618374,0.1426047450782433,1426047.4507824332,0.26274608783442704
20,6,5,Patti LaBelle,Artem Chigvintsev,8,Eliminated Week 6,8.5,0.12014134275618374,0.0,0.0,0.12014134275618374
20,7,3,Nastia Liukin,Derek Hough,4,Eliminated Week 9,10.25,0.16141732283464566,0.1528871391076115,1528871.3910761154,0.31430446194225714
20,7,7,Riker Lynch,Allison Holker,2,2nd Place,9.25,0.14566929133858267,0.160761154855643,1607611.5485564305,0.30643044619422566
20,7,9,Rumer Willis,Valentin Chmerkovskiy,1,1st Place,9.25,0.14566929133858267,0.160761154855643,1607611.5485564305,0.30643044619422566
20,7,8,Robert Herjavec,Kym Johnson,6,Eliminated Week 8,7.75,0.1220472440944882,0.1843832020997375,1843832.0209973752,0.30643044619422566
20,7,4,Noah Galloway,Sharna Burgess,3,3rd Place,9.5,0.14960629921259844,0.1568241469816272,1568241.4698162728,0.30643044619422566
20,7,1,Chris Soules,Witney Carson,5,Eliminated Week 8,7.75,0.1220472440944882,0.1843832020997375,1843832.0209973752,0.30643044619422566
20,7,11,Willow Shields,Mark Ballas,7,Eliminated Week 7,9.75,0.15354330708661418,0.0,0.0,0.15354330708661418
20,8,9,Rumer Willis,Valentin Chmerkovskiy,1,1st Place,10.0,0.18912529550827423,0.2494089834515366,2494089.8345153662,0.4385342789598108
20,8,7,Riker Lynch,Allison Holker,2,2nd Place,9.75,0.18439716312056736,0.2494089834515366,2494089.8345153662,0.4338061465721039
20,8,3,Nastia Liukin,Derek Hough,4,Eliminated Week 9,9.5,0.17966903073286053,0.2494089834515366,2494089.8345153662,0.4290780141843971
20,8,4,Noah Galloway,Sharna Burgess,3,3rd Place,7.875,0.14893617021276595,0.25177304964539,2517730.4964539004,0.40070921985815594
20,8,1,Chris Soules,Witney Carson,5,Eliminated Week 8,8.0,0.15130023640661938,0.0,0.0,0.15130023640661938
20,8,8,Robert Herjavec,Kym Johnson,6,Eliminated Week 8,7.75,0.14657210401891252,0.0,0.0,0.14657210401891252
20,9,7,Riker Lynch,Allison Holker,2,2nd Place,10.0,0.25477707006369427,0.314963906581741,3149639.06581741,0.5697409766454353
20,9,4,Noah Galloway,Sharna Burgess,3,3rd Place,9.5,0.24203821656050956,0.3277027600849257,3277027.6008492573,0.5697409766454353
20,9,9,Rumer Willis,Valentin Chmerkovskiy,1,1st Place,9.75,0.2484076433121019,0.3213333333333333,3213333.333333333,0.5697409766454352
20,9,3,Nastia Liukin,Derek Hough,4,Eliminated Week 9,10.0,0.25477707006369427,0.036,360000.00000000006,0.29077707006369424
20,10,7,Riker Lynch,Allison Holker,2,2nd Place,10.0,0.3448275862068966,0.3448275862068966,3448275.8620689656,0.6896551724137931
20,10,9,Rumer Willis,Valentin Chmerkovskiy,1,1st Place,10.0,0.3448275862068966,0.3448275862068966,3448275.8620689656,0.6896551724137931
20,10,4,Noah Galloway,Sharna Burgess,3,3rd Place,9.0,0.3103448275862069,0.3103448275862069,3103448.275862069,0.6206896551724138
21,1,9,Nick Carter,Sharna Burgess,2,2nd Place,8.0,0.096,0.0959999999999999,960000.0,0.1919999999999999
21,1,3,Bindi Irwin,Derek Hough,1,1st Place,8.0,0.096,0.0959999999999999,960000.0,0.1919999999999999
21,1,4,Carlos PenaVega,Witney Carson,4,Eliminated Week 11,7.666666666666667,0.09200000000000001,0.092,920000.0,0.184
21,1,11,Tamar Braxton,Valentin Chmerkovskiy,5,Withdrew,7.666666666666667,0.09200000000000001,0.092,920000.0,0.184
21,1,1,Alexa PenaVega,Mark Ballas,6,Eliminated Week 9,7.333333333333333,0.088,0.0879999999999999,879999.9999999998,0.17599999999999988
21,1,0,Alek Skarlatos,Lindsay Arnold,3,3rd Place,7.333333333333333,0.088,0.0879999999999999,879999.9999999998,0.17599999999999988
21,1,2,Andy Grammer,Allison Holker,7,Eliminated Week 8,7.0,0.084,0.0839999999999999,839999.9999999999,0.1679999999999999
21,1,7,Hayes Grier,Emma Slater,8,Eliminated Week 7,7.0,0.084,0.0839999999999999,839999.9999999999,0.1679999999999999
21,1,6,Gary Busey,Anna Trebunskaya,10,Eliminated Week 4,5.0,0.060000000000000005,0.0599999999999999,599999.9999999999,0.11999999999999991
21,1,12,Victor Espinoza,Karina Smirnoff,12,Eliminated Week 2,5.0,0.060000000000000005,0.0599999999999999,599999.9999999999,0.11999999999999991
21,1,10,Paula Deen,Louis van Amstel,9,Eliminated Week 6,5.0,0.060000000000000005,0.0599999999999999,599999.9999999999,0.11999999999999991
21,1,5,Chaka Khan,Keo Motsepe,13,Eliminated Week 2,4.333333333333333,0.052,0.0519999999999999,519999.9999999999,0.1039999999999999
21,1,8,Kim Zolciak-Biermann,Tony Dovolani,11,Withdrew,4.0,0.048,0.0479999999999999,480000.0,0.09599999999999989
21,3,1,Alexa PenaVega,Mark Ballas,6,Eliminated Week 9,9.0,0.1180327868852459,0.1180327868852459,1180327.8688524591,0.2360655737704918
21,3,9,Nick Carter,Sharna Burgess,2,2nd Place,9.0,0.1180327868852459,0.1180327868852459,1180327.8688524591,0.2360655737704918
21,3,0,Alek Skarlatos,Lindsay Arnold,3,3rd Place,8.25,0.10819672131147541,0.1081967213114754,1081967.213114754,0.2163934426229508
21,3,11,Tamar Braxton,Valentin Chmerkovskiy,5,Withdrew,8.25,0.10819672131147541,0.1081967213114754,1081967.213114754,0.2163934426229508
21,3,3,Bindi Irwin,Derek Hough,1,1st Place,8.0,0.10491803278688525,0.1049180327868852,1049180.3278688523,0.20983606557377044
21,3,4,Carlos PenaVega,Witney Carson,4,Eliminated Week 11,7.75,0.10163934426229508,0.101639344262295,1016393.4426229508,0.20327868852459008
21,3,7,Hayes Grier,Emma Slater,8,Eliminated Week 7,7.5,0.09836065573770492,0.0983606557377049,983606.5573770492,0.19672131147540983
21,3,2,Andy Grammer,Allison Holker,7,Eliminated Week 8,7.25,0.09508196721311475,0.0950819672131147,950819.6721311476,0.19016393442622945
21,3,6,Gary Busey,Anna Trebunskaya,10,Eliminated Week 4,6.25,0.08196721311475409,0.081967213114754,819672.1311475409,0.1639344262295081
21,3,10,Paula Deen,Louis van Amstel,9,Eliminated Week 6,5.0,0.06557377049180328,0.0655737704918032,655737.7049180329,0.13114754098360648
21,4,3,Bindi Irwin,Derek Hough,1,1st Place,9.333333333333334,0.11864406779661017,0.1102222222222222,1102222.2222222222,0.22886629001883235
21,4,11,Tamar Braxton,Valentin Chmerkovskiy,5,Withdrew,9.0,0.11440677966101694,0.1102222222222222,1102222.2222222222,0.22462900188323914
21,4,9,Nick Carter,Sharna Burgess,2,2nd Place,9.0,0.11440677966101694,0.1102222222222222,1102222.2222222222,0.22462900188323914
21,4,7,Hayes Grier,Emma Slater,8,Eliminated Week 7,9.0,0.11440677966101694,0.1102222222222222,1102222.2222222222,0.22462900188323914
21,4,4,Carlos PenaVega,Witney Carson,4,Eliminated Week 11,8.333333333333334,0.1059322033898305,0.1102222222222222,1102222.2222222222,0.2161544256120527
21,4,0,Alek Skarlatos,Lindsay Arnold,3,3rd Place,8.0,0.10169491525423728,0.1102222222222222,1102222.2222222222,0.21191713747645946
21,4,2,Andy Grammer,Allison Holker,7,Eliminated Week 8,7.666666666666667,0.09745762711864407,0.1102222222222222,1102222.2222222222,0.20767984934086625
21,4,1,Alexa PenaVega,Mark Ballas,6,Eliminated Week 9,7.0,0.08898305084745763,0.1102222222222222,1102222.2222222222,0.19920527306967983
21,4,10,Paula Deen,Louis van Amstel,9,Eliminated Week 6,6.0,0.07627118644067796,0.1102222222222222,1102222.2222222222,0.18649340866290015
21,4,6,Gary Busey,Anna Trebunskaya,10,Eliminated Week 4,5.333333333333333,0.06779661016949151,0.008,80000.0,0.07579661016949152
21,5,1,Alexa PenaVega,Mark Ballas,6,Eliminated Week 9,10.0,0.132890365448505,0.132890365448505,1328903.65448505,0.26578073089701
21,5,4,Carlos PenaVega,Witney Carson,4,Eliminated Week 11,9.75,0.12956810631229235,0.1295681063122923,1295681.0631229235,0.25913621262458464
21,5,3,Bindi Irwin,Derek Hough,1,1st Place,9.25,0.12292358803986711,0.1229235880398671,1229235.8803986711,0.24584717607973422
21,5,2,Andy Grammer,Allison Holker,7,Eliminated Week 8,9.0,0.11960132890365449,0.1196013289036544,1196013.289036545,0.23920265780730887
21,5,9,Nick Carter,Sharna Burgess,2,2nd Place,8.75,0.11627906976744186,0.1162790697674418,1162790.6976744186,0.23255813953488366
21,5,7,Hayes Grier,Emma Slater,8,Eliminated Week 7,7.5,0.09966777408637874,0.0996677740863787,996677.7408637874,0.19933554817275745
21,5,0,Alek Skarlatos,Lindsay Arnold,3,3rd Place,7.25,0.09634551495016612,0.0963455149501661,963455.1495016612,0.1926910299003322
21,5,11,Tamar Braxton,Valentin Chmerkovskiy,5,Withdrew,7.25,0.09634551495016612,0.0963455149501661,963455.1495016612,0.1926910299003322
21,5,10,Paula Deen,Louis van Amstel,9,Eliminated Week 6,6.5,0.08637873754152824,0.0863787375415282,863787.3754152823,0.17275747508305644
21,6,2,Andy Grammer,Allison Holker,7,Eliminated Week 8,10.0,0.12779552715654952,0.122625,1226250.0,0.2504205271565495
21,6,11,Tamar Braxton,Valentin Chmerkovskiy,5,Withdrew,10.0,0.12779552715654952,0.122625,1226250.0,0.2504205271565495
21,6,3,Bindi Irwin,Derek Hough,1,1st Place,10.0,0.12779552715654952,0.122625,1226250.0,0.2504205271565495
21,6,9,Nick Carter,Sharna Burgess,2,2nd Place,9.75,0.12460063897763578,0.122625,1226250.0,0.24722563897763578
21,6,4,Carlos PenaVega,Witney Carson,4,Eliminated Week 11,9.5,0.12140575079872204,0.122625,1226250.0,0.24403075079872205
21,6,7,Hayes Grier,Emma Slater,8,Eliminated Week 7,8.0,0.10223642172523961,0.122625,1226250.0,0.2248614217252396
21,6,1,Alexa PenaVega,Mark Ballas,6,Eliminated Week 9,7.5,0.09584664536741214,0.122625,1226250.0,0.21847164536741215
21,6,0,Alek Skarlatos,Lindsay Arnold,3,3rd Place,7.5,0.09584664536741214,0.122625,1226250.0,0.21847164536741215
21,6,10,Paula Deen,Louis van Amstel,9,Eliminated Week 6,6.0,0.07667731629392971,0.019,190000.0,0.09567731629392971
21,7,3,Bindi Irwin,Derek Hough,1,1st Place,9.666666666666666,0.13122171945701355,0.1402714932126696,1402714.932126697,0.2714932126696832
21,7,1,Alexa PenaVega,Mark Ballas,6,Eliminated Week 9,9.166666666666666,0.12443438914027148,0.1425339366515837,1425339.3665158371,0.2669683257918552
21,7,4,Carlos PenaVega,Witney Carson,4,Eliminated Week 11,9.333333333333334,0.12669683257918551,0.1402714932126696,1402714.932126697,0.26696832579185514
21,7,0,Alek Skarlatos,Lindsay Arnold,3,3rd Place,8.833333333333334,0.11990950226244344,0.1470588235294117,1470588.2352941174,0.26696832579185514
21,7,2,Andy Grammer,Allison Holker,7,Eliminated Week 8,9.333333333333334,0.12669683257918551,0.1402714932126696,1402714.932126697,0.26696832579185514
21,7,11,Tamar Braxton,Valentin Chmerkovskiy,5,Withdrew,9.0,0.12217194570135746,0.1447963800904977,1447963.8009049771,0.26696832579185514
21,7,9,Nick Carter,Sharna Burgess,2,2nd Place,9.0,0.12217194570135746,0.1447963800904977,1447963.8009049771,0.26696832579185514
21,7,7,Hayes Grier,Emma Slater,8,Eliminated Week 7,9.333333333333334,0.12669683257918551,0.0,0.0,0.12669683257918551
21,8,9,Nick Carter,Sharna Burgess,2,2nd Place,11.0,0.1701036188771718,0.1658333333333333,1658333.3333333333,0.3359369522105051
21,8,4,Carlos PenaVega,Witney Carson,4,Eliminated Week 11,9.6666,0.14948396747618808,0.1658333333333333,1658333.3333333333,0.31531730080952136
21,8,11,Tamar Braxton,Valentin Chmerkovskiy,5,Withdrew,9.333333333333334,0.14433034328972152,0.1658333333333333,1658333.3333333333,0.31016367662305483
21,8,3,Bindi Irwin,Derek Hough,1,1st Place,9.333333333333334,0.14433034328972152,0.1658333333333333,1658333.3333333333,0.31016367662305483
21,8,1,Alexa PenaVega,Mark Ballas,6,Eliminated Week 9,8.999933333333333,0.13917465724120795,0.1658333333333333,1658333.3333333333,0.30500799057454125
21,8,0,Alek Skarlatos,Lindsay Arnold,3,3rd Place,8.333333333333334,0.12886637793725136,0.1658333333333333,1658333.3333333333,0.2946997112705847
21,8,2,Andy Grammer,Allison Holker,7,Eliminated Week 8,7.999933333333334,0.12371069188873782,0.005,50000.0,0.12871069188873782
21,9,0,Alek Skarlatos,Lindsay Arnold,3,3rd Place,8.5,0.15501519756838908,0.2246580547112462,2246580.547112462,0.3796732522796353
21,9,4,Carlos PenaVega,Witney Carson,4,Eliminated Week 11,9.0,0.16413373860182373,0.2155395136778115,2155395.1367781158,0.3796732522796352
21,9,9,Nick Carter,Sharna Burgess,2,2nd Place,9.166666666666666,0.16717325227963525,0.2125,2125000.0,0.3796732522796352
21,9,3,Bindi Irwin,Derek Hough,1,1st Place,10.0,0.18237082066869303,0.1973024316109422,1973024.3161094224,0.3796732522796352
21,9,1,Alexa PenaVega,Mark Ballas,6,Eliminated Week 9,10.0,0.18237082066869303,0.15,1500000.0000000002,0.33237082066869306
21,9,11,Tamar Braxton,Valentin Chmerkovskiy,5,Withdrew,8.166666666666666,0.14893617021276595,0.0,0.0,0.14893617021276595
21,10,4,Carlos PenaVega,Witney Carson,4,Eliminated Week 11,10.5,0.26582278481012656,0.2658227848101265,2658227.8481012657,0.5316455696202531
21,10,3,Bindi Irwin,Derek Hough,1,1st Place,10.5,0.26582278481012656,0.2658227848101265,2658227.8481012657,0.5316455696202531
21,10,0,Alek Skarlatos,Lindsay Arnold,3,3rd Place,9.5,0.24050632911392406,0.240506329113924,2405063.2911392404,0.48101265822784806
21,10,9,Nick Carter,Sharna Burgess,2,2nd Place,9.0,0.22784810126582278,0.2278481012658227,2278481.012658228,0.45569620253164544
21,11,4,Carlos PenaVega,Witney Carson,4,Eliminated Week 11,10.0,0.25423750359110475,0.2542375035911047,2542375.035911048,0.5084750071822095
21,11,9,Nick Carter,Sharna Burgess,2,2nd Place,10.0,0.25423750359110475,0.2542375035911047,2542375.035911048,0.5084750071822095
21,11,3,Bindi Irwin,Derek Hough,1,1st Place,10.0,0.25423750359110475,0.2542375035911047,2542375.035911048,0.5084750071822095
21,11,0,Alek Skarlatos,Lindsay Arnold,3,3rd Place,9.3333,0.23728748922668577,0.2372874892266857,2372874.892266858,0.4745749784533715
22,1,8,Nyle DiMarco,Peta Murgatroyd,1,1st Place,7.666666666666667,0.09704641350210971,0.0970464135021097,970464.1350210971,0.19409282700421943
22,1,3,Ginger Zee,Valentin Chmerkovskiy,3,3rd Place,7.666666666666667,0.09704641350210971,0.0970464135021097,970464.1350210971,0.19409282700421943
22,1,11,Wanya Morris,Lindsay Arnold,4,Eliminated Week 9,7.666666666666667,0.09704641350210971,0.0970464135021097,970464.1350210971,0.19409282700421943
22,1,10,Von Miller,Witney Carson,7,Eliminated Week 7,7.0,0.08860759493670886,0.0886075949367088,886075.9493670886,0.17721518987341767
22,1,0,Antonio Brown,Sharna Burgess,5,Eliminated Week 9,7.0,0.08860759493670886,0.0886075949367088,886075.9493670886,0.17721518987341767
22,1,9,Paige VanZant,Mark Ballas,2,2nd Place,7.0,0.08860759493670886,0.0886075949367088,886075.9493670886,0.17721518987341767
22,1,6,Marla Maples,Tony Dovolani,10,Eliminated Week 4,7.0,0.08860759493670886,0.0886075949367088,886075.9493670886,0.17721518987341767
22,1,5,Kim Fields,Sasha Farber,8,Eliminated Week 7,6.666666666666667,0.08438818565400845,0.0843881856540084,843881.8565400845,0.16877637130801684
22,1,4,Jodie Sweetin,Keo Motsepe,6,Eliminated Week 8,6.666666666666667,0.08438818565400845,0.0843881856540084,843881.8565400845,0.16877637130801684
22,1,7,Mischa Barton,Artem Chigvintsev,11,Eliminated Week 3,5.333333333333333,0.06751054852320675,0.0675105485232067,675105.4852320674,0.13502109704641346
22,1,1,Doug Flutie,Karina Smirnoff,9,Eliminated Week 6,5.0,0.06329113924050633,0.0632911392405063,632911.3924050634,0.12658227848101264
22,1,2,Geraldo Rivera,Edyta Sliwinska,12,Eliminated Week 2,4.333333333333333,0.05485232067510548,0.0548523206751054,548523.2067510549,0.10970464135021088
22,2,9,Paige VanZant,Mark Ballas,2,2nd Place,8.0,0.10169491525423728,0.0901818181818181,901818.181818182,0.19187673343605538
22,2,11,Wanya Morris,Lindsay Arnold,4,Eliminated Week 9,8.0,0.10169491525423728,0.0901818181818181,901818.181818182,0.19187673343605538
22,2,4,Jodie Sweetin,Keo Motsepe,6,Eliminated Week 8,7.0,0.08898305084745763,0.0901818181818181,901818.181818182,0.17916486902927573
22,2,3,Ginger Zee,Valentin Chmerkovskiy,3,3rd Place,7.0,0.08898305084745763,0.0901818181818181,901818.181818182,0.17916486902927573
22,2,1,Doug Flutie,Karina Smirnoff,9,Eliminated Week 6,6.666666666666667,0.0847457627118644,0.0901818181818181,901818.181818182,0.1749275808936825
22,2,10,Von Miller,Witney Carson,7,Eliminated Week 7,6.666666666666667,0.0847457627118644,0.0901818181818181,901818.181818182,0.1749275808936825
22,2,8,Nyle DiMarco,Peta Murgatroyd,1,1st Place,6.666666666666667,0.0847457627118644,0.0901818181818181,901818.181818182,0.1749275808936825
22,2,6,Marla Maples,Tony Dovolani,10,Eliminated Week 4,6.666666666666667,0.0847457627118644,0.0901818181818181,901818.181818182,0.1749275808936825
22,2,5,Kim Fields,Sasha Farber,8,Eliminated Week 7,6.333333333333333,0.08050847457627118,0.0901818181818181,901818.181818182,0.17069029275808928
22,2,0,Antonio Brown,Sharna Burgess,5,Eliminated Week 9,6.333333333333333,0.08050847457627118,0.0901818181818181,901818.181818182,0.17069029275808928
22,2,7,Mischa Barton,Artem Chigvintsev,11,Eliminated Week 3,5.0,0.0635593220338983,0.0901818181818181,901818.181818182,0.1537411402157164
22,2,2,Geraldo Rivera,Edyta Sliwinska,12,Eliminated Week 2,4.333333333333333,0.055084745762711856,0.008,80000.0,0.06308474576271186
22,3,8,Nyle DiMarco,Peta Murgatroyd,1,1st Place,8.333333333333334,0.10548523206751055,0.0992,992000.0,0.20468523206751055
22,3,11,Wanya Morris,Lindsay Arnold,4,Eliminated Week 9,8.0,0.10126582278481013,0.0992,992000.0,0.20046582278481012
22,3,4,Jodie Sweetin,Keo Motsepe,6,Eliminated Week 8,7.666666666666667,0.09704641350210971,0.0992,992000.0,0.1962464135021097
22,3,9,Paige VanZant,Mark Ballas,2,2nd Place,7.666666666666667,0.09704641350210971,0.0992,992000.0,0.1962464135021097
22,3,5,Kim Fields,Sasha Farber,8,Eliminated Week 7,7.333333333333333,0.09282700421940927,0.0992,992000.0,0.19202700421940927
22,3,3,Ginger Zee,Valentin Chmerkovskiy,3,3rd Place,7.0,0.08860759493670886,0.0992,992000.0,0.18780759493670884
22,3,6,Marla Maples,Tony Dovolani,10,Eliminated Week 4,7.0,0.08860759493670886,0.0992,992000.0,0.18780759493670884
22,3,1,Doug Flutie,Karina Smirnoff,9,Eliminated Week 6,6.666666666666667,0.08438818565400845,0.0992,992000.0,0.18358818565400845
22,3,10,Von Miller,Witney Carson,7,Eliminated Week 7,6.666666666666667,0.08438818565400845,0.0992,992000.0,0.18358818565400845
22,3,0,Antonio Brown,Sharna Burgess,5,Eliminated Week 9,6.666666666666667,0.08438818565400845,0.0992,992000.0,0.18358818565400845
22,3,7,Mischa Barton,Artem Chigvintsev,11,Eliminated Week 3,6.0,0.0759493670886076,0.008,80000.0,0.08394936708860759
22,4,9,Paige VanZant,Mark Ballas,2,2nd Place,9.0,0.11285266457680251,0.1093695576454197,1093695.5764541973,0.2222222222222222
22,4,3,Ginger Zee,Valentin Chmerkovskiy,3,3rd Place,9.0,0.11285266457680251,0.1093695576454197,1093695.5764541973,0.2222222222222222
22,4,0,Antonio Brown,Sharna Burgess,5,Eliminated Week 9,8.75,0.109717868338558,0.1093695576454197,1093695.5764541973,0.21908742598397768
22,4,11,Wanya Morris,Lindsay Arnold,4,Eliminated Week 9,8.75,0.109717868338558,0.1093695576454197,1093695.5764541973,0.21908742598397768
22,4,8,Nyle DiMarco,Peta Murgatroyd,1,1st Place,8.5,0.10658307210031348,0.1093695576454197,1093695.5764541973,0.21595262974573318
22,4,5,Kim Fields,Sasha Farber,8,Eliminated Week 7,8.0,0.10031347962382445,0.1093695576454197,1093695.5764541973,0.20968303726924414
22,4,10,Von Miller,Witney Carson,7,Eliminated Week 7,8.0,0.10031347962382445,0.1093695576454197,1093695.5764541973,0.20968303726924414
22,4,4,Jodie Sweetin,Keo Motsepe,6,Eliminated Week 8,6.75,0.08463949843260188,0.1125043538836642,1125043.5388366424,0.19714385231626608
22,4,1,Doug Flutie,Karina Smirnoff,9,Eliminated Week 6,6.0,0.07523510971786834,0.1219087425983977,1219087.4259839775,0.19714385231626605
22,4,6,Marla Maples,Tony Dovolani,10,Eliminated Week 4,7.0,0.0877742946708464,0.0,0.0,0.0877742946708464
22,5,8,Nyle DiMarco,Peta Murgatroyd,1,1st Place,9.25,0.13405797101449277,0.1340579710144927,1340579.7101449275,0.2681159420289855
22,5,4,Jodie Sweetin,Keo Motsepe,6,Eliminated Week 8,8.75,0.12681159420289856,0.1268115942028985,1268115.9420289856,0.25362318840579706
22,5,3,Ginger Zee,Valentin Chmerkovskiy,3,3rd Place,8.0,0.11594202898550725,0.1159420289855072,1159420.2898550725,0.23188405797101447
22,5,9,Paige VanZant,Mark Ballas,2,2nd Place,7.75,0.11231884057971014,0.1123188405797101,1123188.4057971016,0.22463768115942023
22,5,11,Wanya Morris,Lindsay Arnold,4,Eliminated Week 9,7.5,0.10869565217391304,0.108695652173913,1086956.5217391304,0.21739130434782605
22,5,10,Von Miller,Witney Carson,7,Eliminated Week 7,7.25,0.10507246376811594,0.1050724637681159,1050724.6376811594,0.21014492753623182
22,5,5,Kim Fields,Sasha Farber,8,Eliminated Week 7,7.0,0.10144927536231885,0.1014492753623188,1014492.7536231884,0.20289855072463764
22,5,1,Doug Flutie,Karina Smirnoff,9,Eliminated Week 6,7.0,0.10144927536231885,0.1014492753623188,1014492.7536231884,0.20289855072463764
22,5,0,Antonio Brown,Sharna Burgess,5,Eliminated Week 9,6.5,0.09420289855072464,0.0942028985507246,942028.9855072465,0.18840579710144922
22,6,11,Wanya Morris,Lindsay Arnold,4,Eliminated Week 9,9.666666666666666,0.1277533039647577,0.123375,1233750.0,0.2511283039647577
22,6,9,Paige VanZant,Mark Ballas,2,2nd Place,9.333333333333334,0.12334801762114538,0.123375,1233750.0,0.24672301762114537
22,6,0,Antonio Brown,Sharna Burgess,5,Eliminated Week 9,9.0,0.11894273127753303,0.123375,1233750.0,0.24231773127753303
22,6,4,Jodie Sweetin,Keo Motsepe,6,Eliminated Week 8,8.333333333333334,0.11013215859030837,0.123375,1233750.0,0.23350715859030835
22,6,8,Nyle DiMarco,Peta Murgatroyd,1,1st Place,8.333333333333334,0.11013215859030837,0.123375,1233750.0,0.23350715859030835
22,6,5,Kim Fields,Sasha Farber,8,Eliminated Week 7,8.0,0.10572687224669602,0.123375,1233750.0,0.22910187224669604
22,6,10,Von Miller,Witney Carson,7,Eliminated Week 7,8.0,0.10572687224669602,0.123375,1233750.0,0.22910187224669604
22,6,3,Ginger Zee,Valentin Chmerkovskiy,3,3rd Place,8.0,0.10572687224669602,0.123375,1233750.0,0.22910187224669604
22,6,1,Doug Flutie,Karina Smirnoff,9,Eliminated Week 6,7.0,0.09251101321585903,0.013,130000.0,0.10551101321585903
22,7,8,Nyle DiMarco,Peta Murgatroyd,1,1st Place,9.333333333333334,0.13084112149532712,0.1662772585669782,1662772.585669782,0.2971183800623053
22,7,9,Paige VanZant,Mark Ballas,2,2nd Place,9.166666666666666,0.12850467289719625,0.1662772585669782,1662772.585669782,0.2947819314641744
22,7,3,Ginger Zee,Valentin Chmerkovskiy,3,3rd Place,9.166666666666666,0.12850467289719625,0.1662772585669782,1662772.585669782,0.2947819314641744
22,7,11,Wanya Morris,Lindsay Arnold,4,Eliminated Week 9,9.166666666666666,0.12850467289719625,0.1662772585669782,1662772.585669782,0.2947819314641744
22,7,4,Jodie Sweetin,Keo Motsepe,6,Eliminated Week 8,8.5,0.11915887850467291,0.168613707165109,1686137.0716510904,0.2877725856697819
22,7,0,Antonio Brown,Sharna Burgess,5,Eliminated Week 9,8.666666666666666,0.12149532710280374,0.1662772585669782,1662772.585669782,0.2877725856697819
22,7,5,Kim Fields,Sasha Farber,8,Eliminated Week 7,8.666666666666666,0.12149532710280374,0.0,0.0,0.12149532710280374
22,7,10,Von Miller,Witney Carson,7,Eliminated Week 7,8.666666666666666,0.12149532710280374,0.0,0.0,0.12149532710280374
22,8,9,Paige VanZant,Mark Ballas,2,2nd Place,9.333333333333334,0.16568047337278108,0.1988165680473372,1988165.6804733723,0.3644970414201183
22,8,8,Nyle DiMarco,Peta Murgatroyd,1,1st Place,9.666666666666666,0.17159763313609466,0.1928994082840236,1928994.0828402368,0.3644970414201183
22,8,3,Ginger Zee,Valentin Chmerkovskiy,3,3rd Place,10.0,0.17751479289940827,0.18698224852071,1869822.4852071004,0.3644970414201183
22,8,0,Antonio Brown,Sharna Burgess,5,Eliminated Week 9,9.0,0.15976331360946744,0.2047337278106508,2047337.2781065088,0.36449704142011824
22,8,11,Wanya Morris,Lindsay Arnold,4,Eliminated Week 9,8.333333333333334,0.14792899408284024,0.216568047337278,2165680.4733727807,0.36449704142011824
22,8,4,Jodie Sweetin,Keo Motsepe,6,Eliminated Week 8,10.0,0.17751479289940827,0.0,0.0,0.17751479289940827
22,9,3,Ginger Zee,Valentin Chmerkovskiy,3,3rd Place,9.333333333333334,0.1951219512195122,0.2713124274099884,2713124.274099884,0.4664343786295006
22,9,9,Paige VanZant,Mark Ballas,2,2nd Place,9.833333333333334,0.20557491289198607,0.2608594657375145,2608594.657375145,0.46643437862950055
22,9,8,Nyle DiMarco,Peta Murgatroyd,1,1st Place,9.5,0.19860627177700346,0.2678281068524971,2678281.068524972,0.46643437862950055
22,9,11,Wanya Morris,Lindsay Arnold,4,Eliminated Week 9,10.0,0.20905923344947736,0.2,2000000.0,0.40905923344947737
22,9,0,Antonio Brown,Sharna Burgess,5,Eliminated Week 9,9.166666666666666,0.19163763066202089,0.0,0.0,0.19163763066202089
22,10,9,Paige VanZant,Mark Ballas,2,2nd Place,9.888866666666669,0.340996970101012,0.3409969701010119,3409969.701010119,0.6819939402020239
22,10,8,Nyle DiMarco,Peta Murgatroyd,1,1st Place,9.6666,0.3333325670462853,0.3333325670462853,3333325.670462853,0.6666651340925706
22,10,3,Ginger Zee,Valentin Chmerkovskiy,3,3rd Place,9.4444,0.32567046285270274,0.3256704628527027,3256704.628527028,0.6513409257054055
23,1,6,Laurie Hernandez,Valentin Chmerkovskiy,1,1st Place,7.75,0.09393939393939393,0.0939393939393939,939393.9393939392,0.18787878787878784
23,1,4,James Hinchcliffe,Sharna Burgess,2,2nd Place,7.75,0.09393939393939393,0.0939393939393939,939393.9393939392,0.18787878787878784
23,1,7,Marilu Henner,Derek Hough,6,Eliminated Week 9,6.75,0.08181818181818182,0.0818181818181818,818181.8181818182,0.16363636363636364
23,1,5,Jana Kramer,Gleb Savchenko,4,Eliminated Week 11,6.75,0.08181818181818182,0.0818181818181818,818181.8181818182,0.16363636363636364
23,1,2,Calvin Johnson Jr.,Lindsay Arnold,3,3rd Place,6.5,0.07878787878787878,0.0787878787878787,787878.7878787878,0.15757575757575748
23,1,1,Babyface,Allison Holker,11,Eliminated Week 4,6.5,0.07878787878787878,0.0787878787878787,787878.7878787878,0.15757575757575748
23,1,12,Vanilla Ice,Witney Carson,10,Eliminated Week 4,6.25,0.07575757575757576,0.0757575757575757,757575.7575757576,0.15151515151515146
23,1,11,Terra Jole,Sasha Farber,5,Eliminated Week 10,6.25,0.07575757575757576,0.0757575757575757,757575.7575757576,0.15151515151515146
23,1,10,Ryan Lochte,Cheryl Burke,7,Eliminated Week 8,6.0,0.07272727272727272,0.0727272727272727,727272.7272727273,0.14545454545454542
23,1,0,Amber Rose,Maksim Chmerkoskiy,9,Eliminated Week 6,6.0,0.07272727272727272,0.0727272727272727,727272.7272727273,0.14545454545454542
23,1,3,Jake T. Austin,Jenna Johnson,13,Eliminated Week 2,5.5,0.06666666666666667,0.0666666666666666,666666.6666666666,0.13333333333333325
23,1,8,Maureen McCormick,Artem Chigvintsev,8,Eliminated Week 7,5.5,0.06666666666666667,0.0666666666666666,666666.6666666666,0.13333333333333325
23,1,9,Rick Perry,Emma Slater,12,Eliminated Week 3,5.0,0.06060606060606061,0.0606060606060606,606060.6060606061,0.12121212121212122
23,2,6,Laurie Hernandez,Valentin Chmerkovskiy,1,1st Place,8.0,0.09090909090909091,0.0828598484848485,828598.484848485,0.1737689393939394
23,2,11,Terra Jole,Sasha Farber,5,Eliminated Week 10,7.75,0.08806818181818182,0.0828598484848485,828598.484848485,0.17092803030303033
23,2,1,Babyface,Allison Holker,11,Eliminated Week 4,7.5,0.08522727272727272,0.0828598484848485,828598.484848485,0.16808712121212122
23,2,4,James Hinchcliffe,Sharna Burgess,2,2nd Place,7.25,0.08238636363636363,0.0828598484848485,828598.484848485,0.16524621212121213
23,2,5,Jana Kramer,Gleb Savchenko,4,Eliminated Week 11,7.25,0.08238636363636363,0.0828598484848485,828598.484848485,0.16524621212121213
23,2,2,Calvin Johnson Jr.,Lindsay Arnold,3,3rd Place,7.0,0.07954545454545454,0.0828598484848485,828598.484848485,0.16240530303030304
23,2,7,Marilu Henner,Derek Hough,6,Eliminated Week 9,6.75,0.07670454545454546,0.0828598484848485,828598.484848485,0.15956439393939395
23,2,8,Maureen McCormick,Artem Chigvintsev,8,Eliminated Week 7,6.5,0.07386363636363637,0.0828598484848485,828598.484848485,0.15672348484848486
23,2,12,Vanilla Ice,Witney Carson,10,Eliminated Week 4,6.5,0.07386363636363637,0.0828598484848485,828598.484848485,0.15672348484848486
23,2,10,Ryan Lochte,Cheryl Burke,7,Eliminated Week 8,6.0,0.06818181818181818,0.0828598484848485,828598.484848485,0.15104166666666669
23,2,0,Amber Rose,Maksim Chmerkoskiy,9,Eliminated Week 6,6.0,0.06818181818181818,0.0828598484848485,828598.484848485,0.15104166666666669
23,2,9,Rick Perry,Emma Slater,12,Eliminated Week 3,5.5,0.0625,0.0885416666666666,885416.6666666667,0.1510416666666666
23,2,3,Jake T. Austin,Jenna Johnson,13,Eliminated Week 2,6.0,0.06818181818181818,0.0,0.0,0.06818181818181818
23,3,2,Calvin Johnson Jr.,Lindsay Arnold,3,3rd Place,8.0,0.09846153846153846,0.0909090909090909,909090.9090909092,0.18937062937062937
23,3,6,Laurie Hernandez,Valentin Chmerkovskiy,1,1st Place,7.75,0.09538461538461539,0.0909090909090909,909090.9090909092,0.18629370629370628
23,3,11,Terra Jole,Sasha Farber,5,Eliminated Week 10,7.5,0.09230769230769231,0.0909090909090909,909090.9090909092,0.1832167832167832
23,3,4,James Hinchcliffe,Sharna Burgess,2,2nd Place,7.25,0.08923076923076922,0.0909090909090909,909090.9090909092,0.1801398601398601
23,3,8,Maureen McCormick,Artem Chigvintsev,8,Eliminated Week 7,7.0,0.08615384615384615,0.0909090909090909,909090.9090909092,0.17706293706293705
23,3,7,Marilu Henner,Derek Hough,6,Eliminated Week 9,7.0,0.08615384615384615,0.0909090909090909,909090.9090909092,0.17706293706293705
23,3,5,Jana Kramer,Gleb Savchenko,4,Eliminated Week 11,6.5,0.08,0.0909090909090909,909090.9090909092,0.1709090909090909
23,3,10,Ryan Lochte,Cheryl Burke,7,Eliminated Week 8,6.25,0.07692307692307693,0.0909090909090909,909090.9090909092,0.1678321678321678
23,3,0,Amber Rose,Maksim Chmerkoskiy,9,Eliminated Week 6,6.25,0.07692307692307693,0.0909090909090909,909090.9090909092,0.1678321678321678
23,3,1,Babyface,Allison Holker,11,Eliminated Week 4,6.25,0.07692307692307693,0.0909090909090909,909090.9090909092,0.1678321678321678
23,3,12,Vanilla Ice,Witney Carson,10,Eliminated Week 4,5.75,0.07076923076923076,0.0909090909090909,909090.9090909092,0.16167832167832166
23,3,9,Rick Perry,Emma Slater,12,Eliminated Week 3,5.75,0.07076923076923076,0.0,0.0,0.07076923076923076
23,4,6,Laurie Hernandez,Valentin Chmerkovskiy,1,1st Place,10.0,0.11494252873563218,0.1098339719029374,1098339.7190293742,0.22477650063856958
23,4,4,James Hinchcliffe,Sharna Burgess,2,2nd Place,9.333333333333334,0.10727969348659004,0.1098339719029374,1098339.7190293742,0.21711366538952742
23,4,11,Terra Jole,Sasha Farber,5,Eliminated Week 10,8.333333333333334,0.09578544061302682,0.1098339719029374,1098339.7190293742,0.20561941251596422
23,4,8,Maureen McCormick,Artem Chigvintsev,8,Eliminated Week 7,8.0,0.09195402298850575,0.1098339719029374,1098339.7190293742,0.20178799489144314
23,4,0,Amber Rose,Maksim Chmerkoskiy,9,Eliminated Week 6,8.0,0.09195402298850575,0.1098339719029374,1098339.7190293742,0.20178799489144314
23,4,10,Ryan Lochte,Cheryl Burke,7,Eliminated Week 8,7.333333333333333,0.0842911877394636,0.1136653895274585,1136653.8952745849,0.19795657726692212
23,4,2,Calvin Johnson Jr.,Lindsay Arnold,3,3rd Place,7.666666666666667,0.08812260536398468,0.1098339719029374,1098339.7190293742,0.19795657726692206
23,4,5,Jana Kramer,Gleb Savchenko,4,Eliminated Week 11,7.666666666666667,0.08812260536398468,0.1098339719029374,1098339.7190293742,0.19795657726692206
23,4,7,Marilu Henner,Derek Hough,6,Eliminated Week 9,7.0,0.08045977011494253,0.1174968071519795,1174968.0715197958,0.197956577266922
23,4,12,Vanilla Ice,Witney Carson,10,Eliminated Week 4,7.666666666666667,0.08812260536398468,0.0,0.0,0.08812260536398468
23,4,1,Babyface,Allison Holker,11,Eliminated Week 4,6.0,0.06896551724137931,0.0,0.0,0.06896551724137931
23,5,4,James Hinchcliffe,Sharna Burgess,2,2nd Place,9.666666666666666,0.12608695652173912,0.1260869565217391,1260869.5652173914,0.25217391304347825
23,5,7,Marilu Henner,Derek Hough,6,Eliminated Week 9,9.0,0.11739130434782608,0.117391304347826,1173913.0434782607,0.2347826086956521
23,5,11,Terra Jole,Sasha Farber,5,Eliminated Week 10,9.0,0.11739130434782608,0.117391304347826,1173913.0434782607,0.2347826086956521
23,5,5,Jana Kramer,Gleb Savchenko,4,Eliminated Week 11,8.666666666666666,0.11304347826086955,0.1130434782608695,1130434.7826086956,0.22608695652173905
23,5,6,Laurie Hernandez,Valentin Chmerkovskiy,1,1st Place,8.333333333333334,0.10869565217391304,0.108695652173913,1086956.5217391304,0.21739130434782605
23,5,8,Maureen McCormick,Artem Chigvintsev,8,Eliminated Week 7,8.0,0.10434782608695652,0.1043478260869565,1043478.2608695652,0.208695652173913
23,5,10,Ryan Lochte,Cheryl Burke,7,Eliminated Week 8,8.0,0.10434782608695652,0.1043478260869565,1043478.2608695652,0.208695652173913
23,5,2,Calvin Johnson Jr.,Lindsay Arnold,3,3rd Place,8.0,0.10434782608695652,0.1043478260869565,1043478.2608695652,0.208695652173913
23,5,0,Amber Rose,Maksim Chmerkoskiy,9,Eliminated Week 6,8.0,0.10434782608695652,0.1043478260869565,1043478.2608695652,0.208695652173913
23,6,5,Jana Kramer,Gleb Savchenko,4,Eliminated Week 11,10.0,0.13114754098360656,0.12425,1242500.0,0.25539754098360656
23,6,4,James Hinchcliffe,Sharna Burgess,2,2nd Place,9.5,0.12459016393442623,0.12425,1242500.0,0.24884016393442623
23,6,2,Calvin Johnson Jr.,Lindsay Arnold,3,3rd Place,9.25,0.12131147540983607,0.12425,1242500.0,0.24556147540983608
23,6,6,Laurie Hernandez,Valentin Chmerkovskiy,1,1st Place,9.25,0.12131147540983607,0.12425,1242500.0,0.24556147540983608
23,6,7,Marilu Henner,Derek Hough,6,Eliminated Week 9,8.5,0.11147540983606558,0.12425,1242500.0,0.23572540983606557
23,6,8,Maureen McCormick,Artem Chigvintsev,8,Eliminated Week 7,7.75,0.10163934426229508,0.12425,1242500.0,0.22588934426229507
23,6,10,Ryan Lochte,Cheryl Burke,7,Eliminated Week 8,7.5,0.09836065573770492,0.12425,1242500.0,0.22261065573770492
23,6,11,Terra Jole,Sasha Farber,5,Eliminated Week 10,7.5,0.09836065573770492,0.12425,1242500.0,0.22261065573770492
23,6,0,Amber Rose,Maksim Chmerkoskiy,9,Eliminated Week 6,7.0,0.09180327868852459,0.006,60000.0,0.09780327868852459
23,7,2,Calvin Johnson Jr.,Lindsay Arnold,3,3rd Place,9.25,0.13430127041742287,0.1423386051335234,1423386.0513352344,0.27663987555094627
23,7,4,James Hinchcliffe,Sharna Burgess,2,2nd Place,9.25,0.13430127041742287,0.1423386051335234,1423386.0513352344,0.27663987555094627
23,7,6,Laurie Hernandez,Valentin Chmerkovskiy,1,1st Place,8.625,0.12522686025408347,0.1423386051335234,1423386.0513352344,0.26756546538760684
23,7,5,Jana Kramer,Gleb Savchenko,4,Eliminated Week 11,8.625,0.12522686025408347,0.1423386051335234,1423386.0513352344,0.26756546538760684
23,7,11,Terra Jole,Sasha Farber,5,Eliminated Week 10,8.625,0.12522686025408347,0.1423386051335234,1423386.0513352344,0.26756546538760684
23,7,7,Marilu Henner,Derek Hough,6,Eliminated Week 9,8.0,0.1161524500907441,0.1459683691988592,1459683.691988592,0.2621208192896033
23,7,10,Ryan Lochte,Cheryl Burke,7,Eliminated Week 8,8.25,0.11978221415607986,0.1423386051335234,1423386.0513352344,0.26212081928960324
23,7,8,Maureen McCormick,Artem Chigvintsev,8,Eliminated Week 7,8.25,0.11978221415607986,0.0,0.0,0.11978221415607986
23,8,4,James Hinchcliffe,Sharna Burgess,2,2nd Place,11.6666,0.1741285314711756,0.1625207255595942,1625207.2555959427,0.3366492570307698
23,8,6,Laurie Hernandez,Valentin Chmerkovskiy,1,1st Place,11.0,0.1641792678400675,0.1625207255595942,1625207.2555959427,0.3266999933996617
23,8,2,Calvin Johnson Jr.,Lindsay Arnold,3,3rd Place,10.0,0.14925387985460684,0.1625207255595942,1625207.2555959427,0.31177460541420104
23,8,5,Jana Kramer,Gleb Savchenko,4,Eliminated Week 11,10.0,0.14925387985460684,0.1625207255595942,1625207.2555959427,0.31177460541420104
23,8,7,Marilu Henner,Derek Hough,6,Eliminated Week 9,7.666666666666667,0.11442797455519857,0.1774461135450549,1774461.1354505494,0.2918740881002535
23,8,11,Terra Jole,Sasha Farber,5,Eliminated Week 10,8.0,0.11940310388368545,0.172470984216568,1724709.8421656804,0.29187408810025345
23,8,10,Ryan Lochte,Cheryl Burke,7,Eliminated Week 8,8.666666666666666,0.12935336254065924,0.0,0.0,0.12935336254065924
23,9,6,Laurie Hernandez,Valentin Chmerkovskiy,1,1st Place,10.0,0.1762114537444934,0.2,2000000.0,0.3762114537444934
23,9,5,Jana Kramer,Gleb Savchenko,4,Eliminated Week 11,10.0,0.1762114537444934,0.2,2000000.0,0.3762114537444934
23,9,11,Terra Jole,Sasha Farber,5,Eliminated Week 10,9.5,0.16740088105726872,0.2,2000000.0,0.36740088105726876
23,9,2,Calvin Johnson Jr.,Lindsay Arnold,3,3rd Place,9.25,0.16299559471365638,0.2,2000000.0,0.3629955947136564
23,9,4,James Hinchcliffe,Sharna Burgess,2,2nd Place,9.0,0.15859030837004406,0.2,2000000.0,0.3585903083700441
23,9,7,Marilu Henner,Derek Hough,6,Eliminated Week 9,9.0,0.15859030837004406,0.0,0.0,0.15859030837004406
23,10,6,Laurie Hernandez,Valentin Chmerkovskiy,1,1st Place,10.0,0.20477815699658702,0.2440273037542662,2440273.037542662,0.44880546075085326
23,10,5,Jana Kramer,Gleb Savchenko,4,Eliminated Week 11,9.666666666666666,0.1979522184300341,0.2508532423208191,2508532.423208191,0.44880546075085326
23,10,2,Calvin Johnson Jr.,Lindsay Arnold,3,3rd Place,9.333333333333334,0.19112627986348124,0.2576791808873719,2576791.8088737195,0.44880546075085315
23,10,4,James Hinchcliffe,Sharna Burgess,2,2nd Place,9.833333333333334,0.20136518771331058,0.2474402730375426,2474402.7303754264,0.44880546075085315
23,10,11,Terra Jole,Sasha Farber,5,Eliminated Week 10,10.0,0.20477815699658702,0.0,0.0,0.20477815699658702
23,11,6,Laurie Hernandez,Valentin Chmerkovskiy,1,1st Place,9.8333,0.2584885858282495,0.2584885858282496,2584885.858282496,0.516977171656499
23,11,4,James Hinchcliffe,Sharna Burgess,2,2nd Place,9.74995,0.25629755904896034,0.2562975590489603,2562975.590489604,0.5125951180979207
23,11,2,Calvin Johnson Jr.,Lindsay Arnold,3,3rd Place,9.583275,0.25191616266698036,0.2519161626669803,2519161.626669804,0.5038323253339607
23,11,5,Jana Kramer,Gleb Savchenko,4,Eliminated Week 11,8.875,0.2332976924558098,0.2332976924558098,2332976.924558098,0.4665953849116196
24,1,11,Simone Biles,Sasha Farber,4,Eliminated Week 9,8.0,0.10596026490066225,0.1059602649006622,1059602.6490066226,0.21192052980132445
24,1,10,Rashad Jennings,Emma Slater,1,1st Place,7.75,0.10264900662251655,0.1026490066225165,1026490.0662251656,0.20529801324503305
24,1,5,Heather Morris,Maksim Chmerkoskiy,8,Eliminated Week 6,7.0,0.09271523178807947,0.0927152317880794,927152.3178807948,0.1854304635761589
24,1,7,Nancy Kerrigan,Artem Chigvintsev,7,Eliminated Week 7,7.0,0.09271523178807947,0.0927152317880794,927152.3178807948,0.1854304635761589
24,1,3,David Ross,Lindsay Arnold,2,2nd Place,7.0,0.09271523178807947,0.0927152317880794,927152.3178807948,0.1854304635761589
24,1,9,Normani,Valentin Chmerkovskiy,3,3rd Place,6.75,0.08940397350993377,0.0894039735099337,894039.7350993378,0.17880794701986746
24,1,4,Erika Jayne,Gleb Savchenko,9,Eliminated Week 5,6.0,0.07947019867549669,0.0794701986754966,794701.9867549669,0.1589403973509933
24,1,8,Nick Viall,Peta Murgatroyd,6,Eliminated Week 7,6.0,0.07947019867549669,0.0794701986754966,794701.9867549669,0.1589403973509933
24,1,0,Bonner Bolton,Sharna Burgess,5,Eliminated Week 8,5.5,0.0728476821192053,0.0728476821192053,728476.8211920529,0.1456953642384106
24,1,1,Charo,Keo Motsepe,11,Eliminated Week 3,5.25,0.0695364238410596,0.0695364238410596,695364.2384105959,0.1390728476821192
24,1,6,Mr. T,Kym Herjavec,10,Eliminated Week 4,5.0,0.06622516556291391,0.0662251655629139,662251.6556291392,0.13245033112582782
24,1,2,Chris Kattan,Witney Carson,12,Eliminated Week 2,4.25,0.056291390728476824,0.0562913907284768,562913.9072847683,0.11258278145695363
24,2,10,Rashad Jennings,Emma Slater,1,1st Place,8.0,0.0975609756097561,0.0909090909090909,909090.9090909092,0.188470066518847
24,2,9,Normani,Valentin Chmerkovskiy,3,3rd Place,8.0,0.0975609756097561,0.0909090909090909,909090.9090909092,0.188470066518847
24,2,5,Heather Morris,Maksim Chmerkoskiy,8,Eliminated Week 6,7.5,0.09146341463414634,0.0909090909090909,909090.9090909092,0.18237250554323725
24,2,11,Simone Biles,Sasha Farber,4,Eliminated Week 9,7.25,0.08841463414634146,0.0909090909090909,909090.9090909092,0.17932372505543237
24,2,7,Nancy Kerrigan,Artem Chigvintsev,7,Eliminated Week 7,7.0,0.08536585365853659,0.0909090909090909,909090.9090909092,0.1762749445676275
24,2,0,Bonner Bolton,Sharna Burgess,5,Eliminated Week 8,7.0,0.08536585365853659,0.0909090909090909,909090.9090909092,0.1762749445676275
24,2,4,Erika Jayne,Gleb Savchenko,9,Eliminated Week 5,7.0,0.08536585365853659,0.0909090909090909,909090.9090909092,0.1762749445676275
24,2,3,David Ross,Lindsay Arnold,2,2nd Place,6.75,0.08231707317073171,0.0909090909090909,909090.9090909092,0.1732261640798226
24,2,1,Charo,Keo Motsepe,11,Eliminated Week 3,6.25,0.07621951219512195,0.0909090909090909,909090.9090909092,0.16712860310421285
24,2,8,Nick Viall,Peta Murgatroyd,6,Eliminated Week 7,6.25,0.07621951219512195,0.0909090909090909,909090.9090909092,0.16712860310421285
24,2,6,Mr. T,Kym Herjavec,10,Eliminated Week 4,5.5,0.06707317073170732,0.0909090909090909,909090.9090909092,0.1579822616407982
24,2,2,Chris Kattan,Witney Carson,12,Eliminated Week 2,5.5,0.06707317073170732,0.0,0.0,0.06707317073170732
24,3,9,Normani,Valentin Chmerkovskiy,3,3rd Place,8.5,0.10793650793650794,0.1,1000000.0,0.20793650793650795
24,3,5,Heather Morris,Maksim Chmerkoskiy,8,Eliminated Week 6,8.25,0.10476190476190476,0.1,1000000.0,0.20476190476190476
24,3,7,Nancy Kerrigan,Artem Chigvintsev,7,Eliminated Week 7,8.25,0.10476190476190476,0.1,1000000.0,0.20476190476190476
24,3,11,Simone Biles,Sasha Farber,4,Eliminated Week 9,8.0,0.10158730158730159,0.1,1000000.0,0.2015873015873016
24,3,3,David Ross,Lindsay Arnold,2,2nd Place,7.75,0.09841269841269841,0.1,1000000.0,0.19841269841269843
24,3,10,Rashad Jennings,Emma Slater,1,1st Place,7.0,0.08888888888888889,0.1,1000000.0,0.18888888888888888
24,3,4,Erika Jayne,Gleb Savchenko,9,Eliminated Week 5,6.5,0.08253968253968254,0.1,1000000.0,0.18253968253968256
24,3,8,Nick Viall,Peta Murgatroyd,6,Eliminated Week 7,6.5,0.08253968253968254,0.1,1000000.0,0.18253968253968256
24,3,6,Mr. T,Kym Herjavec,10,Eliminated Week 4,6.0,0.0761904761904762,0.1,1000000.0,0.1761904761904762
24,3,0,Bonner Bolton,Sharna Burgess,5,Eliminated Week 8,6.0,0.0761904761904762,0.1,1000000.0,0.1761904761904762
24,3,1,Charo,Keo Motsepe,11,Eliminated Week 3,6.0,0.0761904761904762,0.0,0.0,0.0761904761904762
24,4,10,Rashad Jennings,Emma Slater,1,1st Place,9.75,0.1196319018404908,0.1104444444444444,1104444.4444444445,0.2300763462849352
24,4,11,Simone Biles,Sasha Farber,4,Eliminated Week 9,9.0,0.11042944785276074,0.1104444444444444,1104444.4444444445,0.22087389229720514
24,4,5,Heather Morris,Maksim Chmerkoskiy,8,Eliminated Week 6,8.75,0.10736196319018405,0.1104444444444444,1104444.4444444445,0.21780640763462844
24,4,7,Nancy Kerrigan,Artem Chigvintsev,7,Eliminated Week 7,8.25,0.10122699386503067,0.1104444444444444,1104444.4444444445,0.21167143830947507
24,4,0,Bonner Bolton,Sharna Burgess,5,Eliminated Week 8,8.0,0.09815950920245399,0.1104444444444444,1104444.4444444445,0.20860395364689838
24,4,9,Normani,Valentin Chmerkovskiy,3,3rd Place,8.0,0.09815950920245399,0.1104444444444444,1104444.4444444445,0.20860395364689838
24,4,3,David Ross,Lindsay Arnold,2,2nd Place,7.75,0.0950920245398773,0.1104444444444444,1104444.4444444445,0.2055364689843217
24,4,4,Erika Jayne,Gleb Savchenko,9,Eliminated Week 5,7.5,0.09202453987730061,0.1104444444444444,1104444.4444444445,0.202468984321745
24,4,8,Nick Viall,Peta Murgatroyd,6,Eliminated Week 7,7.5,0.09202453987730061,0.1104444444444444,1104444.4444444445,0.202468984321745
24,4,6,Mr. T,Kym Herjavec,10,Eliminated Week 4,7.0,0.08588957055214724,0.006,60000.0,0.09188957055214725
24,5,9,Normani,Valentin Chmerkovskiy,3,3rd Place,9.75,0.12828947368421054,0.1229440789473684,1229440.7894736845,0.2512335526315789
24,5,11,Simone Biles,Sasha Farber,4,Eliminated Week 9,9.5,0.125,0.1229440789473684,1229440.7894736845,0.24794407894736842
24,5,7,Nancy Kerrigan,Artem Chigvintsev,7,Eliminated Week 7,9.0,0.11842105263157894,0.1229440789473684,1229440.7894736845,0.24136513157894735
24,5,5,Heather Morris,Maksim Chmerkoskiy,8,Eliminated Week 6,8.5,0.1118421052631579,0.1229440789473684,1229440.7894736845,0.2347861842105263
24,5,8,Nick Viall,Peta Murgatroyd,6,Eliminated Week 7,8.5,0.1118421052631579,0.1229440789473684,1229440.7894736845,0.2347861842105263
24,5,3,David Ross,Lindsay Arnold,2,2nd Place,7.25,0.09539473684210527,0.1328125,1328125.0,0.22820723684210525
24,5,10,Rashad Jennings,Emma Slater,1,1st Place,8.0,0.10526315789473684,0.1229440789473684,1229440.7894736845,0.22820723684210525
24,5,0,Bonner Bolton,Sharna Burgess,5,Eliminated Week 8,7.5,0.09868421052631579,0.1295230263157894,1295230.2631578946,0.2282072368421052
24,5,4,Erika Jayne,Gleb Savchenko,9,Eliminated Week 5,8.0,0.10526315789473684,0.0,0.0,0.10526315789473684
24,6,0,Bonner Bolton,Sharna Burgess,5,Eliminated Week 8,7.875,0.1171003717472119,0.1489644184811471,1489644.184811471,0.266064790228359
24,6,8,Nick Viall,Peta Murgatroyd,6,Eliminated Week 7,7.625,0.11338289962825279,0.1526818906001062,1526818.906001062,0.266064790228359
24,6,11,Simone Biles,Sasha Farber,4,Eliminated Week 9,8.625,0.12825278810408922,0.1378120021242697,1378120.0212426975,0.26606479022835894
24,6,3,David Ross,Lindsay Arnold,2,2nd Place,7.75,0.11524163568773234,0.1508231545406266,1508231.5454062666,0.26606479022835894
24,6,10,Rashad Jennings,Emma Slater,1,1st Place,8.75,0.13011152416356878,0.1359532660647902,1359532.6606479022,0.26606479022835894
24,6,9,Normani,Valentin Chmerkovskiy,3,3rd Place,9.0,0.13382899628252787,0.1322357939458311,1322357.9394583113,0.26606479022835894
24,6,7,Nancy Kerrigan,Artem Chigvintsev,7,Eliminated Week 7,8.375,0.12453531598513011,0.1415294742432288,1415294.7424322886,0.2660647902283589
24,6,5,Heather Morris,Maksim Chmerkoskiy,8,Eliminated Week 6,9.25,0.137546468401487,0.0,0.0,0.137546468401487
24,7,9,Normani,Valentin Chmerkovskiy,3,3rd Place,10.5,0.16600790513833993,0.1928853754940711,1928853.7549407117,0.358893280632411
24,7,11,Simone Biles,Sasha Farber,4,Eliminated Week 9,9.75,0.1541501976284585,0.1928853754940711,1928853.7549407117,0.3470355731225296
24,7,10,Rashad Jennings,Emma Slater,1,1st Place,9.75,0.1541501976284585,0.1928853754940711,1928853.7549407117,0.3470355731225296
24,7,0,Bonner Bolton,Sharna Burgess,5,Eliminated Week 8,7.75,0.1225296442687747,0.2126482213438735,2126482.213438736,0.33517786561264823
24,7,3,David Ross,Lindsay Arnold,2,2nd Place,8.0,0.12648221343873517,0.208695652173913,2086956.5217391304,0.3351778656126482
24,7,7,Nancy Kerrigan,Artem Chigvintsev,7,Eliminated Week 7,9.0,0.1422924901185771,0.0,0.0,0.1422924901185771
24,7,8,Nick Viall,Peta Murgatroyd,6,Eliminated Week 7,8.5,0.13438735177865613,0.0,0.0,0.13438735177865613
24,8,9,Normani,Valentin Chmerkovskiy,3,3rd Place,9.875,0.22636103151862463,0.245,2450000.0,0.47136103151862463
24,8,10,Rashad Jennings,Emma Slater,1,1st Place,9.375,0.2148997134670487,0.245,2450000.0,0.4598997134670487
24,8,11,Simone Biles,Sasha Farber,4,Eliminated Week 9,9.0,0.20630372492836677,0.245,2450000.0,0.4513037249283668
24,8,3,David Ross,Lindsay Arnold,2,2nd Place,8.125,0.18624641833810887,0.245,2450000.0,0.43124641833810884
24,8,0,Bonner Bolton,Sharna Burgess,5,Eliminated Week 8,7.25,0.166189111747851,0.02,200000.0,0.186189111747851
24,9,3,David Ross,Lindsay Arnold,2,2nd Place,8.75,0.23102310231023102,0.3476347634763477,3476347.634763477,0.5786578657865787
24,9,10,Rashad Jennings,Emma Slater,1,1st Place,9.625,0.25412541254125415,0.3245324532453245,3245324.532453245,0.5786578657865786
24,9,9,Normani,Valentin Chmerkovskiy,3,3rd Place,9.5,0.2508250825082508,0.3278327832783279,3278327.8327832785,0.5786578657865786
24,9,11,Simone Biles,Sasha Farber,4,Eliminated Week 9,10.0,0.264026402640264,0.0,0.0,0.264026402640264
24,10,10,Rashad Jennings,Emma Slater,1,1st Place,9.91665,0.3439307536171316,0.3439307536171316,3439307.536171316,0.6878615072342632
24,10,9,Normani,Valentin Chmerkovskiy,3,3rd Place,9.8333,0.341039996323692,0.341039996323692,3410399.96323692,0.682079992647384
24,10,3,David Ross,Lindsay Arnold,2,2nd Place,9.083325,0.3150292500591764,0.3150292500591764,3150292.500591764,0.6300585001183528
25,1,5,Jordan Fisher,Lindsay Arnold,1,1st Place,7.333333333333333,0.09205020920502091,0.0920502092050209,920502.0920502092,0.18410041841004182
25,1,6,Lindsey Stirling,Mark Ballas,2,2nd Place,7.333333333333333,0.09205020920502091,0.0920502092050209,920502.0920502092,0.18410041841004182
25,1,11,Vanessa Lachey,Maksim Chmerkoskiy,7,Eliminated Week 7,7.0,0.08786610878661087,0.0878661087866108,878661.0878661089,0.17573221757322166
25,1,8,Nikki Bella,Artem Chigvintsev,8,Eliminated Week 7,6.666666666666667,0.08368200836820083,0.0836820083682008,836820.0836820084,0.16736401673640164
25,1,4,Frankie Muniz,Witney Carson,3,3rd Place,6.333333333333333,0.07949790794979078,0.0794979079497908,794979.0794979079,0.15899581589958156
25,1,12,Victoria Arlen,Valentin Chmerkovskiy,5,Eliminated Week 9,6.333333333333333,0.07949790794979078,0.0794979079497908,794979.0794979079,0.15899581589958156
25,1,9,Sasha Pieterse,Gleb Savchenko,10,Eliminated Week 5,6.0,0.07531380753138076,0.0753138075313807,753138.0753138076,0.15062761506276146
25,1,2,Derek Fisher,Sharna Burgess,11,Eliminated Week 4,6.0,0.07531380753138076,0.0753138075313807,753138.0753138076,0.15062761506276146
25,1,7,Nick Lachey,Peta Murgatroyd,9,Eliminated Week 6,6.0,0.07531380753138076,0.0753138075313807,753138.0753138076,0.15062761506276146
25,1,1,Debbie Gibson,Alan Bersten,12,Eliminated Week 2,5.666666666666667,0.07112970711297072,0.0711297071129707,711297.0711297073,0.1422594142259414
25,1,3,Drew Scott,Emma Slater,4,Eliminated Week 10,5.333333333333333,0.06694560669456066,0.0669456066945606,669456.0669456067,0.13389121338912124
25,1,10,Terrell Owens,Cheryl Burke,6,Eliminated Week 8,5.0,0.06276150627615062,0.0627615062761506,627615.0627615064,0.12552301255230122
25,1,0,Barbara Corcoran,Keo Motsepe,13,Eliminated Week 2,4.666666666666667,0.058577405857740586,0.0585774058577406,585774.058577406,0.11715481171548119
25,2,4,Frankie Muniz,Witney Carson,3,3rd Place,8.0,0.08775137111517367,0.0892471331228186,892471.3312281867,0.17699850423799227
25,2,5,Jordan Fisher,Lindsay Arnold,1,1st Place,8.0,0.08775137111517367,0.0892471331228186,892471.3312281867,0.17699850423799227
25,2,11,Vanessa Lachey,Maksim Chmerkoskiy,7,Eliminated Week 7,7.833333333333333,0.08592321755027421,0.0892471331228186,892471.3312281867,0.1751703506730928
25,2,9,Sasha Pieterse,Gleb Savchenko,10,Eliminated Week 5,7.5,0.08226691042047532,0.0892471331228186,892471.3312281867,0.17151404354329391
25,2,6,Lindsey Stirling,Mark Ballas,2,2nd Place,7.5,0.08226691042047532,0.0892471331228186,892471.3312281867,0.17151404354329391
25,2,12,Victoria Arlen,Valentin Chmerkovskiy,5,Eliminated Week 9,7.333333333333333,0.08043875685557586,0.0892471331228186,892471.3312281867,0.16968588997839446
25,2,2,Derek Fisher,Sharna Burgess,11,Eliminated Week 4,6.333333333333333,0.06946983546617916,0.094731593817517,947315.9381751704,0.16420142928369616
25,2,7,Nick Lachey,Peta Murgatroyd,9,Eliminated Week 6,6.333333333333333,0.06946983546617916,0.094731593817517,947315.9381751704,0.16420142928369616
25,2,8,Nikki Bella,Artem Chigvintsev,8,Eliminated Week 7,6.5,0.0712979890310786,0.0929034402526175,929034.4025261756,0.1642014292836961
25,2,10,Terrell Owens,Cheryl Burke,6,Eliminated Week 8,6.5,0.0712979890310786,0.0929034402526175,929034.4025261756,0.1642014292836961
25,2,3,Drew Scott,Emma Slater,4,Eliminated Week 10,6.833333333333333,0.07495429616087751,0.0892471331228186,892471.3312281867,0.1642014292836961
25,2,1,Debbie Gibson,Alan Bersten,12,Eliminated Week 2,6.833333333333333,0.07495429616087751,0.0,0.0,0.07495429616087751
25,2,0,Barbara Corcoran,Keo Motsepe,13,Eliminated Week 2,5.666666666666667,0.062157221206581355,0.0,0.0,0.062157221206581355
25,3,6,Lindsey Stirling,Mark Ballas,2,2nd Place,9.0,0.11065573770491804,0.110655737704918,1106557.3770491802,0.22131147540983603
25,3,5,Jordan Fisher,Lindsay Arnold,1,1st Place,8.333333333333334,0.10245901639344264,0.1024590163934426,1024590.163934426,0.20491803278688525
25,3,3,Drew Scott,Emma Slater,4,Eliminated Week 10,7.666666666666667,0.09426229508196722,0.0942622950819672,942622.950819672,0.1885245901639344
25,3,11,Vanessa Lachey,Maksim Chmerkoskiy,7,Eliminated Week 7,7.666666666666667,0.09426229508196722,0.0942622950819672,942622.950819672,0.1885245901639344
25,3,12,Victoria Arlen,Valentin Chmerkovskiy,5,Eliminated Week 9,7.333333333333333,0.09016393442622951,0.0901639344262295,901639.3442622948,0.180327868852459
25,3,4,Frankie Muniz,Witney Carson,3,3rd Place,7.0,0.0860655737704918,0.0860655737704917,860655.7377049179,0.17213114754098352
25,3,2,Derek Fisher,Sharna Burgess,11,Eliminated Week 4,7.0,0.0860655737704918,0.0860655737704917,860655.7377049179,0.17213114754098352
25,3,8,Nikki Bella,Artem Chigvintsev,8,Eliminated Week 7,7.0,0.0860655737704918,0.0860655737704917,860655.7377049179,0.17213114754098352
25,3,10,Terrell Owens,Cheryl Burke,6,Eliminated Week 8,7.0,0.0860655737704918,0.0860655737704917,860655.7377049179,0.17213114754098352
25,3,7,Nick Lachey,Peta Murgatroyd,9,Eliminated Week 6,7.0,0.0860655737704918,0.0860655737704917,860655.7377049179,0.17213114754098352
25,3,9,Sasha Pieterse,Gleb Savchenko,10,Eliminated Week 5,6.333333333333333,0.0778688524590164,0.0778688524590163,778688.5245901638,0.15573770491803268
25,4,5,Jordan Fisher,Lindsay Arnold,1,1st Place,9.666666666666666,0.1070110701107011,0.0996309963099631,996309.9630996312,0.20664206642066418
25,4,12,Victoria Arlen,Valentin Chmerkovskiy,5,Eliminated Week 9,9.0,0.09963099630996311,0.0996309963099631,996309.9630996312,0.19926199261992622
25,4,6,Lindsey Stirling,Mark Ballas,2,2nd Place,8.666666666666666,0.0959409594095941,0.0996309963099631,996309.9630996312,0.1955719557195572
25,4,9,Sasha Pieterse,Gleb Savchenko,10,Eliminated Week 5,8.0,0.0885608856088561,0.0996309963099631,996309.9630996312,0.1881918819188192
25,4,4,Frankie Muniz,Witney Carson,3,3rd Place,8.0,0.0885608856088561,0.0996309963099631,996309.9630996312,0.1881918819188192
25,4,8,Nikki Bella,Artem Chigvintsev,8,Eliminated Week 7,8.0,0.0885608856088561,0.0996309963099631,996309.9630996312,0.1881918819188192
25,4,10,Terrell Owens,Cheryl Burke,6,Eliminated Week 8,8.0,0.0885608856088561,0.0996309963099631,996309.9630996312,0.1881918819188192
25,4,3,Drew Scott,Emma Slater,4,Eliminated Week 10,8.0,0.0885608856088561,0.0996309963099631,996309.9630996312,0.1881918819188192
25,4,11,Vanessa Lachey,Maksim Chmerkoskiy,7,Eliminated Week 7,8.0,0.0885608856088561,0.0996309963099631,996309.9630996312,0.1881918819188192
25,4,7,Nick Lachey,Peta Murgatroyd,9,Eliminated Week 6,7.333333333333333,0.08118081180811808,0.1033210332103321,1033210.3321033212,0.18450184501845018
25,4,2,Derek Fisher,Sharna Burgess,11,Eliminated Week 4,7.666666666666667,0.08487084870848709,0.0,0.0,0.08487084870848709
25,5,5,Jordan Fisher,Lindsay Arnold,1,1st Place,10.0,0.11494252873563218,0.1102596849723286,1102596.8497232865,0.22520221370796079
25,5,4,Frankie Muniz,Witney Carson,3,3rd Place,9.666666666666666,0.1111111111111111,0.1102596849723286,1102596.8497232865,0.2213707960834397
25,5,6,Lindsey Stirling,Mark Ballas,2,2nd Place,9.333333333333334,0.10727969348659004,0.1102596849723286,1102596.8497232865,0.21753937845891863
25,5,8,Nikki Bella,Artem Chigvintsev,8,Eliminated Week 7,9.0,0.10344827586206896,0.1102596849723286,1102596.8497232865,0.21370796083439758
25,5,12,Victoria Arlen,Valentin Chmerkovskiy,5,Eliminated Week 9,9.0,0.10344827586206896,0.1102596849723286,1102596.8497232865,0.21370796083439758
25,5,10,Terrell Owens,Cheryl Burke,6,Eliminated Week 8,8.333333333333334,0.09578544061302682,0.1102596849723286,1102596.8497232865,0.20604512558535543
25,5,3,Drew Scott,Emma Slater,4,Eliminated Week 10,8.333333333333334,0.09578544061302682,0.1102596849723286,1102596.8497232865,0.20604512558535543
25,5,7,Nick Lachey,Peta Murgatroyd,9,Eliminated Week 6,7.333333333333333,0.0842911877394636,0.1179225202213708,1179225.202213708,0.2022137079608344
25,5,11,Vanessa Lachey,Maksim Chmerkoskiy,7,Eliminated Week 7,8.0,0.09195402298850575,0.1102596849723286,1102596.8497232865,0.20221370796083435
25,5,9,Sasha Pieterse,Gleb Savchenko,10,Eliminated Week 5,8.0,0.09195402298850575,0.0,0.0,0.09195402298850575
25,6,6,Lindsey Stirling,Mark Ballas,2,2nd Place,10.0,0.13071895424836602,0.123375,1233750.0,0.254093954248366
25,6,5,Jordan Fisher,Lindsay Arnold,1,1st Place,9.75,0.12745098039215685,0.123375,1233750.0,0.25082598039215687
25,6,10,Terrell Owens,Cheryl Burke,6,Eliminated Week 8,9.25,0.12091503267973856,0.123375,1233750.0,0.24429003267973856
25,6,8,Nikki Bella,Artem Chigvintsev,8,Eliminated Week 7,9.0,0.11764705882352941,0.123375,1233750.0,0.2410220588235294
25,6,11,Vanessa Lachey,Maksim Chmerkoskiy,7,Eliminated Week 7,9.0,0.11764705882352941,0.123375,1233750.0,0.2410220588235294
25,6,4,Frankie Muniz,Witney Carson,3,3rd Place,7.75,0.10130718954248366,0.123375,1233750.0,0.22468218954248365
25,6,12,Victoria Arlen,Valentin Chmerkovskiy,5,Eliminated Week 9,7.75,0.10130718954248366,0.123375,1233750.0,0.22468218954248365
25,6,3,Drew Scott,Emma Slater,4,Eliminated Week 10,7.5,0.09803921568627451,0.123375,1233750.0,0.2214142156862745
25,6,7,Nick Lachey,Peta Murgatroyd,9,Eliminated Week 6,6.5,0.08496732026143791,0.013,130000.0,0.09796732026143791
25,7,4,Frankie Muniz,Witney Carson,3,3rd Place,10.0,0.13953488372093023,0.1375968992248062,1375968.992248062,0.2771317829457364
25,7,10,Terrell Owens,Cheryl Burke,6,Eliminated Week 8,8.166666666666666,0.113953488372093,0.1631782945736434,1631782.945736434,0.2771317829457364
25,7,5,Jordan Fisher,Lindsay Arnold,1,1st Place,9.0,0.1255813953488372,0.1515503875968992,1515503.8759689922,0.27713178294573637
25,7,12,Victoria Arlen,Valentin Chmerkovskiy,5,Eliminated Week 9,9.5,0.1325581395348837,0.1445736434108527,1445736.4341085271,0.27713178294573637
25,7,6,Lindsey Stirling,Mark Ballas,2,2nd Place,8.5,0.11860465116279069,0.1585271317829457,1585271.3178294576,0.27713178294573637
25,7,3,Drew Scott,Emma Slater,4,Eliminated Week 10,9.5,0.1325581395348837,0.1445736434108527,1445736.4341085271,0.27713178294573637
25,7,11,Vanessa Lachey,Maksim Chmerkoskiy,7,Eliminated Week 7,9.0,0.1255813953488372,0.1,1000000.0,0.2255813953488372
25,7,8,Nikki Bella,Artem Chigvintsev,8,Eliminated Week 7,8.0,0.11162790697674418,0.0,0.0,0.11162790697674418
25,8,5,Jordan Fisher,Lindsay Arnold,1,1st Place,10.0,0.1916932907348243,0.1955271565495207,1955271.565495208,0.387220447284345
25,8,6,Lindsey Stirling,Mark Ballas,2,2nd Place,9.0,0.17252396166134187,0.1955271565495207,1955271.565495208,0.36805111821086256
25,8,4,Frankie Muniz,Witney Carson,3,3rd Place,8.833333333333334,0.16932907348242812,0.1955271565495207,1955271.565495208,0.3648562300319488
25,8,3,Drew Scott,Emma Slater,4,Eliminated Week 10,7.833333333333333,0.1501597444089457,0.2083067092651757,2083067.0926517567,0.3584664536741214
25,8,12,Victoria Arlen,Valentin Chmerkovskiy,5,Eliminated Week 9,8.0,0.15335463258785942,0.2051118210862619,2051118.21086262,0.35846645367412133
25,8,10,Terrell Owens,Cheryl Burke,6,Eliminated Week 8,8.5,0.16293929712460065,0.0,0.0,0.16293929712460065
25,9,5,Jordan Fisher,Lindsay Arnold,1,1st Place,9.666666666666666,0.2148148148148148,0.2379629629629629,2379629.6296296297,0.4527777777777777
25,9,6,Lindsey Stirling,Mark Ballas,2,2nd Place,9.5,0.2111111111111111,0.2379629629629629,2379629.6296296297,0.449074074074074
25,9,3,Drew Scott,Emma Slater,4,Eliminated Week 10,8.0,0.17777777777777778,0.2675925925925926,2675925.925925926,0.4453703703703704
25,9,4,Frankie Muniz,Witney Carson,3,3rd Place,8.5,0.18888888888888888,0.2564814814814815,2564814.8148148158,0.44537037037037036
25,9,12,Victoria Arlen,Valentin Chmerkovskiy,5,Eliminated Week 9,9.333333333333334,0.20740740740740743,0.0,0.0,0.20740740740740743
25,10,5,Jordan Fisher,Lindsay Arnold,1,1st Place,10.0,0.2557729554628947,0.2557729554628947,2557729.554628947,0.5115459109257894
25,10,6,Lindsey Stirling,Mark Ballas,2,2nd Place,10.0,0.2557729554628947,0.2557729554628947,2557729.554628947,0.5115459109257894
25,10,4,Frankie Muniz,Witney Carson,3,3rd Place,9.722175,0.24866694332774683,0.2486669433277468,2486669.433277468,0.4973338866554936
25,10,3,Drew Scott,Emma Slater,4,Eliminated Week 10,9.375,0.2397871457464638,0.2397871457464638,2397871.4574646377,0.4795742914929276
26,1,6,Josh Norman,Sharna Burgess,2,2nd Place,8.0,0.11428571428571428,0.1238095238095238,1238095.238095238,0.23809523809523808
26,1,0,Adam Rippon,Jenna Johnson,1,1st Place,8.0,0.11428571428571428,0.1238095238095238,1238095.238095238,0.23809523809523808
26,1,8,Mirai Nagasu,Alan Bersten,4,Eliminated Week 3,7.666666666666667,0.10952380952380952,0.1238095238095238,1238095.238095238,0.23333333333333334
26,1,9,Tonya Harding,Sasha Farber,3,3rd Place,7.666666666666667,0.10952380952380952,0.1238095238095238,1238095.238095238,0.23333333333333334
26,1,4,Jennie Finch Daigle,Keo Motsepe,6,Eliminated Week 3,7.0,0.1,0.1238095238095238,1238095.238095238,0.2238095238095238
26,1,2,Chris Mazdzer,Witney Carson,5,Eliminated Week 3,7.0,0.1,0.1238095238095238,1238095.238095238,0.2238095238095238
26,1,1,Arike Ogunbowale,Gleb Savchenko,7,Eliminated Week 2,6.666666666666667,0.09523809523809525,0.1238095238095238,1238095.238095238,0.21904761904761905
26,1,7,Kareem Abdul-Jabbar,Lindsay Arnold,8,Eliminated Week 2,5.666666666666667,0.08095238095238096,0.1333333333333333,1333333.3333333333,0.21428571428571425
26,1,3,Jamie Anderson,Artem Chigvintsev,10,Eliminated Week 1,6.333333333333333,0.09047619047619047,0.0,0.0,0.09047619047619047
26,1,5,Johnny Damon,Emma Slater,9,Eliminated Week 1,6.0,0.08571428571428572,0.0,0.0,0.08571428571428572
26,2,4,Jennie Finch Daigle,Keo Motsepe,6,Eliminated Week 3,7.875,0.11775700934579439,0.1587227414330218,1587227.4143302182,0.2764797507788162
26,2,2,Chris Mazdzer,Witney Carson,5,Eliminated Week 3,8.25,0.1233644859813084,0.1531152647975078,1531152.647975078,0.2764797507788162
26,2,9,Tonya Harding,Sasha Farber,3,3rd Place,8.25,0.1233644859813084,0.1531152647975078,1531152.647975078,0.2764797507788162
26,2,6,Josh Norman,Sharna Burgess,2,2nd Place,7.875,0.11775700934579439,0.1587227414330218,1587227.4143302182,0.2764797507788162
26,2,8,Mirai Nagasu,Alan Bersten,4,Eliminated Week 3,9.25,0.1383177570093458,0.1381619937694704,1381619.9376947042,0.27647975077881615
26,2,0,Adam Rippon,Jenna Johnson,1,1st Place,9.25,0.1383177570093458,0.1381619937694704,1381619.9376947042,0.27647975077881615
26,2,1,Arike Ogunbowale,Gleb Savchenko,7,Eliminated Week 2,8.75,0.1308411214953271,0.1,1000000.0,0.2308411214953271
26,2,7,Kareem Abdul-Jabbar,Lindsay Arnold,8,Eliminated Week 2,7.375,0.1102803738317757,0.0,0.0,0.1102803738317757
26,4,0,Adam Rippon,Jenna Johnson,1,1st Place,9.666666666666666,0.3391812865497076,0.3391812865497076,3391812.865497076,0.6783625730994152
26,4,6,Josh Norman,Sharna Burgess,2,2nd Place,9.5,0.3333333333333333,0.3333333333333333,3333333.333333333,0.6666666666666666
26,4,9,Tonya Harding,Sasha Farber,3,3rd Place,9.333333333333334,0.3274853801169591,0.3274853801169591,3274853.801169591,0.6549707602339182
27,1,3,DeMarcus Ware,Lindsay Arnold,7,Eliminated Week 7,7.666666666666667,0.09019607843137255,0.0821895424836601,821895.4248366012,0.17238562091503265
27,1,12,Tinashe,Brandon Armstrong,10,Eliminated Week 4,7.666666666666667,0.09019607843137255,0.0821895424836601,821895.4248366012,0.17238562091503265
27,1,7,Juan Pablo Di Pace,Cheryl Burke,5,Eliminated Week 8,7.333333333333333,0.08627450980392157,0.0821895424836601,821895.4248366012,0.16846405228758166
27,1,0,Alexis Ren,Alan Bersten,4,4th Place,7.333333333333333,0.08627450980392157,0.0821895424836601,821895.4248366012,0.16846405228758166
27,1,9,Milo Manheim,Witney Carson,2,2nd Place,6.666666666666667,0.0784313725490196,0.0821895424836601,821895.4248366012,0.16062091503267972
27,1,8,Mary Lou Retton,Sasha Farber,9,Eliminated Week 6,6.666666666666667,0.0784313725490196,0.0821895424836601,821895.4248366012,0.16062091503267972
27,1,1,Bobby Bones,Sharna Burgess,1,1st Place,6.666666666666667,0.0784313725490196,0.0821895424836601,821895.4248366012,0.16062091503267972
27,1,10,Nancy McKeon,Valentin Chmerkovskiy,11,Eliminated Week 3,6.5,0.07647058823529412,0.0821895424836601,821895.4248366012,0.15866013071895424
27,1,4,Evanna Lynch,Keo Motsepe,3,3rd Place,6.0,0.07058823529411765,0.0821895424836601,821895.4248366012,0.15277777777777773
27,1,6,John Schneider,Emma Slater,8,Eliminated Week 7,6.0,0.07058823529411765,0.0821895424836601,821895.4248366012,0.15277777777777773
27,1,2,Danelle Umstead,Artem Chigvintsev,12,Eliminated Week 2,6.0,0.07058823529411765,0.0821895424836601,821895.4248366012,0.15277777777777773
27,1,5,Joe Amabile,Jenna Johnson,6,Eliminated Week 8,4.666666666666667,0.05490196078431373,0.0959150326797385,959150.3267973856,0.15081699346405222
27,1,11,Nikki Glaser,Gleb Savchenko,13,Eliminated Week 1,5.833333333333333,0.06862745098039215,0.0,0.0,0.06862745098039215
27,2,7,Juan Pablo Di Pace,Cheryl Burke,5,Eliminated Week 8,8.666666666666666,0.09611829944547136,0.0905730129390018,905730.1293900184,0.18669131238447317
27,2,9,Milo Manheim,Witney Carson,2,2nd Place,8.666666666666666,0.09611829944547136,0.0905730129390018,905730.1293900184,0.18669131238447317
27,2,12,Tinashe,Brandon Armstrong,10,Eliminated Week 4,8.666666666666666,0.09611829944547136,0.0905730129390018,905730.1293900184,0.18669131238447317
27,2,0,Alexis Ren,Alan Bersten,4,4th Place,8.166666666666666,0.09057301293900186,0.0905730129390018,905730.1293900184,0.18114602587800366
27,2,4,Evanna Lynch,Keo Motsepe,3,3rd Place,8.0,0.08872458410351203,0.0905730129390018,905730.1293900184,0.17929759704251383
27,2,3,DeMarcus Ware,Lindsay Arnold,7,Eliminated Week 7,7.833333333333333,0.08687615526802218,0.0905730129390018,905730.1293900184,0.177449168207024
27,2,8,Mary Lou Retton,Sasha Farber,9,Eliminated Week 6,7.666666666666667,0.08502772643253236,0.0905730129390018,905730.1293900184,0.17560073937153414
27,2,6,John Schneider,Emma Slater,8,Eliminated Week 7,7.166666666666667,0.07948243992606285,0.0905730129390018,905730.1293900184,0.17005545286506465
27,2,10,Nancy McKeon,Valentin Chmerkovskiy,11,Eliminated Week 3,6.833333333333333,0.07578558225508318,0.0905730129390018,905730.1293900184,0.16635859519408497
27,2,1,Bobby Bones,Sharna Burgess,1,1st Place,6.5,0.07208872458410352,0.0905730129390018,905730.1293900184,0.1626617375231053
27,2,5,Joe Amabile,Jenna Johnson,6,Eliminated Week 8,5.833333333333333,0.06469500924214418,0.0942698706099815,942698.7060998152,0.15896487985212568
27,2,2,Danelle Umstead,Artem Chigvintsev,12,Eliminated Week 2,6.166666666666667,0.06839186691312385,0.0,0.0,0.06839186691312385
27,3,7,Juan Pablo Di Pace,Cheryl Burke,5,Eliminated Week 8,10.0,0.11070110701107011,0.0981549815498155,981549.815498155,0.2088560885608856
27,3,4,Evanna Lynch,Keo Motsepe,3,3rd Place,9.0,0.09963099630996311,0.0981549815498155,981549.815498155,0.1977859778597786
27,3,9,Milo Manheim,Witney Carson,2,2nd Place,9.0,0.09963099630996311,0.0981549815498155,981549.815498155,0.1977859778597786
27,3,12,Tinashe,Brandon Armstrong,10,Eliminated Week 4,9.0,0.09963099630996311,0.0981549815498155,981549.815498155,0.1977859778597786
27,3,3,DeMarcus Ware,Lindsay Arnold,7,Eliminated Week 7,8.666666666666666,0.0959409594095941,0.0981549815498155,981549.815498155,0.1940959409594096
27,3,0,Alexis Ren,Alan Bersten,4,4th Place,8.666666666666666,0.0959409594095941,0.0981549815498155,981549.815498155,0.1940959409594096
27,3,8,Mary Lou Retton,Sasha Farber,9,Eliminated Week 6,8.0,0.0885608856088561,0.0981549815498155,981549.815498155,0.1867158671586716
27,3,1,Bobby Bones,Sharna Burgess,1,1st Place,7.666666666666667,0.08487084870848709,0.0981549815498155,981549.815498155,0.1830258302583026
27,3,6,John Schneider,Emma Slater,8,Eliminated Week 7,7.0,0.07749077490774908,0.1018450184501845,1018450.1845018448,0.1793357933579336
27,3,5,Joe Amabile,Jenna Johnson,6,Eliminated Week 8,6.0,0.06642066420664207,0.1129151291512915,1129151.2915129152,0.17933579335793357
27,3,10,Nancy McKeon,Valentin Chmerkovskiy,11,Eliminated Week 3,7.333333333333333,0.08118081180811808,0.0,0.0,0.08118081180811808
27,4,9,Milo Manheim,Witney Carson,2,2nd Place,9.666666666666666,0.125,0.0962643678160919,962643.6781609196,0.2212643678160919
27,4,6,John Schneider,Emma Slater,8,Eliminated Week 7,7.0,0.09051724137931035,0.117816091954023,1178160.91954023,0.20833333333333334
27,4,3,DeMarcus Ware,Lindsay Arnold,7,Eliminated Week 7,7.333333333333333,0.09482758620689655,0.1135057471264368,1135057.471264368,0.20833333333333334
27,4,1,Bobby Bones,Sharna Burgess,1,1st Place,6.666666666666667,0.08620689655172414,0.1221264367816092,1221264.367816092,0.20833333333333334
27,4,5,Joe Amabile,Jenna Johnson,6,Eliminated Week 8,5.0,0.06465517241379311,0.1436781609195402,1436781.609195402,0.20833333333333331
27,4,8,Mary Lou Retton,Sasha Farber,9,Eliminated Week 6,8.666666666666666,0.11206896551724138,0.0962643678160919,962643.6781609196,0.2083333333333333
27,4,0,Alexis Ren,Alan Bersten,4,4th Place,8.333333333333334,0.1077586206896552,0.1005747126436781,1005747.1264367816,0.2083333333333333
27,4,7,Juan Pablo Di Pace,Cheryl Burke,5,Eliminated Week 8,8.0,0.10344827586206898,0.1048850574712643,1048850.5747126436,0.20833333333333326
27,4,4,Evanna Lynch,Keo Motsepe,3,3rd Place,8.0,0.10344827586206898,0.1048850574712643,1048850.5747126436,0.20833333333333326
27,4,12,Tinashe,Brandon Armstrong,10,Eliminated Week 4,8.666666666666666,0.11206896551724138,0.0,0.0,0.11206896551724138
27,5,7,Juan Pablo Di Pace,Cheryl Burke,5,Eliminated Week 8,9.666666666666666,0.13063063063063063,0.1306306306306306,1306306.3063063065,0.26126126126126126
27,5,0,Alexis Ren,Alan Bersten,4,4th Place,9.666666666666666,0.13063063063063063,0.1306306306306306,1306306.3063063065,0.26126126126126126
27,5,9,Milo Manheim,Witney Carson,2,2nd Place,9.0,0.12162162162162163,0.1216216216216216,1216216.2162162163,0.24324324324324323
27,5,3,DeMarcus Ware,Lindsay Arnold,7,Eliminated Week 7,8.666666666666666,0.11711711711711711,0.1171171171171171,1171171.1711711711,0.23423423423423423
27,5,8,Mary Lou Retton,Sasha Farber,9,Eliminated Week 6,8.333333333333334,0.11261261261261261,0.1126126126126126,1126126.1261261262,0.2252252252252252
27,5,4,Evanna Lynch,Keo Motsepe,3,3rd Place,8.0,0.10810810810810811,0.1081081081081081,1081081.0810810812,0.21621621621621623
27,5,6,John Schneider,Emma Slater,8,Eliminated Week 7,8.0,0.10810810810810811,0.1081081081081081,1081081.0810810812,0.21621621621621623
27,5,1,Bobby Bones,Sharna Burgess,1,1st Place,7.0,0.0945945945945946,0.0945945945945946,945945.945945946,0.1891891891891892
27,5,5,Joe Amabile,Jenna Johnson,6,Eliminated Week 8,5.666666666666667,0.07657657657657659,0.0765765765765765,765765.7657657658,0.1531531531531531
27,6,7,Juan Pablo Di Pace,Cheryl Burke,5,Eliminated Week 8,10.0,0.13100436681222707,0.1200873362445414,1200873.3624454148,0.2510917030567685
27,6,9,Milo Manheim,Witney Carson,2,2nd Place,10.0,0.13100436681222707,0.1200873362445414,1200873.3624454148,0.2510917030567685
27,6,4,Evanna Lynch,Keo Motsepe,3,3rd Place,9.666666666666666,0.12663755458515283,0.1200873362445414,1200873.3624454148,0.24672489082969423
27,6,0,Alexis Ren,Alan Bersten,4,4th Place,9.0,0.11790393013100438,0.1200873362445414,1200873.3624454148,0.2379912663755458
27,6,3,DeMarcus Ware,Lindsay Arnold,7,Eliminated Week 7,8.666666666666666,0.11353711790393013,0.1200873362445414,1200873.3624454148,0.23362445414847155
27,6,6,John Schneider,Emma Slater,8,Eliminated Week 7,6.333333333333333,0.08296943231441048,0.1419213973799126,1419213.9737991267,0.22489082969432309
27,6,1,Bobby Bones,Sharna Burgess,1,1st Place,7.333333333333333,0.09606986899563319,0.1288209606986899,1288209.6069869,0.22489082969432309
27,6,5,Joe Amabile,Jenna Johnson,6,Eliminated Week 8,7.333333333333333,0.09606986899563319,0.1288209606986899,1288209.6069869,0.22489082969432309
27,6,8,Mary Lou Retton,Sasha Farber,9,Eliminated Week 6,8.0,0.10480349344978167,0.0,0.0,0.10480349344978167
27,7,4,Evanna Lynch,Keo Motsepe,3,3rd Place,9.833333333333334,0.135632183908046,0.1636015325670498,1636015.3256704982,0.2992337164750958
27,7,9,Milo Manheim,Witney Carson,2,2nd Place,9.666666666666666,0.13333333333333333,0.1636015325670498,1636015.3256704982,0.2969348659003831
27,7,7,Juan Pablo Di Pace,Cheryl Burke,5,Eliminated Week 8,9.333333333333334,0.12873563218390804,0.1636015325670498,1636015.3256704982,0.29233716475095783
27,7,0,Alexis Ren,Alan Bersten,4,4th Place,9.166666666666666,0.1264367816091954,0.1636015325670498,1636015.3256704982,0.29003831417624515
27,7,5,Joe Amabile,Jenna Johnson,6,Eliminated Week 8,7.833333333333333,0.10804597701149425,0.1796934865900383,1796934.865900383,0.2877394636015326
27,7,1,Bobby Bones,Sharna Burgess,1,1st Place,8.833333333333334,0.12183908045977013,0.1659003831417624,1659003.8314176244,0.2877394636015325
27,7,6,John Schneider,Emma Slater,8,Eliminated Week 7,9.0,0.12413793103448276,0.0,0.0,0.12413793103448276
27,7,3,DeMarcus Ware,Lindsay Arnold,7,Eliminated Week 7,8.833333333333334,0.12183908045977013,0.0,0.0,0.12183908045977013
27,8,4,Evanna Lynch,Keo Motsepe,3,3rd Place,9.666666666666666,0.18012422360248448,0.2000776397515528,2000776.397515528,0.3802018633540373
27,8,9,Milo Manheim,Witney Carson,2,2nd Place,9.166666666666666,0.17080745341614906,0.2093944099378882,2093944.099378882,0.3802018633540373
27,8,1,Bobby Bones,Sharna Burgess,1,1st Place,7.5,0.13975155279503107,0.2404503105590062,2404503.105590062,0.3802018633540373
27,8,0,Alexis Ren,Alan Bersten,4,4th Place,9.666666666666666,0.18012422360248448,0.2000776397515528,2000776.397515528,0.3802018633540373
27,8,7,Juan Pablo Di Pace,Cheryl Burke,5,Eliminated Week 8,10.0,0.1863354037267081,0.15,1500000.0000000002,0.3363354037267081
27,8,5,Joe Amabile,Jenna Johnson,6,Eliminated Week 8,7.666666666666667,0.14285714285714288,0.0,0.0,0.14285714285714288
27,9,4,Evanna Lynch,Keo Motsepe,3,3rd Place,10.0,0.2597402597402597,0.2597402597402597,2597402.5974025973,0.5194805194805194
27,9,9,Milo Manheim,Witney Carson,2,2nd Place,10.0,0.2597402597402597,0.2597402597402597,2597402.5974025973,0.5194805194805194
27,9,0,Alexis Ren,Alan Bersten,4,4th Place,9.5,0.24675324675324675,0.2467532467532467,2467532.467532468,0.49350649350649345
27,9,1,Bobby Bones,Sharna Burgess,1,1st Place,9.0,0.23376623376623376,0.2337662337662337,2337662.337662338,0.46753246753246747
28,1,2,James Van Der Beek,Emma Slater,5,Eliminated Week 10,7.0,0.10659898477157359,0.1538461538461538,1538461.5384615385,0.2604451386177274
28,1,1,Hannah Brown,Alan Bersten,1,1st Place,6.666666666666667,0.10152284263959391,0.141025641025641,1410256.4102564105,0.2425484836652349
28,1,7,Lauren Alaina,Gleb Savchenko,4,4th Place,6.333333333333333,0.0964467005076142,0.1282051282051282,1282051.282051282,0.2246518287127424
28,1,10,Sailor Brinkley-Cook,Valentin Chmerkovskiy,9,Eliminated Week 6,6.0,0.09137055837563451,0.1153846153846153,1153846.153846154,0.20675517376024982
28,1,8,Mary Wilson,Brandon Armstrong,12,Eliminated Week 2,5.666666666666667,0.08629441624365482,0.0961538461538461,961538.4615384616,0.18244826239750092
28,1,3,Karamo Brown,Jenna Johnson,8,Eliminated Week 7,5.666666666666667,0.08629441624365482,0.0961538461538461,961538.4615384616,0.18244826239750092
28,1,5,Kel Mitchell,Witney Carson,2,2nd Place,5.333333333333333,0.08121827411167512,0.0705128205128205,705128.2051282051,0.15173109462449563
28,1,0,Ally Brooke,Sasha Farber,3,3rd Place,5.333333333333333,0.08121827411167512,0.0705128205128205,705128.2051282051,0.15173109462449563
28,1,4,Kate Flannery,Pasha Pashkov,7,Eliminated Week 8,5.0,0.07614213197969542,0.0448717948717948,448717.9487179488,0.12101392685149023
28,1,9,Ray Lewis,Cheryl Burke,11,Withdrew,5.0,0.07614213197969542,0.0448717948717948,448717.9487179488,0.12101392685149023
28,1,11,Sean Spicer,Lindsay Arnold,6,Eliminated Week 9,4.0,0.06091370558375634,0.0256410256410256,256410.2564102564,0.08655473122478194
28,1,6,Lamar Odom,Peta Murgatroyd,10,Eliminated Week 4,3.6666666666666665,0.055837563451776644,0.0128205128205128,128205.1282051282,0.06865807627228944
28,2,11,Sean Spicer,Lindsay Arnold,6,Eliminated Week 9,5.333333333333333,0.0730593607305936,0.141025641025641,1410256.4102564105,0.2140850017562346
28,2,10,Sailor Brinkley-Cook,Valentin Chmerkovskiy,9,Eliminated Week 6,6.0,0.0821917808219178,0.1282051282051282,1282051.282051282,0.210396909027046
28,2,6,Lamar Odom,Peta Murgatroyd,10,Eliminated Week 4,4.0,0.0547945205479452,0.1538461538461538,1538461.5384615385,0.208640674394099
28,2,7,Lauren Alaina,Gleb Savchenko,4,4th Place,6.333333333333333,0.0867579908675799,0.1153846153846153,1153846.153846154,0.2021426062521952
28,2,3,Karamo Brown,Jenna Johnson,8,Eliminated Week 7,6.333333333333333,0.0867579908675799,0.1025641025641025,1025641.0256410256,0.1893220934316824
28,2,2,James Van Der Beek,Emma Slater,5,Eliminated Week 10,6.666666666666667,0.09132420091324202,0.0897435897435897,897435.8974358975,0.1810677906568317
28,2,5,Kel Mitchell,Witney Carson,2,2nd Place,6.666666666666667,0.09132420091324202,0.0769230769230769,769230.7692307692,0.16824727783631893
28,2,0,Ally Brooke,Sasha Farber,3,3rd Place,6.666666666666667,0.09132420091324202,0.0641025641025641,641025.641025641,0.1554267650158061
28,2,1,Hannah Brown,Alan Bersten,1,1st Place,8.0,0.1095890410958904,0.0384615384615384,384615.3846153846,0.1480505795574288
28,2,4,Kate Flannery,Pasha Pashkov,7,Eliminated Week 8,7.0,0.0958904109589041,0.0512820512820512,512820.5128205128,0.14717246224095532
28,2,8,Mary Wilson,Brandon Armstrong,12,Eliminated Week 2,5.0,0.0684931506849315,0.0256410256410256,256410.2564102564,0.09413417632595711
28,2,9,Ray Lewis,Cheryl Burke,11,Withdrew,5.0,0.0684931506849315,0.0128205128205128,128205.1282051282,0.0813136635054443
28,3,4,Kate Flannery,Pasha Pashkov,7,Eliminated Week 8,8.0,0.12121212121212122,0.1727272727272727,1727272.7272727273,0.29393939393939394
28,3,0,Ally Brooke,Sasha Farber,3,3rd Place,8.0,0.12121212121212122,0.1727272727272727,1727272.7272727273,0.29393939393939394
28,3,2,James Van Der Beek,Emma Slater,5,Eliminated Week 10,7.666666666666667,0.11616161616161616,0.1363636363636363,1363636.3636363635,0.2525252525252525
28,3,10,Sailor Brinkley-Cook,Valentin Chmerkovskiy,9,Eliminated Week 6,7.666666666666667,0.11616161616161616,0.1363636363636363,1363636.3636363635,0.2525252525252525
28,3,1,Hannah Brown,Alan Bersten,1,1st Place,7.0,0.10606060606060606,0.109090909090909,1090909.0909090908,0.21515151515151507
28,3,5,Kel Mitchell,Witney Carson,2,2nd Place,6.666666666666667,0.10101010101010101,0.0818181818181818,818181.8181818182,0.1828282828282828
28,3,7,Lauren Alaina,Gleb Savchenko,4,4th Place,6.666666666666667,0.10101010101010101,0.0818181818181818,818181.8181818182,0.1828282828282828
28,3,3,Karamo Brown,Jenna Johnson,8,Eliminated Week 7,5.333333333333333,0.0808080808080808,0.0545454545454545,545454.5454545454,0.1353535353535353
28,3,11,Sean Spicer,Lindsay Arnold,6,Eliminated Week 9,5.0,0.07575757575757576,0.0363636363636363,363636.3636363637,0.11212121212121207
28,3,6,Lamar Odom,Peta Murgatroyd,10,Eliminated Week 4,4.0,0.06060606060606061,0.0181818181818181,181818.18181818185,0.07878787878787871
28,4,11,Sean Spicer,Lindsay Arnold,6,Eliminated Week 9,5.25,0.07446808510638298,0.1818181818181818,1818181.818181818,0.2562862669245648
28,4,4,Kate Flannery,Pasha Pashkov,7,Eliminated Week 8,6.5,0.09219858156028368,0.1636363636363636,1636363.6363636365,0.2558349451966473
28,4,2,James Van Der Beek,Emma Slater,5,Eliminated Week 10,7.0,0.09929078014184398,0.1454545454545454,1454545.4545454546,0.24474532559638937
28,4,3,Karamo Brown,Jenna Johnson,8,Eliminated Week 7,7.0,0.09929078014184398,0.1272727272727272,1272727.2727272727,0.22656350741457118
28,4,10,Sailor Brinkley-Cook,Valentin Chmerkovskiy,9,Eliminated Week 6,7.75,0.1099290780141844,0.109090909090909,1090909.0909090908,0.2190199871050934
28,4,5,Kel Mitchell,Witney Carson,2,2nd Place,8.0,0.11347517730496454,0.0909090909090909,909090.9090909092,0.20438426821405542
28,4,7,Lauren Alaina,Gleb Savchenko,4,4th Place,8.0,0.11347517730496454,0.0727272727272727,727272.7272727273,0.18620245003223723
28,4,0,Ally Brooke,Sasha Farber,3,3rd Place,8.0,0.11347517730496454,0.0545454545454545,545454.5454545454,0.16802063185041904
28,4,1,Hannah Brown,Alan Bersten,1,1st Place,8.0,0.11347517730496454,0.0363636363636363,363636.3636363637,0.14983881366860083
28,4,6,Lamar Odom,Peta Murgatroyd,10,Eliminated Week 4,5.0,0.07092198581560284,0.0181818181818181,181818.18181818185,0.08910380399742095
28,5,0,Ally Brooke,Sasha Farber,3,3rd Place,9.0,0.1255813953488372,0.2,2000000.0,0.32558139534883723
28,5,2,James Van Der Beek,Emma Slater,5,Eliminated Week 10,8.666666666666666,0.12093023255813952,0.1666666666666666,1666666.6666666665,0.28759689922480614
28,5,5,Kel Mitchell,Witney Carson,2,2nd Place,8.666666666666666,0.12093023255813952,0.1666666666666666,1666666.6666666665,0.28759689922480614
28,5,1,Hannah Brown,Alan Bersten,1,1st Place,8.333333333333334,0.11627906976744186,0.1333333333333333,1333333.3333333333,0.24961240310077515
28,5,4,Kate Flannery,Pasha Pashkov,7,Eliminated Week 8,8.0,0.11162790697674418,0.1,1000000.0,0.2116279069767442
28,5,10,Sailor Brinkley-Cook,Valentin Chmerkovskiy,9,Eliminated Week 6,8.0,0.11162790697674418,0.1,1000000.0,0.2116279069767442
28,5,7,Lauren Alaina,Gleb Savchenko,4,4th Place,7.666666666666667,0.10697674418604651,0.0666666666666666,666666.6666666666,0.17364341085271312
28,5,3,Karamo Brown,Jenna Johnson,8,Eliminated Week 7,7.0,0.09767441860465116,0.0444444444444444,444444.4444444445,0.14211886304909555
28,5,11,Sean Spicer,Lindsay Arnold,6,Eliminated Week 9,6.333333333333333,0.0883720930232558,0.0222222222222222,222222.22222222225,0.110594315245478
28,6,11,Sean Spicer,Lindsay Arnold,6,Eliminated Week 9,7.0,0.09210526315789473,0.2,2000000.0,0.29210526315789476
28,6,1,Hannah Brown,Alan Bersten,1,1st Place,8.0,0.10526315789473684,0.1777777777777777,1777777.7777777778,0.28304093567251454
28,6,0,Ally Brooke,Sasha Farber,3,3rd Place,8.333333333333334,0.10964912280701755,0.1555555555555555,1555555.5555555555,0.26520467836257305
28,6,3,Karamo Brown,Jenna Johnson,8,Eliminated Week 7,8.333333333333334,0.10964912280701755,0.1333333333333333,1333333.3333333333,0.24298245614035086
28,6,5,Kel Mitchell,Witney Carson,2,2nd Place,8.666666666666666,0.11403508771929824,0.1111111111111111,1111111.111111111,0.22514619883040934
28,6,7,Lauren Alaina,Gleb Savchenko,4,4th Place,8.666666666666666,0.11403508771929824,0.0888888888888888,888888.8888888889,0.20292397660818703
28,6,4,Kate Flannery,Pasha Pashkov,7,Eliminated Week 8,9.0,0.11842105263157894,0.0666666666666666,666666.6666666666,0.18508771929824552
28,6,2,James Van Der Beek,Emma Slater,5,Eliminated Week 10,9.0,0.11842105263157894,0.0444444444444444,444444.4444444445,0.16286549707602332
28,6,10,Sailor Brinkley-Cook,Valentin Chmerkovskiy,9,Eliminated Week 6,9.0,0.11842105263157894,0.0222222222222222,222222.22222222225,0.14064327485380113
28,7,11,Sean Spicer,Lindsay Arnold,6,Eliminated Week 9,7.0,0.10396039603960397,0.2222222222222222,2222222.222222222,0.32618261826182615
28,7,4,Kate Flannery,Pasha Pashkov,7,Eliminated Week 8,8.0,0.11881188118811882,0.1944444444444444,1944444.4444444445,0.3132563256325632
28,7,5,Kel Mitchell,Witney Carson,2,2nd Place,8.5,0.12623762376237624,0.1666666666666666,1666666.6666666665,0.29290429042904287
28,7,1,Hannah Brown,Alan Bersten,1,1st Place,8.666666666666666,0.12871287128712872,0.1388888888888889,1388888.888888889,0.2676017601760176
28,7,2,James Van Der Beek,Emma Slater,5,Eliminated Week 10,9.0,0.13366336633663367,0.1111111111111111,1111111.111111111,0.24477447744774478
28,7,7,Lauren Alaina,Gleb Savchenko,4,4th Place,9.0,0.13366336633663367,0.0833333333333333,833333.3333333333,0.21699669966996699
28,7,0,Ally Brooke,Sasha Farber,3,3rd Place,9.0,0.13366336633663367,0.0555555555555555,555555.5555555555,0.18921892189218917
28,7,3,Karamo Brown,Jenna Johnson,8,Eliminated Week 7,8.166666666666666,0.12128712871287128,0.0277777777777777,277777.7777777777,0.149064906490649
28,8,11,Sean Spicer,Lindsay Arnold,6,Eliminated Week 9,6.666666666666667,0.1036273725486945,0.25,2500000.0,0.3536273725486945
28,8,7,Lauren Alaina,Gleb Savchenko,4,4th Place,8.0,0.1243528470584334,0.2142857142857142,2142857.1428571427,0.3386385613441476
28,8,5,Kel Mitchell,Witney Carson,2,2nd Place,9.999933333333331,0.15544002254931624,0.1785714285714285,1785714.2857142857,0.3340114511207447
28,8,0,Ally Brooke,Sasha Farber,3,3rd Place,10.0,0.15544105882304174,0.1428571428571428,1428571.4285714284,0.2982982016801845
28,8,1,Hannah Brown,Alan Bersten,1,1st Place,10.333266666666669,0.16062139117675103,0.1071428571428571,1071428.5714285714,0.2677642483196081
28,8,2,James Van Der Beek,Emma Slater,5,Eliminated Week 10,10.6666,0.16580275980418574,0.0714285714285714,714285.7142857142,0.23723133123275714
28,8,4,Kate Flannery,Pasha Pashkov,7,Eliminated Week 8,8.6666,0.1347145480395774,0.0357142857142857,357142.8571428571,0.17042883375386308
28,9,7,Lauren Alaina,Gleb Savchenko,4,4th Place,8.75,0.16786570743405277,0.2857142857142857,2857142.857142857,0.45357999314833847
28,9,1,Hannah Brown,Alan Bersten,1,1st Place,8.875,0.17026378896882494,0.238095238095238,2380952.3809523806,0.4083590270640629
28,9,2,James Van Der Beek,Emma Slater,5,Eliminated Week 10,9.0,0.17266187050359713,0.1904761904761904,1904761.9047619049,0.3631380609797875
28,9,5,Kel Mitchell,Witney Carson,2,2nd Place,9.25,0.1774580335731415,0.1428571428571428,1428571.4285714284,0.3203151764302843
28,9,0,Ally Brooke,Sasha Farber,3,3rd Place,10.0,0.19184652278177458,0.0952380952380952,952380.9523809524,0.2870846180198698
28,9,11,Sean Spicer,Lindsay Arnold,6,Eliminated Week 9,6.25,0.11990407673860912,0.0476190476190476,476190.47619047615,0.1675231243576567
28,10,7,Lauren Alaina,Gleb Savchenko,4,4th Place,9.0,0.19636363636363635,0.3333333333333333,3333333.333333333,0.5296969696969697
28,10,1,Hannah Brown,Alan Bersten,1,1st Place,9.0,0.19636363636363635,0.2666666666666666,2666666.6666666665,0.46303030303030296
28,10,5,Kel Mitchell,Witney Carson,2,2nd Place,9.5,0.20727272727272728,0.2,2000000.0,0.4072727272727273
28,10,0,Ally Brooke,Sasha Farber,3,3rd Place,9.833333333333334,0.21454545454545454,0.1333333333333333,1333333.3333333333,0.34787878787878784
28,10,2,James Van Der Beek,Emma Slater,5,Eliminated Week 10,8.5,0.18545454545454546,0.0666666666666666,666666.6666666666,0.2521212121212121
28,11,0,Ally Brooke,Sasha Farber,3,3rd Place,10.0,0.2564102564102564,0.4,4000000.0,0.6564102564102564
28,11,5,Kel Mitchell,Witney Carson,2,2nd Place,9.833333333333334,0.25213675213675213,0.3,3000000.0,0.5521367521367522
28,11,1,Hannah Brown,Alan Bersten,1,1st Place,9.666666666666666,0.24786324786324784,0.2,2000000.0,0.4478632478632478
28,11,7,Lauren Alaina,Gleb Savchenko,4,4th Place,9.5,0.24358974358974358,0.1,1000000.0,0.3435897435897436
29,1,13,Skai Jackson,Alan Bersten,5,Eliminated Week 10,7.0,0.08076923076923076,0.1208333333333333,1208333.3333333333,0.20160256410256405
29,1,8,Justina Machado,Sasha Farber,4,4th Place,7.0,0.08076923076923076,0.1208333333333333,1208333.3333333333,0.20160256410256405
29,1,12,Nev Schulman,Jenna Johnson,2,2nd Place,6.666666666666667,0.07692307692307693,0.1041666666666666,1041666.6666666667,0.18108974358974353
29,1,9,Kaitlyn Bristowe,Artem Chigvintsev,1,1st Place,6.666666666666667,0.07692307692307693,0.1041666666666666,1041666.6666666667,0.18108974358974353
29,1,10,Monica Aldama,Valentin Chmerkovskiy,10,Eliminated Week 7,6.333333333333333,0.07307692307692307,0.0916666666666666,916666.6666666666,0.16474358974358966
29,1,1,Anne Heche,Keo Motsepe,13,Eliminated Week 4,6.0,0.06923076923076922,0.0666666666666666,666666.6666666666,0.1358974358974358
29,1,6,Jesse Metcalfe,Sharna Burgess,12,Eliminated Week 5,6.0,0.06923076923076922,0.0666666666666666,666666.6666666666,0.1358974358974358
29,1,7,Johnny Weir,Britt Stewart,6,Eliminated Week 10,6.0,0.06923076923076922,0.0666666666666666,666666.6666666666,0.1358974358974358
29,1,0,AJ McLean,Cheryl Burke,7,Eliminated Week 9,6.0,0.06923076923076922,0.0666666666666666,666666.6666666666,0.1358974358974358
29,1,5,Jeannie Mai,Brandon Armstrong,9,Withdrew,6.0,0.06923076923076922,0.0666666666666666,666666.6666666666,0.1358974358974358
29,1,14,Veron Davis,Peta Murgatroyd,11,Eliminated Week 6,5.666666666666667,0.06538461538461539,0.0416666666666666,416666.6666666666,0.10705128205128199
29,1,11,Nelly,Daniella Karagach,3,3rd Place,5.333333333333333,0.061538461538461535,0.0333333333333333,333333.3333333333,0.09487179487179484
29,1,4,Chrishell Stause,Gleb Savchenko,8,Eliminated Week 8,4.333333333333333,0.049999999999999996,0.025,250000.0,0.075
29,1,3,Charles Oakley,Emma Slater,15,Eliminated Week 2,4.0,0.04615384615384615,0.0166666666666666,166666.66666666666,0.06282051282051275
29,1,2,Carole Baskin,Pasha Pashkov,14,Eliminated Week 3,3.6666666666666665,0.0423076923076923,0.0083333333333333,83333.33333333333,0.0506410256410256
29,2,13,Skai Jackson,Alan Bersten,5,Eliminated Week 10,5.0,0.054945054945054944,0.125,1250000.0,0.17994505494505494
29,2,2,Carole Baskin,Pasha Pashkov,14,Eliminated Week 3,5.333333333333333,0.05860805860805861,0.1166666666666666,1166666.6666666667,0.1752747252747252
29,2,10,Monica Aldama,Valentin Chmerkovskiy,10,Eliminated Week 7,5.333333333333333,0.05860805860805861,0.1083333333333333,1083333.3333333333,0.1669413919413919
29,2,1,Anne Heche,Keo Motsepe,13,Eliminated Week 4,6.0,0.06593406593406594,0.1,1000000.0,0.16593406593406596
29,2,4,Chrishell Stause,Gleb Savchenko,8,Eliminated Week 8,6.0,0.06593406593406594,0.0916666666666666,916666.6666666666,0.15760073260073254
29,2,14,Veron Davis,Peta Murgatroyd,11,Eliminated Week 6,6.0,0.06593406593406594,0.0833333333333333,833333.3333333333,0.14926739926739924
29,2,7,Johnny Weir,Britt Stewart,6,Eliminated Week 10,6.0,0.06593406593406594,0.075,750000.0,0.14093406593406593
29,2,11,Nelly,Daniella Karagach,3,3rd Place,6.0,0.06593406593406594,0.0666666666666666,666666.6666666666,0.13260073260073252
29,2,5,Jeannie Mai,Brandon Armstrong,9,Withdrew,6.0,0.06593406593406594,0.0583333333333333,583333.3333333334,0.12426739926739924
29,2,0,AJ McLean,Cheryl Burke,7,Eliminated Week 9,6.333333333333333,0.0695970695970696,0.05,500000.0,0.1195970695970696
29,2,6,Jesse Metcalfe,Sharna Burgess,12,Eliminated Week 5,6.666666666666667,0.07326007326007326,0.0416666666666666,416666.6666666666,0.11492673992673987
29,2,8,Justina Machado,Sasha Farber,4,4th Place,7.0,0.07692307692307693,0.0333333333333333,333333.3333333333,0.11025641025641023
29,2,12,Nev Schulman,Jenna Johnson,2,2nd Place,7.0,0.07692307692307693,0.025,250000.0,0.10192307692307692
29,2,9,Kaitlyn Bristowe,Artem Chigvintsev,1,1st Place,7.333333333333333,0.08058608058608058,0.0166666666666666,166666.66666666666,0.09725274725274718
29,2,3,Charles Oakley,Emma Slater,15,Eliminated Week 2,5.0,0.054945054945054944,0.0083333333333333,83333.33333333333,0.06327838827838825
29,3,13,Skai Jackson,Alan Bersten,5,Eliminated Week 10,6.0,0.06405693950177936,0.1238095238095238,1238095.238095238,0.18786646331130316
29,3,1,Anne Heche,Keo Motsepe,13,Eliminated Week 4,5.0,0.05338078291814946,0.1333333333333333,1333333.3333333333,0.18671411625148276
29,3,11,Nelly,Daniella Karagach,3,3rd Place,6.0,0.06405693950177936,0.1142857142857142,1142857.1428571427,0.17834265378749356
29,3,8,Justina Machado,Sasha Farber,4,4th Place,6.333333333333333,0.06761565836298931,0.1047619047619047,1047619.0476190476,0.172377563124894
29,3,6,Jesse Metcalfe,Sharna Burgess,12,Eliminated Week 5,6.666666666666667,0.07117437722419928,0.0952380952380952,952380.9523809524,0.1664124724622945
29,3,0,AJ McLean,Cheryl Burke,7,Eliminated Week 9,7.0,0.07473309608540925,0.0857142857142857,857142.8571428572,0.16044738179969495
29,3,10,Monica Aldama,Valentin Chmerkovskiy,10,Eliminated Week 7,7.0,0.07473309608540925,0.0761904761904762,761904.761904762,0.15092357227588543
29,3,4,Chrishell Stause,Gleb Savchenko,8,Eliminated Week 8,7.333333333333333,0.07829181494661921,0.0666666666666666,666666.6666666666,0.1449584816132858
29,3,14,Veron Davis,Peta Murgatroyd,11,Eliminated Week 6,7.333333333333333,0.07829181494661921,0.0571428571428571,571428.5714285714,0.13543467208947632
29,3,5,Jeannie Mai,Brandon Armstrong,9,Withdrew,7.333333333333333,0.07829181494661921,0.0476190476190476,476190.47619047615,0.1259108625656668
29,3,9,Kaitlyn Bristowe,Artem Chigvintsev,1,1st Place,7.666666666666667,0.08185053380782918,0.0380952380952381,380952.380952381,0.11994577190306728
29,3,7,Johnny Weir,Britt Stewart,6,Eliminated Week 10,8.0,0.08540925266903915,0.0285714285714285,285714.2857142857,0.11398068124046765
29,3,12,Nev Schulman,Jenna Johnson,2,2nd Place,8.0,0.08540925266903915,0.019047619047619,190476.1904761905,0.10445687171665816
29,3,2,Carole Baskin,Pasha Pashkov,14,Eliminated Week 3,4.0,0.042704626334519574,0.0095238095238095,95238.09523809524,0.05222843585832908
29,4,6,Jesse Metcalfe,Sharna Burgess,12,Eliminated Week 5,7.0,0.06976744186046512,0.1428571428571428,1428571.4285714284,0.21262458471760792
29,4,11,Nelly,Daniella Karagach,3,3rd Place,7.0,0.06976744186046512,0.1318681318681318,1318681.3186813188,0.20163557372859692
29,4,5,Jeannie Mai,Brandon Armstrong,9,Withdrew,7.0,0.06976744186046512,0.1208791208791208,1208791.2087912087,0.1906465627395859
29,4,4,Chrishell Stause,Gleb Savchenko,8,Eliminated Week 8,7.333333333333333,0.07308970099667775,0.1098901098901098,1098901.0989010988,0.18297981088678755
29,4,14,Veron Davis,Peta Murgatroyd,11,Eliminated Week 6,7.333333333333333,0.07308970099667775,0.0989010989010989,989010.989010989,0.17199079989777666
29,4,8,Justina Machado,Sasha Farber,4,4th Place,8.0,0.079734219269103,0.0879120879120879,879120.8791208792,0.1676463071811909
29,4,7,Johnny Weir,Britt Stewart,6,Eliminated Week 10,8.0,0.079734219269103,0.0769230769230769,769230.7692307692,0.15665729619217988
29,4,12,Nev Schulman,Jenna Johnson,2,2nd Place,8.0,0.079734219269103,0.0659340659340659,659340.6593406594,0.14566828520316888
29,4,0,AJ McLean,Cheryl Burke,7,Eliminated Week 9,8.0,0.079734219269103,0.0549450549450549,549450.5494505494,0.1346792742141579
29,4,10,Monica Aldama,Valentin Chmerkovskiy,10,Eliminated Week 7,8.0,0.079734219269103,0.0439560439560439,439560.4395604396,0.1236902632251469
29,4,9,Kaitlyn Bristowe,Artem Chigvintsev,1,1st Place,8.333333333333334,0.08305647840531563,0.0329670329670329,329670.3296703297,0.11602351137234854
29,4,13,Skai Jackson,Alan Bersten,5,Eliminated Week 10,9.333333333333334,0.0930232558139535,0.0219780219780219,219780.2197802198,0.1150012777919754
29,4,1,Anne Heche,Keo Motsepe,13,Eliminated Week 4,7.0,0.06976744186046512,0.0109890109890109,109890.1098901099,0.08075645284947601
29,5,4,Chrishell Stause,Gleb Savchenko,8,Eliminated Week 8,6.333333333333333,0.06620209059233449,0.1538461538461538,1538461.5384615385,0.2200482444384883
29,5,14,Veron Davis,Peta Murgatroyd,11,Eliminated Week 6,7.0,0.07317073170731708,0.141025641025641,1410256.4102564105,0.21419637273295808
29,5,13,Skai Jackson,Alan Bersten,5,Eliminated Week 10,8.0,0.08362369337979095,0.1282051282051282,1282051.282051282,0.21182882158491914
29,5,8,Justina Machado,Sasha Farber,4,4th Place,8.0,0.08362369337979095,0.1153846153846153,1153846.153846154,0.19900830876440623
29,5,0,AJ McLean,Cheryl Burke,7,Eliminated Week 9,8.0,0.08362369337979095,0.1025641025641025,1025641.0256410256,0.18618779594389345
29,5,11,Nelly,Daniella Karagach,3,3rd Place,8.0,0.08362369337979095,0.0897435897435897,897435.8974358975,0.17336728312338065
29,5,5,Jeannie Mai,Brandon Armstrong,9,Withdrew,8.0,0.08362369337979095,0.0769230769230769,769230.7692307692,0.16054677030286785
29,5,12,Nev Schulman,Jenna Johnson,2,2nd Place,8.666666666666666,0.09059233449477352,0.0641025641025641,641025.641025641,0.15469489859733762
29,5,10,Monica Aldama,Valentin Chmerkovskiy,10,Eliminated Week 7,8.666666666666666,0.09059233449477352,0.0512820512820512,512820.5128205128,0.1418743857768247
29,5,9,Kaitlyn Bristowe,Artem Chigvintsev,1,1st Place,9.0,0.09407665505226481,0.0384615384615384,384615.3846153846,0.13253819351380322
29,5,7,Johnny Weir,Britt Stewart,6,Eliminated Week 10,9.666666666666666,0.10104529616724739,0.0256410256410256,256410.2564102564,0.126686321808273
29,5,6,Jesse Metcalfe,Sharna Burgess,12,Eliminated Week 5,6.333333333333333,0.06620209059233449,0.0128205128205128,128205.1282051282,0.0790226034128473
29,6,13,Skai Jackson,Alan Bersten,5,Eliminated Week 10,6.0,0.06716417910447761,0.1666666666666666,1666666.6666666665,0.2338308457711442
29,6,7,Johnny Weir,Britt Stewart,6,Eliminated Week 10,7.333333333333333,0.08208955223880597,0.1515151515151515,1515151.5151515151,0.23360470375395748
29,6,4,Chrishell Stause,Gleb Savchenko,8,Eliminated Week 8,8.0,0.08955223880597016,0.1363636363636363,1363636.3636363635,0.22591587516960646
29,6,11,Nelly,Daniella Karagach,3,3rd Place,8.0,0.08955223880597016,0.1212121212121212,1212121.2121212122,0.21076436001809135
29,6,5,Jeannie Mai,Brandon Armstrong,9,Withdrew,8.333333333333334,0.09328358208955224,0.106060606060606,1060606.0606060603,0.19934418815015825
29,6,12,Nev Schulman,Jenna Johnson,2,2nd Place,8.666666666666666,0.09701492537313433,0.0909090909090909,909090.9090909092,0.18792401628222521
29,6,8,Justina Machado,Sasha Farber,4,4th Place,9.0,0.10074626865671642,0.0757575757575757,757575.7575757576,0.17650384441429212
29,6,0,AJ McLean,Cheryl Burke,7,Eliminated Week 9,9.0,0.10074626865671642,0.0606060606060606,606060.6060606061,0.161352329262777
29,6,9,Kaitlyn Bristowe,Artem Chigvintsev,1,1st Place,9.0,0.10074626865671642,0.0454545454545454,454545.4545454545,0.14620081411126182
29,6,10,Monica Aldama,Valentin Chmerkovskiy,10,Eliminated Week 7,9.0,0.10074626865671642,0.0303030303030303,303030.30303030304,0.1310492989597467
29,6,14,Veron Davis,Peta Murgatroyd,11,Eliminated Week 6,7.0,0.07835820895522388,0.0151515151515151,151515.15151515152,0.09350972410673898
29,7,9,Kaitlyn Bristowe,Artem Chigvintsev,1,1st Place,8.0,0.09230769230769231,0.1818181818181818,1818181.818181818,0.2741258741258741
29,7,4,Chrishell Stause,Gleb Savchenko,8,Eliminated Week 8,8.666666666666666,0.1,0.1636363636363636,1636363.6363636365,0.2636363636363636
29,7,8,Justina Machado,Sasha Farber,4,4th Place,8.666666666666666,0.1,0.1454545454545454,1454545.4545454546,0.2454545454545454
29,7,0,AJ McLean,Cheryl Burke,7,Eliminated Week 9,8.666666666666666,0.1,0.1272727272727272,1272727.2727272727,0.2272727272727272
29,7,13,Skai Jackson,Alan Bersten,5,Eliminated Week 10,9.0,0.10384615384615385,0.109090909090909,1090909.0909090908,0.21293706293706285
29,7,7,Johnny Weir,Britt Stewart,6,Eliminated Week 10,9.0,0.10384615384615385,0.0909090909090909,909090.9090909092,0.19475524475524475
29,7,11,Nelly,Daniella Karagach,3,3rd Place,9.0,0.10384615384615385,0.0727272727272727,727272.7272727273,0.17657342657342656
29,7,12,Nev Schulman,Jenna Johnson,2,2nd Place,10.0,0.11538461538461539,0.0545454545454545,545454.5454545454,0.1699300699300699
29,7,5,Jeannie Mai,Brandon Armstrong,9,Withdrew,8.333333333333334,0.09615384615384617,0.0363636363636363,363636.3636363637,0.13251748251748247
29,7,10,Monica Aldama,Valentin Chmerkovskiy,10,Eliminated Week 7,7.333333333333333,0.08461538461538462,0.0181818181818181,181818.18181818185,0.10279720279720272
29,8,11,Nelly,Daniella Karagach,3,3rd Place,8.0,0.10810830289784307,0.2222222222222222,2222222.222222222,0.3303305251200653
29,8,13,Skai Jackson,Alan Bersten,5,Eliminated Week 10,8.999933333333333,0.12162093985754929,0.1944444444444444,1944444.4444444445,0.3160653843019937
29,8,0,AJ McLean,Cheryl Burke,7,Eliminated Week 9,9.0,0.12162184076007344,0.1666666666666666,1666666.6666666665,0.28828850742674006
29,8,9,Kaitlyn Bristowe,Artem Chigvintsev,1,1st Place,9.333333333333334,0.12612635338081693,0.1388888888888889,1388888.888888889,0.26501524226970585
29,8,8,Justina Machado,Sasha Farber,4,4th Place,9.6666,0.13062996509903624,0.1111111111111111,1111111.111111111,0.24174107621014734
29,8,7,Johnny Weir,Britt Stewart,6,Eliminated Week 10,10.0,0.13513537862230382,0.0833333333333333,833333.3333333333,0.2184687119556371
29,8,12,Nev Schulman,Jenna Johnson,2,2nd Place,10.0,0.13513537862230382,0.0555555555555555,555555.5555555555,0.19069093417785932
29,8,4,Chrishell Stause,Gleb Savchenko,8,Eliminated Week 8,9.0,0.12162184076007344,0.0277777777777777,277777.7777777777,0.14939961853785114
29,9,11,Nelly,Daniella Karagach,3,3rd Place,8.0,0.1243528470584334,0.25,2500000.0,0.3743528470584334
29,9,8,Justina Machado,Sasha Farber,4,4th Place,8.6666,0.1347145480395774,0.2142857142857142,2142857.1428571427,0.3490002623252916
29,9,13,Skai Jackson,Alan Bersten,5,Eliminated Week 10,9.6666,0.15025865392188156,0.1785714285714285,1785714.2857142857,0.32883008249331
29,9,12,Nev Schulman,Jenna Johnson,2,2nd Place,9.6666,0.15025865392188156,0.1428571428571428,1428571.4285714284,0.29311579677902433
29,9,7,Johnny Weir,Britt Stewart,6,Eliminated Week 10,10.0,0.15544105882304174,0.1071428571428571,1071428.5714285714,0.2625839159658988
29,9,9,Kaitlyn Bristowe,Artem Chigvintsev,1,1st Place,10.0,0.15544105882304174,0.0714285714285714,714285.7142857142,0.22686963025161314
29,9,0,AJ McLean,Cheryl Burke,7,Eliminated Week 9,8.333266666666667,0.12953317941214265,0.0357142857142857,357142.8571428571,0.16524746512642835
29,10,11,Nelly,Daniella Karagach,3,3rd Place,9.333333333333334,0.16091954022988506,0.2857142857142857,2857142.857142857,0.4466338259441708
29,10,8,Justina Machado,Sasha Farber,4,4th Place,9.666666666666666,0.16666666666666666,0.238095238095238,2380952.3809523806,0.40476190476190466
29,10,12,Nev Schulman,Jenna Johnson,2,2nd Place,10.0,0.1724137931034483,0.1904761904761904,1904761.9047619049,0.3628899835796387
29,10,9,Kaitlyn Bristowe,Artem Chigvintsev,1,1st Place,10.0,0.1724137931034483,0.1428571428571428,1428571.4285714284,0.3152709359605911
29,10,13,Skai Jackson,Alan Bersten,5,Eliminated Week 10,9.5,0.16379310344827586,0.0952380952380952,952380.9523809524,0.25903119868637103
29,10,7,Johnny Weir,Britt Stewart,6,Eliminated Week 10,9.5,0.16379310344827586,0.0476190476190476,476190.47619047615,0.21141215106732347
29,11,8,Justina Machado,Sasha Farber,4,4th Place,10.0,0.25316455696202533,0.3,3000000.0,0.5531645569620254
29,11,12,Nev Schulman,Jenna Johnson,2,2nd Place,10.0,0.25316455696202533,0.3,3000000.0,0.5531645569620254
29,11,9,Kaitlyn Bristowe,Artem Chigvintsev,1,1st Place,10.0,0.25316455696202533,0.3,3000000.0,0.5531645569620254
29,11,11,Nelly,Daniella Karagach,3,3rd Place,9.5,0.24050632911392406,0.1,1000000.0,0.3405063291139241
30,1,6,JoJo Siwa,Jenna Johnson,2,2nd Place,7.25,0.07923497267759563,0.125,1250000.0,0.20423497267759563
30,1,14,Suni Lee,Sasha Farber,5,Eliminated Week 9,7.0,0.07650273224043716,0.1125,1125000.0,0.18900273224043718
30,1,0,Amanda Kloots,Alan Bersten,4,4th Place,7.0,0.07650273224043716,0.1125,1125000.0,0.18900273224043718
30,1,10,Melanie C,Gleb Savchenko,11,Eliminated Week 5,6.75,0.07377049180327869,0.1,1000000.0,0.1737704918032787
30,1,11,Melora Hardin,Artem Chigvintsev,6,Eliminated Week 9,6.5,0.07103825136612021,0.0875,875000.0,0.1585382513661202
30,1,7,Kenya Moore,Brandon Armstrong,10,Eliminated Week 6,6.5,0.07103825136612021,0.0875,875000.0,0.1585382513661202
30,1,13,Olivia Jade,Valentin Chmerkovskiy,8,Eliminated Week 8,6.25,0.06830601092896176,0.0708333333333333,708333.3333333334,0.13913934426229507
30,1,2,Christine Chiu,Pasha Pashkov,14,Eliminated Week 3,6.25,0.06830601092896176,0.0708333333333333,708333.3333333334,0.13913934426229507
30,1,1,Brian Austin Green,Sharna Burgess,13,Eliminated Week 4,6.0,0.06557377049180328,0.0458333333333333,458333.3333333333,0.11140710382513658
30,1,9,Matt James,Lindsay Arnold,12,Eliminated Week 4,6.0,0.06557377049180328,0.0458333333333333,458333.3333333333,0.11140710382513658
30,1,12,"Mike ""The Miz"" Mizanin",Witney Carson,9,Eliminated Week 7,6.0,0.06557377049180328,0.0458333333333333,458333.3333333333,0.11140710382513658
30,1,3,Cody Rigsby,Cheryl Burke,3,3rd Place,6.0,0.06557377049180328,0.0458333333333333,458333.3333333333,0.11140710382513658
30,1,5,Jimmie Allen,Emma Slater,7,Eliminated Week 8,5.5,0.060109289617486336,0.025,250000.0,0.08510928961748634
30,1,4,Iman Shumpert,Daniella Karagach,1,1st Place,5.25,0.05737704918032787,0.0166666666666666,166666.66666666666,0.07404371584699447
30,1,8,Martin Kove,Britt Stewart,15,Eliminated Week 2,3.25,0.03551912568306011,0.0083333333333333,83333.33333333333,0.04385245901639341
30,2,9,Matt James,Lindsay Arnold,12,Eliminated Week 4,5.5,0.05714285714285714,0.125,1250000.0,0.18214285714285713
30,2,1,Brian Austin Green,Sharna Burgess,13,Eliminated Week 4,5.75,0.05974025974025974,0.1166666666666666,1166666.6666666667,0.17640692640692635
30,2,3,Cody Rigsby,Cheryl Burke,3,3rd Place,6.0,0.06233766233766234,0.1083333333333333,1083333.3333333333,0.17067099567099564
30,2,2,Christine Chiu,Pasha Pashkov,14,Eliminated Week 3,6.0,0.06233766233766234,0.1,1000000.0,0.16233766233766234
30,2,7,Kenya Moore,Brandon Armstrong,10,Eliminated Week 6,6.0,0.06233766233766234,0.0916666666666666,916666.6666666666,0.15400432900432895
30,2,4,Iman Shumpert,Daniella Karagach,1,1st Place,6.25,0.06493506493506493,0.0833333333333333,833333.3333333333,0.14826839826839822
30,2,12,"Mike ""The Miz"" Mizanin",Witney Carson,9,Eliminated Week 7,6.5,0.06753246753246753,0.075,750000.0,0.1425324675324675
30,2,11,Melora Hardin,Artem Chigvintsev,6,Eliminated Week 9,6.75,0.07012987012987013,0.0666666666666666,666666.6666666666,0.13679653679653672
30,2,5,Jimmie Allen,Emma Slater,7,Eliminated Week 8,6.75,0.07012987012987013,0.0583333333333333,583333.3333333334,0.12846320346320342
30,2,13,Olivia Jade,Valentin Chmerkovskiy,8,Eliminated Week 8,6.75,0.07012987012987013,0.05,500000.0,0.12012987012987013
30,2,14,Suni Lee,Sasha Farber,5,Eliminated Week 9,7.0,0.07272727272727272,0.0416666666666666,416666.6666666666,0.11439393939393933
30,2,10,Melanie C,Gleb Savchenko,11,Eliminated Week 5,7.5,0.07792207792207792,0.0333333333333333,333333.3333333333,0.11125541125541122
30,2,6,JoJo Siwa,Jenna Johnson,2,2nd Place,7.75,0.08051948051948052,0.025,250000.0,0.10551948051948051
30,2,0,Amanda Kloots,Alan Bersten,4,4th Place,8.0,0.08311688311688312,0.0166666666666666,166666.66666666666,0.09978354978354972
30,2,8,Martin Kove,Britt Stewart,15,Eliminated Week 2,3.75,0.03896103896103896,0.0083333333333333,83333.33333333333,0.047294372294372264
30,3,3,Cody Rigsby,Cheryl Burke,3,3rd Place,6.0,0.06040268456375839,0.1333333333333333,1333333.3333333333,0.1937360178970917
30,3,1,Brian Austin Green,Sharna Burgess,13,Eliminated Week 4,6.333333333333333,0.06375838926174497,0.1238095238095238,1238095.238095238,0.18756791307126877
30,3,4,Iman Shumpert,Daniella Karagach,1,1st Place,6.333333333333333,0.06375838926174497,0.1142857142857142,1142857.1428571427,0.17804410354745917
30,3,9,Matt James,Lindsay Arnold,12,Eliminated Week 4,6.666666666666667,0.06711409395973154,0.1047619047619047,1047619.0476190476,0.17187599872163623
30,3,5,Jimmie Allen,Emma Slater,7,Eliminated Week 8,6.666666666666667,0.06711409395973154,0.0952380952380952,952380.9523809524,0.16235218919782674
30,3,14,Suni Lee,Sasha Farber,5,Eliminated Week 9,7.0,0.07046979865771813,0.0857142857142857,857142.8571428572,0.15618408437200382
30,3,7,Kenya Moore,Brandon Armstrong,10,Eliminated Week 6,7.0,0.07046979865771813,0.0761904761904762,761904.761904762,0.14666027484819433
30,3,12,"Mike ""The Miz"" Mizanin",Witney Carson,9,Eliminated Week 7,7.333333333333333,0.0738255033557047,0.0666666666666666,666666.6666666666,0.1404921700223713
30,3,10,Melanie C,Gleb Savchenko,11,Eliminated Week 5,7.333333333333333,0.0738255033557047,0.0571428571428571,571428.5714285714,0.1309683604985618
30,3,11,Melora Hardin,Artem Chigvintsev,6,Eliminated Week 9,7.666666666666667,0.07718120805369129,0.0476190476190476,476190.47619047615,0.12480025567273889
30,3,13,Olivia Jade,Valentin Chmerkovskiy,8,Eliminated Week 8,8.0,0.08053691275167786,0.0380952380952381,380952.380952381,0.11863215084691596
30,3,6,JoJo Siwa,Jenna Johnson,2,2nd Place,8.0,0.08053691275167786,0.0285714285714285,285714.2857142857,0.10910834132310636
30,3,0,Amanda Kloots,Alan Bersten,4,4th Place,8.0,0.08053691275167786,0.019047619047619,190476.1904761905,0.09958453179929685
30,3,2,Christine Chiu,Pasha Pashkov,14,Eliminated Week 3,7.0,0.07046979865771813,0.0095238095238095,95238.09523809524,0.07999360818152763
30,4,3,Cody Rigsby,Cheryl Burke,3,3rd Place,7.25,0.06954436450839328,0.1428571428571428,1428571.4285714284,0.2124015073655361
30,4,7,Kenya Moore,Brandon Armstrong,10,Eliminated Week 6,7.375,0.07074340527577938,0.1318681318681318,1318681.3186813188,0.20261153714391117
30,4,4,Iman Shumpert,Daniella Karagach,1,1st Place,7.875,0.07553956834532374,0.1208791208791208,1208791.2087912087,0.19641868922444455
30,4,12,"Mike ""The Miz"" Mizanin",Witney Carson,9,Eliminated Week 7,8.125,0.07793764988009592,0.1098901098901098,1098901.0989010988,0.18782775977020572
30,4,5,Jimmie Allen,Emma Slater,7,Eliminated Week 8,8.125,0.07793764988009592,0.0989010989010989,989010.989010989,0.17683874878119482
30,4,10,Melanie C,Gleb Savchenko,11,Eliminated Week 5,8.25,0.07913669064748201,0.0879120879120879,879120.8791208792,0.1670487785595699
30,4,14,Suni Lee,Sasha Farber,5,Eliminated Week 9,8.5,0.0815347721822542,0.0769230769230769,769230.7692307692,0.15845784910533112
30,4,0,Amanda Kloots,Alan Bersten,4,4th Place,8.5,0.0815347721822542,0.0659340659340659,659340.6593406594,0.1474688381163201
30,4,13,Olivia Jade,Valentin Chmerkovskiy,8,Eliminated Week 8,8.75,0.08393285371702638,0.0549450549450549,549450.5494505494,0.13887790866208127
30,4,6,JoJo Siwa,Jenna Johnson,2,2nd Place,8.75,0.08393285371702638,0.0439560439560439,439560.4395604396,0.12788889767307027
30,4,11,Melora Hardin,Artem Chigvintsev,6,Eliminated Week 9,9.125,0.08752997601918465,0.0329670329670329,329670.3296703297,0.12049700898621754
30,4,9,Matt James,Lindsay Arnold,12,Eliminated Week 4,7.125,0.0683453237410072,0.0219780219780219,219780.2197802198,0.0903233457190291
30,4,1,Brian Austin Green,Sharna Burgess,13,Eliminated Week 4,6.5,0.06235011990407674,0.0109890109890109,109890.1098901099,0.07333913089308763
30,5,4,Iman Shumpert,Daniella Karagach,1,1st Place,7.0,0.07272727272727272,0.1666666666666666,1666666.6666666665,0.23939393939393933
30,5,12,"Mike ""The Miz"" Mizanin",Witney Carson,9,Eliminated Week 7,8.0,0.08311688311688312,0.1515151515151515,1515151.5151515151,0.2346320346320346
30,5,3,Cody Rigsby,Cheryl Burke,3,3rd Place,8.0,0.08311688311688312,0.1363636363636363,1363636.3636363635,0.21948051948051941
30,5,5,Jimmie Allen,Emma Slater,7,Eliminated Week 8,8.5,0.08831168831168831,0.1212121212121212,1212121.2121212122,0.2095238095238095
30,5,11,Melora Hardin,Artem Chigvintsev,6,Eliminated Week 9,9.0,0.09350649350649351,0.106060606060606,1060606.0606060603,0.1995670995670995
30,5,14,Suni Lee,Sasha Farber,5,Eliminated Week 9,9.0,0.09350649350649351,0.0909090909090909,909090.9090909092,0.18441558441558442
30,5,13,Olivia Jade,Valentin Chmerkovskiy,8,Eliminated Week 8,9.0,0.09350649350649351,0.0757575757575757,757575.7575757576,0.16926406926406923
30,5,7,Kenya Moore,Brandon Armstrong,10,Eliminated Week 6,9.0,0.09350649350649351,0.0606060606060606,606060.6060606061,0.15411255411255412
30,5,0,Amanda Kloots,Alan Bersten,4,4th Place,9.75,0.1012987012987013,0.0454545454545454,454545.4545454545,0.1467532467532467
30,5,6,JoJo Siwa,Jenna Johnson,2,2nd Place,10.0,0.1038961038961039,0.0303030303030303,303030.30303030304,0.1341991341991342
30,5,10,Melanie C,Gleb Savchenko,11,Eliminated Week 5,9.0,0.09350649350649351,0.0151515151515151,151515.15151515152,0.1086580086580086
30,6,11,Melora Hardin,Artem Chigvintsev,6,Eliminated Week 9,8.5,0.09340659340659341,0.1818181818181818,1818181.818181818,0.2752247752247752
30,6,12,"Mike ""The Miz"" Mizanin",Witney Carson,9,Eliminated Week 7,8.5,0.09340659340659341,0.1636363636363636,1636363.6363636365,0.257042957042957
30,6,14,Suni Lee,Sasha Farber,5,Eliminated Week 9,9.0,0.0989010989010989,0.1454545454545454,1454545.4545454546,0.24435564435564427
30,6,3,Cody Rigsby,Cheryl Burke,3,3rd Place,9.0,0.0989010989010989,0.1272727272727272,1272727.2727272727,0.2261738261738261
30,6,13,Olivia Jade,Valentin Chmerkovskiy,8,Eliminated Week 8,9.0,0.0989010989010989,0.109090909090909,1090909.0909090908,0.2079920079920079
30,6,5,Jimmie Allen,Emma Slater,7,Eliminated Week 8,9.5,0.1043956043956044,0.0909090909090909,909090.9090909092,0.1953046953046953
30,6,0,Amanda Kloots,Alan Bersten,4,4th Place,9.5,0.1043956043956044,0.0727272727272727,727272.7272727273,0.1771228771228771
30,6,4,Iman Shumpert,Daniella Karagach,1,1st Place,10.0,0.10989010989010989,0.0545454545454545,545454.5454545454,0.1644355644355644
30,6,6,JoJo Siwa,Jenna Johnson,2,2nd Place,10.0,0.10989010989010989,0.0363636363636363,363636.3636363637,0.14625374625374618
30,6,7,Kenya Moore,Brandon Armstrong,10,Eliminated Week 6,8.0,0.08791208791208792,0.0181818181818181,181818.18181818185,0.10609390609390602
30,7,14,Suni Lee,Sasha Farber,5,Eliminated Week 9,8.5,0.10397553516819572,0.2,2000000.0,0.30397553516819575
30,7,4,Iman Shumpert,Daniella Karagach,1,1st Place,8.5,0.10397553516819572,0.1777777777777777,1777777.7777777778,0.2817533129459734
30,7,0,Amanda Kloots,Alan Bersten,4,4th Place,8.5,0.10397553516819572,0.1555555555555555,1555555.5555555555,0.25953109072375125
30,7,3,Cody Rigsby,Cheryl Burke,3,3rd Place,9.0,0.11009174311926606,0.1333333333333333,1333333.3333333333,0.24342507645259936
30,7,11,Melora Hardin,Artem Chigvintsev,6,Eliminated Week 9,9.5,0.1162079510703364,0.1111111111111111,1111111.111111111,0.22731906218144748
30,7,5,Jimmie Allen,Emma Slater,7,Eliminated Week 8,9.5,0.1162079510703364,0.0888888888888888,888888.8888888889,0.20509683995922517
30,7,6,JoJo Siwa,Jenna Johnson,2,2nd Place,9.75,0.11926605504587157,0.0666666666666666,666666.6666666666,0.18593272171253816
30,7,13,Olivia Jade,Valentin Chmerkovskiy,8,Eliminated Week 8,10.5,0.12844036697247707,0.0444444444444444,444444.4444444445,0.17288481141692147
30,7,12,"Mike ""The Miz"" Mizanin",Witney Carson,9,Eliminated Week 7,8.0,0.09785932721712538,0.0222222222222222,222222.22222222225,0.12008154943934758
30,8,4,Iman Shumpert,Daniella Karagach,1,1st Place,8.75,0.11363636363636363,0.2222222222222222,2222222.222222222,0.33585858585858586
30,8,3,Cody Rigsby,Cheryl Burke,3,3rd Place,9.5,0.12337662337662338,0.1944444444444444,1944444.4444444445,0.3178210678210678
30,8,6,JoJo Siwa,Jenna Johnson,2,2nd Place,10.25,0.1331168831168831,0.1666666666666666,1666666.6666666665,0.2997835497835497
30,8,11,Melora Hardin,Artem Chigvintsev,6,Eliminated Week 9,10.5,0.13636363636363635,0.1388888888888889,1388888.888888889,0.27525252525252525
30,8,14,Suni Lee,Sasha Farber,5,Eliminated Week 9,10.5,0.13636363636363635,0.1111111111111111,1111111.111111111,0.24747474747474746
30,8,0,Amanda Kloots,Alan Bersten,4,4th Place,10.5,0.13636363636363635,0.0833333333333333,833333.3333333333,0.21969696969696967
30,8,13,Olivia Jade,Valentin Chmerkovskiy,8,Eliminated Week 8,9.0,0.11688311688311688,0.0555555555555555,555555.5555555555,0.1724386724386724
30,8,5,Jimmie Allen,Emma Slater,7,Eliminated Week 8,8.0,0.1038961038961039,0.0277777777777777,277777.7777777777,0.1316738816738816
30,9,3,Cody Rigsby,Cheryl Burke,3,3rd Place,8.875,0.1570796460176991,0.2857142857142857,2857142.857142857,0.4427939317319848
30,9,4,Iman Shumpert,Daniella Karagach,1,1st Place,9.375,0.16592920353982302,0.238095238095238,2380952.3809523806,0.404024441635061
30,9,0,Amanda Kloots,Alan Bersten,4,4th Place,9.875,0.1747787610619469,0.1904761904761904,1904761.9047619049,0.3652549515381373
30,9,6,JoJo Siwa,Jenna Johnson,2,2nd Place,10.0,0.17699115044247787,0.1428571428571428,1428571.4285714284,0.31984829329962067
30,9,14,Suni Lee,Sasha Farber,5,Eliminated Week 9,9.375,0.16592920353982302,0.0952380952380952,952380.9523809524,0.2611672987779182
30,9,11,Melora Hardin,Artem Chigvintsev,6,Eliminated Week 9,9.0,0.1592920353982301,0.0476190476190476,476190.47619047615,0.20691108301727767
30,10,4,Iman Shumpert,Daniella Karagach,1,1st Place,10.0,0.25477707006369427,0.35,3500000.0,0.6047770700636943
30,10,6,JoJo Siwa,Jenna Johnson,2,2nd Place,10.0,0.25477707006369427,0.35,3500000.0,0.6047770700636943
30,10,0,Amanda Kloots,Alan Bersten,4,4th Place,9.75,0.2484076433121019,0.2,2000000.0,0.4484076433121019
30,10,3,Cody Rigsby,Cheryl Burke,3,3rd Place,9.5,0.24203821656050956,0.1,1000000.0,0.3420382165605096
31,1,9,Sam Champion,Cheryl Burke,13,Eliminated Week 4,5.0,0.05235602094240838,0.1102941176470588,1102941.1764705882,0.1626501385894672
31,1,14,Vinny Guadagnino,Koko Iwasaki,7,Eliminated Week 8,4.25,0.04450261780104712,0.1176470588235294,1176470.5882352942,0.16214967662457652
31,1,6,Jessie James Decker,Alan Bersten,10,Eliminated Week 6,5.0,0.05235602094240838,0.1029411764705882,1029411.7647058824,0.15529719741299658
31,1,12,Teresa Giudice,Pasha Pashkov,15,Eliminated Week 2,5.0,0.05235602094240838,0.0955882352941176,955882.3529411764,0.14794425623652596
31,1,1,Cheryl Ladd,Louis van Amstel,14,Eliminated Week 3,5.25,0.0549738219895288,0.088235294117647,882352.9411764706,0.1432091161071758
31,1,13,Trevor Donovan,Emma Slater,6,Eliminated Week 9,5.25,0.0549738219895288,0.0808823529411764,808823.5294117647,0.1358561749307052
31,1,8,Joseph Baena,Daniella Karagach,11,Eliminated Week 5,5.75,0.060209424083769635,0.0735294117647058,735294.1176470588,0.13373883584847543
31,1,4,Heidi D'Amelio,Artem Chigvintsev,8,Eliminated Week 8,6.0,0.06282722513089005,0.0661764705882353,661764.7058823529,0.12900369571912534
31,1,7,Jordin Sparks,Brandon Armstrong,9,Eliminated Week 7,6.5,0.06806282722513089,0.0588235294117647,588235.2941176471,0.1268863566368956
31,1,2,Daniel Durant,Britt Stewart,5,Eliminated Week 9,6.75,0.07068062827225131,0.0514705882352941,514705.8823529412,0.12215121650754542
31,1,10,Selma Blair,Sasha Farber,12,Withdrew,7.0,0.07329842931937172,0.0441176470588235,441176.4705882353,0.11741607637819522
31,1,11,Shangela,Gleb Savchenko,4,4th Place,7.0,0.07329842931937172,0.0367647058823529,367647.0588235294,0.11006313520172462
31,1,3,Gabby Windey,Valentin Chmerkovskiy,2,2nd Place,7.0,0.07329842931937172,0.0294117647058823,294117.64705882355,0.10271019402525403
31,1,0,Charli D'Amelio,Mark Ballas,1,1st Place,8.0,0.08376963350785341,0.0147058823529411,147058.82352941178,0.0984755158607945
31,1,15,Wayne Brady,Witney Carson,3,3rd Place,7.25,0.07591623036649214,0.0220588235294117,220588.23529411765,0.09797505389590384
31,1,5,Jason Lewis,Peta Murgatroyd,16,Eliminated Week 1,4.5,0.04712041884816754,0.0073529411764705,73529.41176470589,0.05447336002463804
31,2,1,Cheryl Ladd,Louis van Amstel,14,Eliminated Week 3,5.25,0.050970873786407765,0.125,1250000.0,0.17597087378640777
31,2,8,Joseph Baena,Daniella Karagach,11,Eliminated Week 5,6.0,0.05825242718446602,0.1166666666666666,1166666.6666666667,0.17491909385113263
31,2,6,Jessie James Decker,Alan Bersten,10,Eliminated Week 6,6.25,0.06067961165048544,0.1083333333333333,1083333.3333333333,0.16901294498381875
31,2,9,Sam Champion,Cheryl Burke,13,Eliminated Week 4,6.5,0.06310679611650485,0.1,1000000.0,0.16310679611650486
31,2,7,Jordin Sparks,Brandon Armstrong,9,Eliminated Week 7,6.75,0.06553398058252427,0.0916666666666666,916666.6666666666,0.15720064724919086
31,2,14,Vinny Guadagnino,Koko Iwasaki,7,Eliminated Week 8,6.75,0.06553398058252427,0.0833333333333333,833333.3333333333,0.14886731391585756
31,2,10,Selma Blair,Sasha Farber,12,Withdrew,7.0,0.06796116504854369,0.075,750000.0,0.14296116504854367
31,2,4,Heidi D'Amelio,Artem Chigvintsev,8,Eliminated Week 8,7.0,0.06796116504854369,0.0666666666666666,666666.6666666666,0.13462783171521028
31,2,11,Shangela,Gleb Savchenko,4,4th Place,7.0,0.06796116504854369,0.0583333333333333,583333.3333333334,0.12629449838187698
31,2,2,Daniel Durant,Britt Stewart,5,Eliminated Week 9,7.25,0.0703883495145631,0.05,500000.0,0.1203883495145631
31,2,13,Trevor Donovan,Emma Slater,6,Eliminated Week 9,7.5,0.07281553398058252,0.0416666666666666,416666.6666666666,0.11448220064724912
31,2,15,Wayne Brady,Witney Carson,3,3rd Place,8.0,0.07766990291262135,0.0333333333333333,333333.3333333333,0.11100323624595465
31,2,0,Charli D'Amelio,Mark Ballas,1,1st Place,8.0,0.07766990291262135,0.025,250000.0,0.10266990291262135
31,2,3,Gabby Windey,Valentin Chmerkovskiy,2,2nd Place,8.0,0.07766990291262135,0.0166666666666666,166666.66666666666,0.09433656957928796
31,2,12,Teresa Giudice,Pasha Pashkov,15,Eliminated Week 2,5.75,0.055825242718446605,0.0083333333333333,83333.33333333333,0.06415857605177991
31,3,14,Vinny Guadagnino,Koko Iwasaki,7,Eliminated Week 8,5.75,0.05707196029776675,0.1333333333333333,1333333.3333333333,0.19040529363110004
31,3,9,Sam Champion,Cheryl Burke,13,Eliminated Week 4,6.25,0.062034739454094295,0.1238095238095238,1238095.238095238,0.18584426326361808
31,3,6,Jessie James Decker,Alan Bersten,10,Eliminated Week 6,6.5,0.06451612903225806,0.1142857142857142,1142857.1428571427,0.17880184331797228
31,3,13,Trevor Donovan,Emma Slater,6,Eliminated Week 9,6.75,0.06699751861042183,0.1047619047619047,1047619.0476190476,0.17175942337232653
31,3,10,Selma Blair,Sasha Farber,12,Withdrew,7.0,0.06947890818858561,0.0952380952380952,952380.9523809524,0.16471700342668083
31,3,8,Joseph Baena,Daniella Karagach,11,Eliminated Week 5,7.25,0.07196029776674938,0.0857142857142857,857142.8571428572,0.15767458348103508
31,3,7,Jordin Sparks,Brandon Armstrong,9,Eliminated Week 7,7.25,0.07196029776674938,0.0761904761904762,761904.761904762,0.1481507739572256
31,3,11,Shangela,Gleb Savchenko,4,4th Place,7.5,0.07444168734491315,0.0666666666666666,666666.6666666666,0.14110835401157973
31,3,2,Daniel Durant,Britt Stewart,5,Eliminated Week 9,7.75,0.07692307692307693,0.0571428571428571,571428.5714285714,0.13406593406593403
31,3,4,Heidi D'Amelio,Artem Chigvintsev,8,Eliminated Week 8,8.0,0.0794044665012407,0.0476190476190476,476190.47619047615,0.12702351412028828
31,3,15,Wayne Brady,Witney Carson,3,3rd Place,8.25,0.08188585607940446,0.0380952380952381,380952.380952381,0.11998109417464256
31,3,0,Charli D'Amelio,Mark Ballas,1,1st Place,8.25,0.08188585607940446,0.0285714285714285,285714.2857142857,0.11045728465083296
31,3,3,Gabby Windey,Valentin Chmerkovskiy,2,2nd Place,8.25,0.08188585607940446,0.019047619047619,190476.1904761905,0.10093347512702347
31,3,1,Cheryl Ladd,Louis van Amstel,14,Eliminated Week 3,6.0,0.05955334987593052,0.0095238095238095,95238.09523809524,0.06907715939974002
31,4,8,Joseph Baena,Daniella Karagach,11,Eliminated Week 5,7.0,0.06829268292682927,0.1428571428571428,1428571.4285714284,0.21114982578397207
31,4,13,Trevor Donovan,Emma Slater,6,Eliminated Week 9,7.0,0.06829268292682927,0.1318681318681318,1318681.3186813188,0.20016081479496106
31,4,2,Daniel Durant,Britt Stewart,5,Eliminated Week 9,7.25,0.07073170731707316,0.1208791208791208,1208791.2087912087,0.19161082819619396
31,4,14,Vinny Guadagnino,Koko Iwasaki,7,Eliminated Week 8,7.25,0.07073170731707316,0.1098901098901098,1098901.0989010988,0.18062181720718296
31,4,6,Jessie James Decker,Alan Bersten,10,Eliminated Week 6,7.75,0.07560975609756097,0.0989010989010989,989010.989010989,0.17451085499865987
31,4,10,Selma Blair,Sasha Farber,12,Withdrew,8.0,0.07804878048780488,0.0879120879120879,879120.8791208792,0.16596086839989277
31,4,11,Shangela,Gleb Savchenko,4,4th Place,8.0,0.07804878048780488,0.0769230769230769,769230.7692307692,0.15497185741088176
31,4,7,Jordin Sparks,Brandon Armstrong,9,Eliminated Week 7,8.5,0.08292682926829269,0.0659340659340659,659340.6593406594,0.14886089520235857
31,4,4,Heidi D'Amelio,Artem Chigvintsev,8,Eliminated Week 8,8.5,0.08292682926829269,0.0549450549450549,549450.5494505494,0.1378718842133476
31,4,15,Wayne Brady,Witney Carson,3,3rd Place,9.0,0.08780487804878048,0.0439560439560439,439560.4395604396,0.13176092200482437
31,4,0,Charli D'Amelio,Mark Ballas,1,1st Place,9.0,0.08780487804878048,0.0329670329670329,329670.3296703297,0.12077191101581339
31,4,3,Gabby Windey,Valentin Chmerkovskiy,2,2nd Place,9.0,0.08780487804878048,0.0219780219780219,219780.2197802198,0.10978290002680238
31,4,9,Sam Champion,Cheryl Burke,13,Eliminated Week 4,6.25,0.06097560975609756,0.0109890109890109,109890.1098901099,0.07196462074510845
31,5,14,Vinny Guadagnino,Koko Iwasaki,7,Eliminated Week 8,7.75,0.06911928651059086,0.1538461538461538,1538461.5384615385,0.22296544035674465
31,5,2,Daniel Durant,Britt Stewart,5,Eliminated Week 9,8.375,0.07469342251950947,0.141025641025641,1410256.4102564105,0.21571906354515047
31,5,7,Jordin Sparks,Brandon Armstrong,9,Eliminated Week 7,8.875,0.07915273132664437,0.1282051282051282,1282051.282051282,0.20735785953177255
31,5,13,Trevor Donovan,Emma Slater,6,Eliminated Week 9,9.0,0.0802675585284281,0.1153846153846153,1153846.153846154,0.1956521739130434
31,5,6,Jessie James Decker,Alan Bersten,10,Eliminated Week 6,9.0,0.0802675585284281,0.1025641025641025,1025641.0256410256,0.1828316610925306
31,5,11,Shangela,Gleb Savchenko,4,4th Place,9.625,0.0858416945373467,0.0897435897435897,897435.8974358975,0.1755852842809364
31,5,4,Heidi D'Amelio,Artem Chigvintsev,8,Eliminated Week 8,9.75,0.08695652173913043,0.0769230769230769,769230.7692307692,0.16387959866220733
31,5,15,Wayne Brady,Witney Carson,3,3rd Place,10.25,0.09141583054626533,0.0641025641025641,641025.641025641,0.15551839464882944
31,5,3,Gabby Windey,Valentin Chmerkovskiy,2,2nd Place,10.25,0.09141583054626533,0.0512820512820512,512820.5128205128,0.14269788182831653
31,5,0,Charli D'Amelio,Mark Ballas,1,1st Place,10.5,0.09364548494983277,0.0384615384615384,384615.3846153846,0.13210702341137118
31,5,10,Selma Blair,Sasha Farber,12,Withdrew,10.0,0.08918617614269789,0.0256410256410256,256410.2564102564,0.11482720178372349
31,5,8,Joseph Baena,Daniella Karagach,11,Eliminated Week 5,8.75,0.07803790412486064,0.0128205128205128,128205.1282051282,0.09085841694537344
31,6,14,Vinny Guadagnino,Koko Iwasaki,7,Eliminated Week 8,7.0,0.08115942028985507,0.1818181818181818,1818181.818181818,0.2629776021080369
31,6,13,Trevor Donovan,Emma Slater,6,Eliminated Week 9,8.5,0.09855072463768116,0.1636363636363636,1636363.6363636365,0.2621870882740448
31,6,2,Daniel Durant,Britt Stewart,5,Eliminated Week 9,8.5,0.09855072463768116,0.1454545454545454,1454545.4545454546,0.24400527009222656
31,6,15,Wayne Brady,Witney Carson,3,3rd Place,8.5,0.09855072463768116,0.1272727272727272,1272727.2727272727,0.22582345191040837
31,6,7,Jordin Sparks,Brandon Armstrong,9,Eliminated Week 7,8.5,0.09855072463768116,0.109090909090909,1090909.0909090908,0.20764163372859018
31,6,4,Heidi D'Amelio,Artem Chigvintsev,8,Eliminated Week 8,9.0,0.10434782608695652,0.0909090909090909,909090.9090909092,0.1952569169960474
31,6,11,Shangela,Gleb Savchenko,4,4th Place,9.0,0.10434782608695652,0.0727272727272727,727272.7272727273,0.17707509881422923
31,6,3,Gabby Windey,Valentin Chmerkovskiy,2,2nd Place,9.25,0.1072463768115942,0.0545454545454545,545454.5454545454,0.1617918313570487
31,6,0,Charli D'Amelio,Mark Ballas,1,1st Place,10.0,0.11594202898550725,0.0363636363636363,363636.3636363637,0.15230566534914355
31,6,6,Jessie James Decker,Alan Bersten,10,Eliminated Week 6,8.0,0.0927536231884058,0.0181818181818181,181818.18181818185,0.1109354413702239
31,7,14,Vinny Guadagnino,Koko Iwasaki,7,Eliminated Week 8,7.875,0.0967741935483871,0.2,2000000.0,0.2967741935483871
31,7,4,Heidi D'Amelio,Artem Chigvintsev,8,Eliminated Week 8,8.75,0.10752688172043011,0.1777777777777777,1777777.7777777778,0.2853046594982078
31,7,3,Gabby Windey,Valentin Chmerkovskiy,2,2nd Place,8.875,0.10906298003072197,0.1555555555555555,1555555.5555555555,0.26461853558627746
31,7,2,Daniel Durant,Britt Stewart,5,Eliminated Week 9,9.125,0.11213517665130568,0.1333333333333333,1333333.3333333333,0.24546850998463898
31,7,11,Shangela,Gleb Savchenko,4,4th Place,9.125,0.11213517665130568,0.1111111111111111,1111111.111111111,0.22324628776241678
31,7,15,Wayne Brady,Witney Carson,3,3rd Place,9.5,0.11674347158218126,0.0888888888888888,888888.8888888889,0.20563236047107006
31,7,13,Trevor Donovan,Emma Slater,6,Eliminated Week 9,9.75,0.11981566820276497,0.0666666666666666,666666.6666666666,0.18648233486943155
31,7,0,Charli D'Amelio,Mark Ballas,1,1st Place,9.75,0.11981566820276497,0.0444444444444444,444444.4444444445,0.16426011264720936
31,7,7,Jordin Sparks,Brandon Armstrong,9,Eliminated Week 7,8.625,0.10599078341013825,0.0222222222222222,222222.22222222225,0.12821300563236043
31,8,13,Trevor Donovan,Emma Slater,6,Eliminated Week 9,9.75,0.12420382165605096,0.2222222222222222,2222222.222222222,0.34642604387827314
31,8,2,Daniel Durant,Britt Stewart,5,Eliminated Week 9,9.75,0.12420382165605096,0.1944444444444444,1944444.4444444445,0.31864826610049535
31,8,3,Gabby Windey,Valentin Chmerkovskiy,2,2nd Place,10.0,0.12738853503184713,0.1666666666666666,1666666.6666666665,0.29405520169851374
31,8,11,Shangela,Gleb Savchenko,4,4th Place,10.5,0.1337579617834395,0.1388888888888889,1388888.888888889,0.2726468506723284
31,8,15,Wayne Brady,Witney Carson,3,3rd Place,11.25,0.14331210191082802,0.1111111111111111,1111111.111111111,0.25442321302193915
31,8,0,Charli D'Amelio,Mark Ballas,1,1st Place,11.25,0.14331210191082802,0.0833333333333333,833333.3333333333,0.2266454352441613
31,8,4,Heidi D'Amelio,Artem Chigvintsev,8,Eliminated Week 8,8.75,0.11146496815286625,0.0555555555555555,555555.5555555555,0.16702052370842174
31,8,14,Vinny Guadagnino,Koko Iwasaki,7,Eliminated Week 8,7.25,0.09235668789808917,0.0277777777777777,277777.7777777777,0.12013446567586686
31,9,15,Wayne Brady,Witney Carson,3,3rd Place,9.125,0.16590909090909092,0.2857142857142857,2857142.857142857,0.4516233766233766
31,9,11,Shangela,Gleb Savchenko,4,4th Place,9.125,0.16590909090909092,0.238095238095238,2380952.3809523806,0.4040043290043289
31,9,0,Charli D'Amelio,Mark Ballas,1,1st Place,10.0,0.18181818181818182,0.1904761904761904,1904761.9047619049,0.37229437229437223
31,9,3,Gabby Windey,Valentin Chmerkovskiy,2,2nd Place,10.0,0.18181818181818182,0.1428571428571428,1428571.4285714284,0.3246753246753246
31,9,2,Daniel Durant,Britt Stewart,5,Eliminated Week 9,8.625,0.15681818181818183,0.0952380952380952,952380.9523809524,0.25205627705627703
31,9,13,Trevor Donovan,Emma Slater,6,Eliminated Week 9,8.125,0.14772727272727273,0.0476190476190476,476190.47619047615,0.19534632034632032
31,10,0,Charli D'Amelio,Mark Ballas,1,1st Place,10.0,0.2564102564102564,0.35,3500000.0,0.6064102564102564
31,10,3,Gabby Windey,Valentin Chmerkovskiy,2,2nd Place,10.0,0.2564102564102564,0.35,3500000.0,0.6064102564102564
31,10,15,Wayne Brady,Witney Carson,3,3rd Place,9.5,0.24358974358974358,0.15,1500000.0,0.3935897435897436
31,10,11,Shangela,Gleb Savchenko,4,4th Place,9.5,0.24358974358974358,0.15,1500000.0,0.3935897435897436
32,1,12,Tyson Beckford,Jenna Johnson,12,Eliminated Week 3,4.0,0.05194805194805195,0.1333333333333333,1333333.3333333333,0.18528138528138527
32,1,5,Harry Jowsey,Rylee Arnold,6,Eliminated Week 9,4.0,0.05194805194805195,0.1238095238095238,1238095.238095238,0.17575757575757575
32,1,1,Alyson Hannigan,Sasha Farber,5,5th Place,4.333333333333333,0.05627705627705627,0.1142857142857142,1142857.1428571427,0.17056277056277047
32,1,6,Jamie Lynn Spears,Alan Bersten,13,Eliminated Week 2,5.0,0.06493506493506493,0.1047619047619047,1047619.0476190476,0.16969696969696962
32,1,10,Mauricio Umansky,Emma Slater,9,Eliminated Week 6,5.0,0.06493506493506493,0.0952380952380952,952380.9523809524,0.16017316017316013
32,1,3,Barry Williams,Peta Murgatroyd,7,Eliminated Week 8,5.333333333333333,0.06926406926406926,0.0857142857142857,857142.8571428572,0.15497835497835497
32,1,11,Mira Sorvino,Gleb Savchenko,10,Eliminated Week 5,5.666666666666667,0.0735930735930736,0.0761904761904762,761904.761904762,0.1497835497835498
32,1,13,Xochitl Gomez,Valentin Chmerkovskiy,1,1st Place,6.0,0.07792207792207792,0.0666666666666666,666666.6666666666,0.14458874458874452
32,1,0,Adrian Peterson,Britt Stewart,11,Eliminated Week 4,6.0,0.07792207792207792,0.0571428571428571,571428.5714285714,0.13506493506493503
32,1,8,Lele Pons,Brandon Armstrong,8,Eliminated Week 7,6.333333333333333,0.08225108225108224,0.0476190476190476,476190.47619047615,0.12987012987012986
32,1,7,Jason Mraz,Daniella Karagach,2,2nd Place,7.0,0.09090909090909091,0.0380952380952381,380952.380952381,0.129004329004329
32,1,2,Ariana Madix,Pasha Pashkov,3,3rd Place,7.0,0.09090909090909091,0.0285714285714285,285714.2857142857,0.11948051948051941
32,1,4,Charity Lawson,Artem Chigvintsev,4,4th Place,7.333333333333333,0.09523809523809523,0.019047619047619,190476.1904761905,0.11428571428571424
32,1,9,Matt Walsh,Koko Iwasaki,14,Eliminated Week 1,4.0,0.05194805194805195,0.0095238095238095,95238.09523809524,0.061471861471861455
32,2,3,Barry Williams,Peta Murgatroyd,7,Eliminated Week 8,5.0,0.06302521008403361,0.1318681318681318,1318681.3186813188,0.1948933419521654
32,2,10,Mauricio Umansky,Emma Slater,9,Eliminated Week 6,4.0,0.05042016806722689,0.1428571428571428,1428571.4285714284,0.19327731092436967
32,2,0,Adrian Peterson,Britt Stewart,11,Eliminated Week 4,5.0,0.06302521008403361,0.1208791208791208,1208791.2087912087,0.1839043309631544
32,2,11,Mira Sorvino,Gleb Savchenko,10,Eliminated Week 5,6.0,0.07563025210084034,0.0989010989010989,989010.989010989,0.17453135100193923
32,2,5,Harry Jowsey,Rylee Arnold,6,Eliminated Week 9,5.0,0.06302521008403361,0.1098901098901098,1098901.0989010988,0.17291531997414342
32,2,12,Tyson Beckford,Jenna Johnson,12,Eliminated Week 3,6.0,0.07563025210084034,0.0879120879120879,879120.8791208792,0.16354234001292825
32,2,1,Alyson Hannigan,Sasha Farber,5,5th Place,6.333333333333333,0.07983193277310925,0.0769230769230769,769230.7692307692,0.15675500969618616
32,2,2,Ariana Madix,Pasha Pashkov,3,3rd Place,6.666666666666667,0.08403361344537816,0.0659340659340659,659340.6593406594,0.14996767937944405
32,2,8,Lele Pons,Brandon Armstrong,8,Eliminated Week 7,7.0,0.08823529411764706,0.0549450549450549,549450.5494505494,0.14318034906270197
32,2,13,Xochitl Gomez,Valentin Chmerkovskiy,1,1st Place,8.0,0.10084033613445378,0.0329670329670329,329670.3296703297,0.1338073691014867
32,2,4,Charity Lawson,Artem Chigvintsev,4,4th Place,7.0,0.08823529411764706,0.0439560439560439,439560.4395604396,0.13219133807369096
32,2,7,Jason Mraz,Daniella Karagach,2,2nd Place,8.0,0.10084033613445378,0.0219780219780219,219780.2197802198,0.12281835811247568
32,2,6,Jamie Lynn Spears,Alan Bersten,13,Eliminated Week 2,5.333333333333333,0.06722689075630252,0.0109890109890109,109890.1098901099,0.07821590174531341
32,3,0,Adrian Peterson,Britt Stewart,11,Eliminated Week 4,5.5,0.06811145510835913,0.1538461538461538,1538461.5384615385,0.22195760895451294
32,3,10,Mauricio Umansky,Emma Slater,9,Eliminated Week 6,5.75,0.07120743034055728,0.141025641025641,1410256.4102564105,0.2122330713661983
32,3,1,Alyson Hannigan,Sasha Farber,5,5th Place,6.0,0.07430340557275542,0.1282051282051282,1282051.282051282,0.2025085337778836
32,3,5,Harry Jowsey,Rylee Arnold,6,Eliminated Week 9,6.0,0.07430340557275542,0.1153846153846153,1153846.153846154,0.1896880209573707
32,3,3,Barry Williams,Peta Murgatroyd,7,Eliminated Week 8,6.25,0.07739938080495357,0.1025641025641025,1025641.0256410256,0.17996348336905607
32,3,11,Mira Sorvino,Gleb Savchenko,10,Eliminated Week 5,6.5,0.0804953560371517,0.0897435897435897,897435.8974358975,0.1702389457807414
32,3,13,Xochitl Gomez,Valentin Chmerkovskiy,1,1st Place,8.0,0.09907120743034056,0.0641025641025641,641025.641025641,0.16317377153290466
32,3,8,Lele Pons,Brandon Armstrong,8,Eliminated Week 7,6.75,0.08359133126934984,0.0769230769230769,769230.7692307692,0.16051440819242674
32,3,4,Charity Lawson,Artem Chigvintsev,4,4th Place,8.0,0.09907120743034056,0.0512820512820512,512820.5128205128,0.15035325871239175
32,3,7,Jason Mraz,Daniella Karagach,2,2nd Place,8.5,0.10526315789473684,0.0384615384615384,384615.3846153846,0.14372469635627524
32,3,2,Ariana Madix,Pasha Pashkov,3,3rd Place,8.5,0.10526315789473684,0.0256410256410256,256410.2564102564,0.13090418353576244
32,3,12,Tyson Beckford,Jenna Johnson,12,Eliminated Week 3,5.0,0.06191950464396285,0.0128205128205128,128205.1282051282,0.07474001746447564
32,4,3,Barry Williams,Peta Murgatroyd,7,Eliminated Week 8,6.0,0.075,0.1666666666666666,1666666.6666666665,0.24166666666666659
32,4,1,Alyson Hannigan,Sasha Farber,5,5th Place,6.0,0.075,0.1515151515151515,1515151.5151515151,0.2265151515151515
32,4,10,Mauricio Umansky,Emma Slater,9,Eliminated Week 6,6.333333333333333,0.07916666666666666,0.1363636363636363,1363636.3636363635,0.21553030303030296
32,4,11,Mira Sorvino,Gleb Savchenko,10,Eliminated Week 5,7.0,0.0875,0.1212121212121212,1212121.2121212122,0.20871212121212118
32,4,5,Harry Jowsey,Rylee Arnold,6,Eliminated Week 9,7.0,0.0875,0.106060606060606,1060606.0606060603,0.193560606060606
32,4,8,Lele Pons,Brandon Armstrong,8,Eliminated Week 7,7.333333333333333,0.09166666666666666,0.0909090909090909,909090.9090909092,0.18257575757575756
32,4,7,Jason Mraz,Daniella Karagach,2,2nd Place,8.0,0.1,0.0757575757575757,757575.7575757576,0.17575757575757572
32,4,4,Charity Lawson,Artem Chigvintsev,4,4th Place,8.0,0.1,0.0606060606060606,606060.6060606061,0.1606060606060606
32,4,2,Ariana Madix,Pasha Pashkov,3,3rd Place,8.333333333333334,0.10416666666666667,0.0454545454545454,454545.4545454545,0.14962121212121207
32,4,13,Xochitl Gomez,Valentin Chmerkovskiy,1,1st Place,9.0,0.1125,0.0303030303030303,303030.30303030304,0.1428030303030303
32,4,0,Adrian Peterson,Britt Stewart,11,Eliminated Week 4,7.0,0.0875,0.0151515151515151,151515.15151515152,0.10265151515151509
32,5,5,Harry Jowsey,Rylee Arnold,6,Eliminated Week 9,6.0,0.075,0.1818181818181818,1818181.818181818,0.2568181818181818
32,5,1,Alyson Hannigan,Sasha Farber,5,5th Place,7.0,0.0875,0.1636363636363636,1636363.6363636365,0.2511363636363636
32,5,3,Barry Williams,Peta Murgatroyd,7,Eliminated Week 8,8.0,0.1,0.1454545454545454,1454545.4545454546,0.2454545454545454
32,5,8,Lele Pons,Brandon Armstrong,8,Eliminated Week 7,8.0,0.1,0.1272727272727272,1272727.2727272727,0.2272727272727272
32,5,10,Mauricio Umansky,Emma Slater,9,Eliminated Week 6,8.0,0.1,0.109090909090909,1090909.0909090908,0.209090909090909
32,5,2,Ariana Madix,Pasha Pashkov,3,3rd Place,8.0,0.1,0.0909090909090909,909090.9090909092,0.19090909090909092
32,5,7,Jason Mraz,Daniella Karagach,2,2nd Place,9.0,0.1125,0.0727272727272727,727272.7272727273,0.18522727272727268
32,5,13,Xochitl Gomez,Valentin Chmerkovskiy,1,1st Place,9.333333333333334,0.11666666666666667,0.0545454545454545,545454.5454545454,0.17121212121212118
32,5,4,Charity Lawson,Artem Chigvintsev,4,4th Place,9.333333333333334,0.11666666666666667,0.0363636363636363,363636.3636363637,0.15303030303030296
32,5,11,Mira Sorvino,Gleb Savchenko,10,Eliminated Week 5,7.333333333333333,0.09166666666666666,0.0181818181818181,181818.18181818185,0.10984848484848476
32,6,5,Harry Jowsey,Rylee Arnold,6,Eliminated Week 9,7.25,0.09006211180124224,0.2,2000000.0,0.29006211180124225
32,6,1,Alyson Hannigan,Sasha Farber,5,5th Place,7.75,0.09627329192546584,0.1777777777777777,1777777.7777777778,0.27405106970324355
32,6,3,Barry Williams,Peta Murgatroyd,7,Eliminated Week 8,8.0,0.09937888198757763,0.1555555555555555,1555555.5555555555,0.25493443754313316
32,6,8,Lele Pons,Brandon Armstrong,8,Eliminated Week 7,9.25,0.11490683229813664,0.1333333333333333,1333333.3333333333,0.24824016563146994
32,6,4,Charity Lawson,Artem Chigvintsev,4,4th Place,9.5,0.11801242236024845,0.1111111111111111,1111111.111111111,0.22912353347135955
32,6,7,Jason Mraz,Daniella Karagach,2,2nd Place,9.75,0.12111801242236025,0.0888888888888888,888888.8888888889,0.21000690131124905
32,6,2,Ariana Madix,Pasha Pashkov,3,3rd Place,10.25,0.12732919254658384,0.0666666666666666,666666.6666666666,0.19399585921325044
32,6,13,Xochitl Gomez,Valentin Chmerkovskiy,1,1st Place,10.5,0.13043478260869565,0.0444444444444444,444444.4444444445,0.17487922705314005
32,6,10,Mauricio Umansky,Emma Slater,9,Eliminated Week 6,8.25,0.10248447204968944,0.0222222222222222,222222.22222222225,0.12470669427191164
32,7,5,Harry Jowsey,Rylee Arnold,6,Eliminated Week 9,8.0,0.11347517730496454,0.2222222222222222,2222222.222222222,0.33569739952718675
32,7,3,Barry Williams,Peta Murgatroyd,7,Eliminated Week 8,8.125,0.11524822695035461,0.1944444444444444,1944444.4444444445,0.309692671394799
32,7,1,Alyson Hannigan,Sasha Farber,5,5th Place,8.75,0.12411347517730496,0.1666666666666666,1666666.6666666665,0.29078014184397155
32,7,7,Jason Mraz,Daniella Karagach,2,2nd Place,9.0,0.1276595744680851,0.1388888888888889,1388888.888888889,0.266548463356974
32,7,4,Charity Lawson,Artem Chigvintsev,4,4th Place,9.0,0.1276595744680851,0.1111111111111111,1111111.111111111,0.2387706855791962
32,7,13,Xochitl Gomez,Valentin Chmerkovskiy,1,1st Place,9.25,0.13120567375886524,0.0833333333333333,833333.3333333333,0.21453900709219853
32,7,2,Ariana Madix,Pasha Pashkov,3,3rd Place,9.25,0.13120567375886524,0.0555555555555555,555555.5555555555,0.18676122931442074
32,7,8,Lele Pons,Brandon Armstrong,8,Eliminated Week 7,9.125,0.12943262411347517,0.0277777777777777,277777.7777777777,0.15721040189125288
32,8,5,Harry Jowsey,Rylee Arnold,6,Eliminated Week 9,7.0,0.11067193675889328,0.25,2500000.0,0.3606719367588933
32,8,7,Jason Mraz,Daniella Karagach,2,2nd Place,8.25,0.13043478260869565,0.2142857142857142,2142857.1428571427,0.34472049689440987
32,8,1,Alyson Hannigan,Sasha Farber,5,5th Place,9.0,0.1422924901185771,0.1785714285714285,1785714.2857142857,0.3208639186900056
32,8,4,Charity Lawson,Artem Chigvintsev,4,4th Place,9.75,0.1541501976284585,0.1428571428571428,1428571.4285714284,0.2970073404856013
32,8,13,Xochitl Gomez,Valentin Chmerkovskiy,1,1st Place,10.0,0.15810276679841898,0.1071428571428571,1071428.5714285714,0.26524562394127604
32,8,2,Ariana Madix,Pasha Pashkov,3,3rd Place,10.5,0.16600790513833993,0.0714285714285714,714285.7142857142,0.23743647656691133
32,8,3,Barry Williams,Peta Murgatroyd,7,Eliminated Week 8,8.75,0.1383399209486166,0.0357142857142857,357142.8571428571,0.1740542066629023
32,9,1,Alyson Hannigan,Sasha Farber,5,5th Place,8.0,0.14479638009049775,0.2857142857142857,2857142.857142857,0.4305106658047835
32,9,2,Ariana Madix,Pasha Pashkov,3,3rd Place,9.25,0.167420814479638,0.238095238095238,2380952.3809523806,0.405516052574876
32,9,4,Charity Lawson,Artem Chigvintsev,4,4th Place,9.5,0.17194570135746606,0.1904761904761904,1904761.9047619049,0.3624218918336565
32,9,13,Xochitl Gomez,Valentin Chmerkovskiy,1,1st Place,10.25,0.18552036199095023,0.1428571428571428,1428571.4285714284,0.328377504848093
32,9,7,Jason Mraz,Daniella Karagach,2,2nd Place,10.75,0.19457013574660634,0.0952380952380952,952380.9523809524,0.28980823098470154
32,9,5,Harry Jowsey,Rylee Arnold,6,Eliminated Week 9,7.5,0.13574660633484162,0.0476190476190476,476190.47619047615,0.1833656539538892
32,10,13,Xochitl Gomez,Valentin Chmerkovskiy,1,1st Place,10.0,0.21052631578947367,0.3333333333333333,3333333.333333333,0.5438596491228069
32,10,4,Charity Lawson,Artem Chigvintsev,4,4th Place,9.833333333333334,0.20701754385964913,0.2666666666666666,2666666.6666666665,0.4736842105263157
32,10,2,Ariana Madix,Pasha Pashkov,3,3rd Place,9.666666666666666,0.20350877192982456,0.2,2000000.0,0.4035087719298246
32,10,7,Jason Mraz,Daniella Karagach,2,2nd Place,9.5,0.2,0.1333333333333333,1333333.3333333333,0.3333333333333333
32,10,1,Alyson Hannigan,Sasha Farber,5,5th Place,8.5,0.17894736842105263,0.0666666666666666,666666.6666666666,0.24561403508771923
32,11,13,Xochitl Gomez,Valentin Chmerkovskiy,1,1st Place,10.0,0.20618556701030927,0.3,3000000.0,0.5061855670103093
32,11,7,Jason Mraz,Daniella Karagach,2,2nd Place,10.0,0.20618556701030927,0.3,3000000.0,0.5061855670103093
32,11,4,Charity Lawson,Artem Chigvintsev,4,4th Place,9.833333333333334,0.2027491408934708,0.1666666666666666,1666666.6666666665,0.36941580756013737
32,11,2,Ariana Madix,Pasha Pashkov,3,3rd Place,9.833333333333334,0.2027491408934708,0.1666666666666666,1666666.6666666665,0.36941580756013737
32,11,1,Alyson Hannigan,Sasha Farber,5,5th Place,8.833333333333334,0.18213058419243988,0.0666666666666666,666666.6666666666,0.24879725085910648
33,1,2,Chandler Kinney,Brandon Armstrong,3,3rd Place,7.666666666666667,0.0931174089068826,0.1428571428571428,1428571.4285714284,0.23597455176402538
33,1,4,Dwight Howard ,Daniella Karagach,6,Eliminated Week 7,7.333333333333333,0.08906882591093118,0.1318681318681318,1318681.3186813188,0.22093695777906297
33,1,11,Stephen Nedoroscik,Rylee Arnold,4,4th Place,7.0,0.08502024291497977,0.1153846153846153,1153846.153846154,0.20040485829959506
33,1,8,Joey Graziadei,Jenna Johnson,1,1st Place,7.0,0.08502024291497977,0.1153846153846153,1153846.153846154,0.20040485829959506
33,1,3,Danny Amendola,Witney Carson,5,5th Place,6.666666666666667,0.08097165991902835,0.0989010989010989,989010.989010989,0.17987275882012727
33,1,9,Phaedra Parks,Val Chmerkovskiy,8,Eliminated Week 5,6.333333333333333,0.07692307692307693,0.0824175824175824,824175.8241758242,0.15934065934065933
33,1,7,Jenn Tran,Sasha Farber,7,Eliminated Week 6,6.333333333333333,0.07692307692307693,0.0824175824175824,824175.8241758242,0.15934065934065933
33,1,6,Ilona Maher,Alan Bersten,2,2nd Place,6.0,0.07287449392712551,0.0549450549450549,549450.5494505494,0.12781954887218042
33,1,0,Anna Delvey,Ezra Sosa,12,Eliminated Week 2,6.0,0.07287449392712551,0.0549450549450549,549450.5494505494,0.12781954887218042
33,1,1,Brooks Nader,Gleb Savchenko,9,Eliminated Week 4,6.0,0.07287449392712551,0.0549450549450549,549450.5494505494,0.12781954887218042
33,1,12,Tori Spelling,Pasha Pashkov,12,Eliminated Week 2,5.666666666666667,0.0688259109311741,0.0329670329670329,329670.3296703297,0.101792943898207
33,1,10,Reginald VelJohnson,Emma Slater,10,Eliminated Week 3,5.333333333333333,0.06477732793522267,0.0219780219780219,219780.2197802198,0.08675534991324457
33,1,5,Eric Roberts,Britt Stewart,10,Eliminated Week 3,5.0,0.06072874493927126,0.0109890109890109,109890.1098901099,0.07171775592828215
33,2,5,Eric Roberts,Britt Stewart,10,Eliminated Week 3,5.0,0.05813953488372093,0.1428571428571428,1428571.4285714284,0.20099667774086372
33,2,7,Jenn Tran,Sasha Farber,7,Eliminated Week 6,6.333333333333333,0.07364341085271317,0.1208791208791208,1208791.2087912087,0.19452253173183398
33,2,10,Reginald VelJohnson,Emma Slater,10,Eliminated Week 3,5.0,0.05813953488372093,0.1318681318681318,1318681.3186813188,0.1900076667518527
33,2,1,Brooks Nader,Gleb Savchenko,9,Eliminated Week 4,6.666666666666667,0.07751937984496124,0.1098901098901098,1098901.0989010988,0.18740948973507104
33,2,3,Danny Amendola,Witney Carson,5,5th Place,7.0,0.08139534883720931,0.0989010989010989,989010.989010989,0.18029644773830822
33,2,6,Ilona Maher,Alan Bersten,2,2nd Place,7.0,0.08139534883720931,0.0879120879120879,879120.8791208792,0.1693074367492972
33,2,9,Phaedra Parks,Val Chmerkovskiy,8,Eliminated Week 5,7.0,0.08139534883720931,0.0769230769230769,769230.7692307692,0.1583184257602862
33,2,4,Dwight Howard ,Daniella Karagach,6,Eliminated Week 7,7.333333333333333,0.08527131782945736,0.0659340659340659,659340.6593406594,0.15120538376352327
33,2,11,Stephen Nedoroscik,Rylee Arnold,4,4th Place,7.333333333333333,0.08527131782945736,0.0549450549450549,549450.5494505494,0.14021637277451227
33,2,8,Joey Graziadei,Jenna Johnson,1,1st Place,7.333333333333333,0.08527131782945736,0.0439560439560439,439560.4395604396,0.12922736178550126
33,2,2,Chandler Kinney,Brandon Armstrong,3,3rd Place,8.0,0.09302325581395349,0.0329670329670329,329670.3296703297,0.1259902887809864
33,2,12,Tori Spelling,Pasha Pashkov,12,Eliminated Week 2,6.333333333333333,0.07364341085271317,0.0219780219780219,219780.2197802198,0.09562143283073507
33,2,0,Anna Delvey,Ezra Sosa,12,Eliminated Week 2,5.666666666666667,0.06589147286821706,0.0109890109890109,109890.1098901099,0.07688048385722795
33,3,4,Dwight Howard ,Daniella Karagach,6,Eliminated Week 7,6.5,0.08176100628930817,0.1666666666666666,1666666.6666666665,0.2484276729559748
33,3,6,Ilona Maher,Alan Bersten,2,2nd Place,7.0,0.0880503144654088,0.1515151515151515,1515151.5151515151,0.23956546598056028
33,3,9,Phaedra Parks,Val Chmerkovskiy,8,Eliminated Week 5,7.0,0.0880503144654088,0.1363636363636363,1363636.3636363635,0.22441395082904508
33,3,3,Danny Amendola,Witney Carson,5,5th Place,7.5,0.09433962264150944,0.1212121212121212,1212121.2121212122,0.21555174385363063
33,3,1,Brooks Nader,Gleb Savchenko,9,Eliminated Week 4,7.625,0.0959119496855346,0.106060606060606,1060606.0606060603,0.2019725557461406
33,3,11,Stephen Nedoroscik,Rylee Arnold,4,4th Place,7.75,0.09748427672955975,0.0909090909090909,909090.9090909092,0.18839336763865067
33,3,7,Jenn Tran,Sasha Farber,7,Eliminated Week 6,7.75,0.09748427672955975,0.0757575757575757,757575.7575757576,0.17324185248713547
33,3,2,Chandler Kinney,Brandon Armstrong,3,3rd Place,8.625,0.10849056603773585,0.0606060606060606,606060.6060606061,0.16909662664379646
33,3,8,Joey Graziadei,Jenna Johnson,1,1st Place,8.75,0.11006289308176101,0.0454545454545454,454545.4545454545,0.1555174385363064
33,3,5,Eric Roberts,Britt Stewart,10,Eliminated Week 3,5.75,0.07232704402515723,0.0303030303030303,303030.30303030304,0.10263007432818753
33,3,10,Reginald VelJohnson,Emma Slater,10,Eliminated Week 3,5.25,0.0660377358490566,0.0151515151515151,151515.15151515152,0.0811892510005717
33,4,4,Dwight Howard ,Daniella Karagach,6,Eliminated Week 7,7.25,0.09863945578231292,0.2,2000000.0,0.29863945578231293
33,4,2,Chandler Kinney,Brandon Armstrong,3,3rd Place,8.0,0.10884353741496598,0.1777777777777777,1777777.7777777778,0.2866213151927437
33,4,6,Ilona Maher,Alan Bersten,2,2nd Place,8.0,0.10884353741496598,0.1555555555555555,1555555.5555555555,0.2643990929705215
33,4,9,Phaedra Parks,Val Chmerkovskiy,8,Eliminated Week 5,8.0,0.10884353741496598,0.1333333333333333,1333333.3333333333,0.2421768707482993
33,4,7,Jenn Tran,Sasha Farber,7,Eliminated Week 6,8.0,0.10884353741496598,0.1111111111111111,1111111.111111111,0.2199546485260771
33,4,11,Stephen Nedoroscik,Rylee Arnold,4,4th Place,8.25,0.11224489795918367,0.0888888888888888,888888.8888888889,0.20113378684807248
33,4,3,Danny Amendola,Witney Carson,5,5th Place,9.0,0.12244897959183673,0.0666666666666666,666666.6666666666,0.18911564625850333
33,4,8,Joey Graziadei,Jenna Johnson,1,1st Place,9.0,0.12244897959183673,0.0444444444444444,444444.4444444445,0.16689342403628113
33,4,1,Brooks Nader,Gleb Savchenko,9,Eliminated Week 4,8.0,0.10884353741496598,0.0222222222222222,222222.22222222225,0.1310657596371882
33,5,4,Dwight Howard ,Daniella Karagach,6,Eliminated Week 7,8.0,0.11881188118811882,0.2222222222222222,2222222.222222222,0.341034103410341
33,5,11,Stephen Nedoroscik,Rylee Arnold,4,4th Place,8.0,0.11881188118811882,0.1944444444444444,1944444.4444444445,0.3132563256325632
33,5,3,Danny Amendola,Witney Carson,5,5th Place,8.5,0.12623762376237624,0.1666666666666666,1666666.6666666665,0.29290429042904287
33,5,7,Jenn Tran,Sasha Farber,7,Eliminated Week 6,8.5,0.12623762376237624,0.1388888888888889,1388888.888888889,0.26512651265126513
33,5,6,Ilona Maher,Alan Bersten,2,2nd Place,8.666666666666666,0.12871287128712872,0.1111111111111111,1111111.111111111,0.23982398239823982
33,5,8,Joey Graziadei,Jenna Johnson,1,1st Place,8.666666666666666,0.12871287128712872,0.0833333333333333,833333.3333333333,0.21204620462046203
33,5,2,Chandler Kinney,Brandon Armstrong,3,3rd Place,9.0,0.13366336633663367,0.0555555555555555,555555.5555555555,0.18921892189218917
33,5,9,Phaedra Parks,Val Chmerkovskiy,8,Eliminated Week 5,8.0,0.11881188118811882,0.0277777777777777,277777.7777777777,0.1465896589658965
33,6,6,Ilona Maher,Alan Bersten,2,2nd Place,8.0,0.11650485436893203,0.25,2500000.0,0.36650485436893204
33,6,3,Danny Amendola,Witney Carson,5,5th Place,9.333333333333334,0.13592233009708737,0.2142857142857142,2142857.1428571427,0.35020804438280156
33,6,11,Stephen Nedoroscik,Rylee Arnold,4,4th Place,9.333333333333334,0.13592233009708737,0.1785714285714285,1785714.2857142857,0.31449375866851587
33,6,4,Dwight Howard ,Daniella Karagach,6,Eliminated Week 7,10.333333333333334,0.15048543689320387,0.1428571428571428,1428571.4285714284,0.29334257975034667
33,6,2,Chandler Kinney,Brandon Armstrong,3,3rd Place,10.666666666666666,0.1553398058252427,0.1071428571428571,1071428.5714285714,0.2624826629680998
33,6,8,Joey Graziadei,Jenna Johnson,1,1st Place,10.666666666666666,0.1553398058252427,0.0714285714285714,714285.7142857142,0.2267683772538141
33,6,7,Jenn Tran,Sasha Farber,7,Eliminated Week 6,10.333333333333334,0.15048543689320387,0.0357142857142857,357142.8571428571,0.18619972260748957
33,7,3,Danny Amendola,Witney Carson,5,5th Place,8.5,0.15937500000000002,0.2857142857142857,2857142.857142857,0.44508928571428574
33,7,6,Ilona Maher,Alan Bersten,2,2nd Place,8.666666666666666,0.1625,0.238095238095238,2380952.3809523806,0.400595238095238
33,7,11,Stephen Nedoroscik,Rylee Arnold,4,4th Place,9.0,0.16875,0.1904761904761904,1904761.9047619049,0.3592261904761904
33,7,8,Joey Graziadei,Jenna Johnson,1,1st Place,9.166666666666666,0.171875,0.1428571428571428,1428571.4285714284,0.3147321428571428
33,7,2,Chandler Kinney,Brandon Armstrong,3,3rd Place,10.0,0.18750000000000003,0.0952380952380952,952380.9523809524,0.28273809523809523
33,7,4,Dwight Howard ,Daniella Karagach,6,Eliminated Week 7,8.0,0.15000000000000002,0.0476190476190476,476190.47619047615,0.19761904761904764
33,8,2,Chandler Kinney,Brandon Armstrong,3,3rd Place,9.666666666666666,0.20714285714285713,0.3,3000000.0,0.5071428571428571
33,8,8,Joey Graziadei,Jenna Johnson,1,1st Place,9.666666666666666,0.20714285714285713,0.3,3000000.0,0.5071428571428571
33,8,6,Ilona Maher,Alan Bersten,2,2nd Place,9.5,0.20357142857142857,0.2,2000000.0,0.4035714285714286
33,8,3,Danny Amendola,Witney Carson,5,5th Place,9.0,0.19285714285714287,0.1333333333333333,1333333.3333333333,0.32619047619047614
33,8,11,Stephen Nedoroscik,Rylee Arnold,4,4th Place,8.833333333333334,0.1892857142857143,0.0666666666666666,666666.6666666666,0.25595238095238093
33,9,2,Chandler Kinney,Brandon Armstrong,3,3rd Place,10.0,0.20618556701030927,0.3333333333333333,3333333.333333333,0.5395189003436426
33,9,11,Stephen Nedoroscik,Rylee Arnold,4,4th Place,9.833333333333334,0.2027491408934708,0.2333333333333333,2333333.333333333,0.43608247422680413
33,9,8,Joey Graziadei,Jenna Johnson,1,1st Place,9.833333333333334,0.2027491408934708,0.2333333333333333,2333333.333333333,0.43608247422680413
33,9,6,Ilona Maher,Alan Bersten,2,2nd Place,9.5,0.1958762886597938,0.1333333333333333,1333333.3333333333,0.3292096219931271
33,9,3,Danny Amendola,Witney Carson,5,5th Place,9.333333333333334,0.19243986254295534,0.0666666666666666,666666.6666666666,0.25910652920962196
34,1,11,Robert Irwin,Witney Carson (Xoshitl Gomez week 9),1,1st Place,7.5,0.09146341463414634,0.1285714285714285,1285714.2857142857,0.22003484320557484
34,1,13,Whitney Leavitt,Mark Ballas,6,Eliminated Week 10,7.5,0.09146341463414634,0.1285714285714285,1285714.2857142857,0.22003484320557484
34,1,7,Hilaria Baldwin,Gleb Savchenko,11,Eliminated Week 4,7.0,0.08536585365853659,0.1142857142857142,1142857.1428571427,0.1996515679442508
34,1,10,Lauren Jauregui,Brandon Armstrong,12,Eliminated Week 3,6.5,0.07926829268292683,0.1,1000000.0,0.17926829268292682
34,1,0,Alix Earle,Val Chmerkovskiy (Joey Graziadei week 9),2,2nd Place,6.5,0.07926829268292683,0.1,1000000.0,0.17926829268292682
34,1,4,Danielle Fishel,Pasha Pashkov,8,Eliminated Week 8,6.0,0.07317073170731707,0.0761904761904762,761904.761904762,0.14936120789779328
34,1,6,Elaine Hendrix,Alan Bersten (Rashad Jennings week 9),5,5th Place,6.0,0.07317073170731707,0.0761904761904762,761904.761904762,0.14936120789779328
34,1,8,Jen Affleck,Jan Ravnik,9,Eliminated Week 7,6.0,0.07317073170731707,0.0761904761904762,761904.761904762,0.14936120789779328
34,1,2,Baron Davis,Britt Stewart,13,Eliminated Week 2,5.0,0.06097560975609756,0.0428571428571428,428571.4285714286,0.10383275261324036
34,1,9,Jordan Chiles,Ezra Sosa (Apolo Anton Ohno week 9),3,3rd Place,5.0,0.06097560975609756,0.0428571428571428,428571.4285714286,0.10383275261324036
34,1,12,Scott Hoying,Rylee Arnold,10,Eliminated Week 6,5.0,0.06097560975609756,0.0428571428571428,428571.4285714286,0.10383275261324036
34,1,5,Dylan Efron,Daniella Karagach (Rumer Willis week 9),4,4th Place,5.0,0.06097560975609756,0.0428571428571428,428571.4285714286,0.10383275261324036
34,1,3,Corey Feldman,Jenna Johnson,13,Eliminated Week 2,4.5,0.054878048780487805,0.0142857142857142,142857.14285714284,0.069163763066202
34,1,1,Andy Richter,Emma Slater/Kaitlyn Bristowe (week 9),7,Eliminated Week 9,4.5,0.054878048780487805,0.0142857142857142,142857.14285714284,0.069163763066202
34,2,1,Andy Richter,Emma Slater/Kaitlyn Bristowe (week 9),7,Eliminated Week 9,5.333333333333333,0.05755395683453237,0.1333333333333333,1333333.3333333333,0.19088729016786568
34,2,12,Scott Hoying,Rylee Arnold,10,Eliminated Week 6,6.0,0.06474820143884892,0.1238095238095238,1238095.238095238,0.18855772524837272
34,2,4,Danielle Fishel,Pasha Pashkov,8,Eliminated Week 8,6.333333333333333,0.06834532374100719,0.1142857142857142,1142857.1428571427,0.18263103802672137
34,2,5,Dylan Efron,Daniella Karagach (Rumer Willis week 9),4,4th Place,6.666666666666667,0.07194244604316546,0.1047619047619047,1047619.0476190476,0.17670435080507016
34,2,6,Elaine Hendrix,Alan Bersten (Rashad Jennings week 9),5,5th Place,7.0,0.07553956834532374,0.0952380952380952,952380.9523809524,0.17077766358341895
34,2,7,Hilaria Baldwin,Gleb Savchenko,11,Eliminated Week 4,7.0,0.07553956834532374,0.0857142857142857,857142.8571428572,0.16125385405960946
34,2,10,Lauren Jauregui,Brandon Armstrong,12,Eliminated Week 3,7.0,0.07553956834532374,0.0761904761904762,761904.761904762,0.15173004453579994
34,2,0,Alix Earle,Val Chmerkovskiy (Joey Graziadei week 9),2,2nd Place,7.0,0.07553956834532374,0.0666666666666666,666666.6666666666,0.14220623501199034
34,2,9,Jordan Chiles,Ezra Sosa (Apolo Anton Ohno week 9),3,3rd Place,7.333333333333333,0.07913669064748201,0.0571428571428571,571428.5714285714,0.1362795477903391
34,2,11,Robert Irwin,Witney Carson (Xoshitl Gomez week 9),1,1st Place,7.333333333333333,0.07913669064748201,0.0476190476190476,476190.47619047615,0.1267557382665296
34,2,8,Jen Affleck,Jan Ravnik,9,Eliminated Week 7,7.333333333333333,0.07913669064748201,0.0380952380952381,380952.380952381,0.1172319287427201
34,2,13,Whitney Leavitt,Mark Ballas,6,Eliminated Week 10,7.333333333333333,0.07913669064748201,0.0285714285714285,285714.2857142857,0.1077081192189105
34,2,2,Baron Davis,Britt Stewart,13,Eliminated Week 2,6.0,0.06474820143884892,0.019047619047619,190476.1904761905,0.08379582048646791
34,2,3,Corey Feldman,Jenna Johnson,13,Eliminated Week 2,5.0,0.0539568345323741,0.0095238095238095,95238.09523809524,0.0634806440561836
34,3,1,Andy Richter,Emma Slater/Kaitlyn Bristowe (week 9),7,Eliminated Week 9,6.0,0.07003891050583658,0.1538461538461538,1538461.5384615385,0.22388506435199038
34,3,8,Jen Affleck,Jan Ravnik,9,Eliminated Week 7,6.333333333333333,0.07392996108949415,0.141025641025641,1410256.4102564105,0.21495560211513515
34,3,4,Danielle Fishel,Pasha Pashkov,8,Eliminated Week 8,7.0,0.08171206225680934,0.1282051282051282,1282051.282051282,0.20991719046193752
34,3,6,Elaine Hendrix,Alan Bersten (Rashad Jennings week 9),5,5th Place,7.0,0.08171206225680934,0.1153846153846153,1153846.153846154,0.19709667764142463
34,3,11,Robert Irwin,Witney Carson (Xoshitl Gomez week 9),1,1st Place,7.333333333333333,0.08560311284046691,0.1025641025641025,1025641.0256410256,0.18816721540456943
34,3,7,Hilaria Baldwin,Gleb Savchenko,11,Eliminated Week 4,7.333333333333333,0.08560311284046691,0.0897435897435897,897435.8974358975,0.1753467025840566
34,3,12,Scott Hoying,Rylee Arnold,10,Eliminated Week 6,7.333333333333333,0.08560311284046691,0.0769230769230769,769230.7692307692,0.16252618976354383
34,3,0,Alix Earle,Val Chmerkovskiy (Joey Graziadei week 9),2,2nd Place,7.666666666666667,0.08949416342412451,0.0641025641025641,641025.641025641,0.15359672752668863
34,3,5,Dylan Efron,Daniella Karagach (Rumer Willis week 9),4,4th Place,7.666666666666667,0.08949416342412451,0.0512820512820512,512820.5128205128,0.1407762147061757
34,3,9,Jordan Chiles,Ezra Sosa (Apolo Anton Ohno week 9),3,3rd Place,8.0,0.0933852140077821,0.0384615384615384,384615.3846153846,0.1318467524693205
34,3,13,Whitney Leavitt,Mark Ballas,6,Eliminated Week 10,8.0,0.0933852140077821,0.0256410256410256,256410.2564102564,0.11902623964880771
34,3,10,Lauren Jauregui,Brandon Armstrong,12,Eliminated Week 3,6.0,0.07003891050583658,0.0128205128205128,128205.1282051282,0.08285942332634938
34,4,1,Andy Richter,Emma Slater/Kaitlyn Bristowe (week 9),7,Eliminated Week 9,6.0,0.07258064516129031,0.1666666666666666,1666666.6666666665,0.23924731182795692
34,4,4,Danielle Fishel,Pasha Pashkov,8,Eliminated Week 8,7.0,0.0846774193548387,0.1515151515151515,1515151.5151515151,0.23619257086999018
34,4,12,Scott Hoying,Rylee Arnold,10,Eliminated Week 6,7.0,0.0846774193548387,0.1363636363636363,1363636.3636363635,0.221041055718475
34,4,11,Robert Irwin,Witney Carson (Xoshitl Gomez week 9),1,1st Place,7.333333333333333,0.08870967741935483,0.1212121212121212,1212121.2121212122,0.20992179863147603
34,4,8,Jen Affleck,Jan Ravnik,9,Eliminated Week 7,7.666666666666667,0.09274193548387097,0.106060606060606,1060606.0606060603,0.19880254154447696
34,4,5,Dylan Efron,Daniella Karagach (Rumer Willis week 9),4,4th Place,7.666666666666667,0.09274193548387097,0.0909090909090909,909090.9090909092,0.18365102639296188
34,4,6,Elaine Hendrix,Alan Bersten (Rashad Jennings week 9),5,5th Place,8.0,0.0967741935483871,0.0757575757575757,757575.7575757576,0.1725317693059628
34,4,9,Jordan Chiles,Ezra Sosa (Apolo Anton Ohno week 9),3,3rd Place,8.0,0.0967741935483871,0.0606060606060606,606060.6060606061,0.1573802541544477
34,4,0,Alix Earle,Val Chmerkovskiy (Joey Graziadei week 9),2,2nd Place,8.0,0.0967741935483871,0.0454545454545454,454545.4545454545,0.14222873900293248
34,4,13,Whitney Leavitt,Mark Ballas,6,Eliminated Week 10,8.333333333333334,0.10080645161290323,0.0303030303030303,303030.30303030304,0.13110948191593352
34,4,7,Hilaria Baldwin,Gleb Savchenko,11,Eliminated Week 4,7.666666666666667,0.09274193548387097,0.0151515151515151,151515.15151515152,0.10789345063538607
34,5,5,Dylan Efron,Daniella Karagach (Rumer Willis week 9),4,4th Place,9.0,0.11501597444089456,0.1818181818181818,1818181.818181818,0.2968341562590764
34,5,11,Robert Irwin,Witney Carson (Xoshitl Gomez week 9),1,1st Place,8.75,0.11182108626198083,0.1545454545454545,1545454.5454545454,0.2663665408074353
34,5,0,Alix Earle,Val Chmerkovskiy (Joey Graziadei week 9),2,2nd Place,8.75,0.11182108626198083,0.1545454545454545,1545454.5454545454,0.2663665408074353
34,5,13,Whitney Leavitt,Mark Ballas,6,Eliminated Week 10,8.25,0.10543130990415335,0.1272727272727272,1272727.2727272727,0.23270403717688054
34,5,9,Jordan Chiles,Ezra Sosa (Apolo Anton Ohno week 9),3,3rd Place,8.0,0.10223642172523961,0.109090909090909,1090909.0909090908,0.21132733081614863
34,5,6,Elaine Hendrix,Alan Bersten (Rashad Jennings week 9),5,5th Place,7.5,0.09584664536741214,0.0818181818181818,818181.8181818182,0.17766482718559395
34,5,12,Scott Hoying,Rylee Arnold,10,Eliminated Week 6,7.5,0.09584664536741214,0.0818181818181818,818181.8181818182,0.17766482718559395
34,5,4,Danielle Fishel,Pasha Pashkov,8,Eliminated Week 8,7.25,0.0926517571884984,0.0454545454545454,454545.4545454545,0.1381063026430438
34,5,8,Jen Affleck,Jan Ravnik,9,Eliminated Week 7,7.25,0.0926517571884984,0.0454545454545454,454545.4545454545,0.1381063026430438
34,5,1,Andy Richter,Emma Slater/Kaitlyn Bristowe (week 9),7,Eliminated Week 9,6.0,0.07667731629392971,0.0181818181818181,181818.18181818185,0.09485913447574781
34,6,1,Andy Richter,Emma Slater/Kaitlyn Bristowe (week 9),7,Eliminated Week 9,6.75,0.07941176470588235,0.1818181818181818,1818181.818181818,0.26122994652406417
34,6,8,Jen Affleck,Jan Ravnik,9,Eliminated Week 7,8.0,0.09411764705882353,0.1636363636363636,1636363.6363636365,0.2577540106951871
34,6,5,Dylan Efron,Daniella Karagach (Rumer Willis week 9),4,4th Place,8.0,0.09411764705882353,0.1454545454545454,1454545.4545454546,0.23957219251336892
34,6,0,Alix Earle,Val Chmerkovskiy (Joey Graziadei week 9),2,2nd Place,8.75,0.10294117647058823,0.1272727272727272,1272727.2727272727,0.23021390374331543
34,6,4,Danielle Fishel,Pasha Pashkov,8,Eliminated Week 8,9.0,0.10588235294117647,0.109090909090909,1090909.0909090908,0.21497326203208547
34,6,6,Elaine Hendrix,Alan Bersten (Rashad Jennings week 9),5,5th Place,9.0,0.10588235294117647,0.0909090909090909,909090.9090909092,0.19679144385026737
34,6,11,Robert Irwin,Witney Carson (Xoshitl Gomez week 9),1,1st Place,9.0,0.10588235294117647,0.0727272727272727,727272.7272727273,0.17860962566844918
34,6,9,Jordan Chiles,Ezra Sosa (Apolo Anton Ohno week 9),3,3rd Place,9.75,0.11470588235294117,0.0545454545454545,545454.5454545454,0.16925133689839567
34,6,13,Whitney Leavitt,Mark Ballas,6,Eliminated Week 10,9.75,0.11470588235294117,0.0363636363636363,363636.3636363637,0.15106951871657748
34,6,12,Scott Hoying,Rylee Arnold,10,Eliminated Week 6,7.0,0.08235294117647059,0.0181818181818181,181818.18181818185,0.10053475935828869
34,7,1,Andy Richter,Emma Slater/Kaitlyn Bristowe (week 9),7,Eliminated Week 9,7.25,0.08734939759036145,0.2,2000000.0,0.2873493975903615
34,7,6,Elaine Hendrix,Alan Bersten (Rashad Jennings week 9),5,5th Place,8.0,0.0963855421686747,0.1777777777777777,1777777.7777777778,0.2741633199464524
34,7,4,Danielle Fishel,Pasha Pashkov,8,Eliminated Week 8,8.75,0.10542168674698796,0.1555555555555555,1555555.5555555555,0.2609772423025435
34,7,9,Jordan Chiles,Ezra Sosa (Apolo Anton Ohno week 9),3,3rd Place,9.5,0.1144578313253012,0.1333333333333333,1333333.3333333333,0.2477911646586345
34,7,5,Dylan Efron,Daniella Karagach (Rumer Willis week 9),4,4th Place,9.5,0.1144578313253012,0.1111111111111111,1111111.111111111,0.2255689424364123
34,7,11,Robert Irwin,Witney Carson (Xoshitl Gomez week 9),1,1st Place,10.25,0.12349397590361445,0.0888888888888888,888888.8888888889,0.21238286479250323
34,7,13,Whitney Leavitt,Mark Ballas,6,Eliminated Week 10,10.5,0.12650602409638553,0.0666666666666666,666666.6666666666,0.19317269076305213
34,7,0,Alix Earle,Val Chmerkovskiy (Joey Graziadei week 9),2,2nd Place,10.75,0.12951807228915663,0.0444444444444444,444444.4444444445,0.17396251673360102
34,7,8,Jen Affleck,Jan Ravnik,9,Eliminated Week 7,8.5,0.10240963855421686,0.0222222222222222,222222.22222222225,0.12463186077643906
34,8,1,Andy Richter,Emma Slater/Kaitlyn Bristowe (week 9),7,Eliminated Week 9,8.5,0.11276948590381426,0.2222222222222222,2222222.222222222,0.33499170812603646
34,8,6,Elaine Hendrix,Alan Bersten (Rashad Jennings week 9),5,5th Place,9.375,0.12437810945273632,0.1944444444444444,1944444.4444444445,0.3188225538971807
34,8,11,Robert Irwin,Witney Carson (Xoshitl Gomez week 9),1,1st Place,9.5,0.12603648424543948,0.1666666666666666,1666666.6666666665,0.2927031509121061
34,8,5,Dylan Efron,Daniella Karagach (Rumer Willis week 9),4,4th Place,9.5,0.12603648424543948,0.1388888888888889,1388888.888888889,0.2649253731343284
34,8,0,Alix Earle,Val Chmerkovskiy (Joey Graziadei week 9),2,2nd Place,9.625,0.12769485903814262,0.1111111111111111,1111111.111111111,0.23880597014925373
34,8,9,Jordan Chiles,Ezra Sosa (Apolo Anton Ohno week 9),3,3rd Place,9.75,0.12935323383084577,0.0833333333333333,833333.3333333333,0.21268656716417905
34,8,13,Whitney Leavitt,Mark Ballas,6,Eliminated Week 10,9.875,0.1310116086235489,0.0555555555555555,555555.5555555555,0.1865671641791044
34,8,4,Danielle Fishel,Pasha Pashkov,8,Eliminated Week 8,9.25,0.12271973466003316,0.0277777777777777,277777.7777777777,0.15049751243781087
34,9,6,Elaine Hendrix,Alan Bersten (Rashad Jennings week 9),5,5th Place,9.0,0.13333333333333333,0.25,2500000.0,0.3833333333333333
34,9,9,Jordan Chiles,Ezra Sosa (Apolo Anton Ohno week 9),3,3rd Place,9.75,0.14444444444444443,0.2142857142857142,2142857.1428571427,0.3587301587301586
34,9,0,Alix Earle,Val Chmerkovskiy (Joey Graziadei week 9),2,2nd Place,10.0,0.14814814814814814,0.1785714285714285,1785714.2857142857,0.32671957671957663
34,9,11,Robert Irwin,Witney Carson (Xoshitl Gomez week 9),1,1st Place,10.5,0.15555555555555556,0.1428571428571428,1428571.4285714284,0.29841269841269835
34,9,13,Whitney Leavitt,Mark Ballas,6,Eliminated Week 10,10.5,0.15555555555555556,0.1071428571428571,1071428.5714285714,0.26269841269841265
34,9,5,Dylan Efron,Daniella Karagach (Rumer Willis week 9),4,4th Place,10.5,0.15555555555555556,0.0714285714285714,714285.7142857142,0.22698412698412695
34,9,1,Andy Richter,Emma Slater/Kaitlyn Bristowe (week 9),7,Eliminated Week 9,7.25,0.10740740740740741,0.0357142857142857,357142.8571428571,0.1431216931216931
34,10,5,Dylan Efron,Daniella Karagach (Rumer Willis week 9),4,4th Place,9.166666666666666,0.15988372093023256,0.2857142857142857,2857142.857142857,0.44559800664451826
34,10,6,Elaine Hendrix,Alan Bersten (Rashad Jennings week 9),5,5th Place,9.5,0.16569767441860467,0.238095238095238,2380952.3809523806,0.40379291251384264
34,10,9,Jordan Chiles,Ezra Sosa (Apolo Anton Ohno week 9),3,3rd Place,9.5,0.16569767441860467,0.1904761904761904,1904761.9047619049,0.3561738648947951
34,10,0,Alix Earle,Val Chmerkovskiy (Joey Graziadei week 9),2,2nd Place,9.666666666666666,0.1686046511627907,0.1428571428571428,1428571.4285714284,0.31146179401993346
34,10,11,Robert Irwin,Witney Carson (Xoshitl Gomez week 9),1,1st Place,9.833333333333334,0.17151162790697677,0.0952380952380952,952380.9523809524,0.26674972314507195
34,10,13,Whitney Leavitt,Mark Ballas,6,Eliminated Week 10,9.666666666666666,0.1686046511627907,0.0476190476190476,476190.47619047615,0.21622369878183828
34,11,0,Alix Earle,Val Chmerkovskiy (Joey Graziadei week 9),2,2nd Place,10.0,0.2031609129238783,0.3333333333333333,3333333.333333333,0.5364942462572116
34,11,9,Jordan Chiles,Ezra Sosa (Apolo Anton Ohno week 9),3,3rd Place,9.888866666666669,0.20090311797825097,0.2333333333333333,2333333.333333333,0.4342364513115843
34,11,11,Robert Irwin,Witney Carson (Xoshitl Gomez week 9),1,1st Place,9.888866666666669,0.20090311797825097,0.2333333333333333,2333333.333333333,0.4342364513115843
34,11,5,Dylan Efron,Daniella Karagach (Rumer Willis week 9),4,4th Place,9.777733333333334,0.19864532303262358,0.1333333333333333,1333333.3333333333,0.3319786563659569
34,11,6,Elaine Hendrix,Alan Bersten (Rashad Jennings week 9),5,5th Place,9.6666,0.19638752808699622,0.0666666666666666,666666.6666666666,0.2630541947536628
